file_id,user_id,task_id,pair_index,prefix_len,prefix,next_action,split,source,transition_score
llm_synth_expanded_338,synthetic,44,13,14,"[""PROCESS_START"", ""MENTION_CREATED"", ""TOKEN_SELECTED"", ""MENTION_CREATED"", ""TOKEN_SELECTED"", ""TOKEN_SELECTED"", ""MENTION_CREATED"", ""STEP_ENTITIES"", ""MENTION_SELECTED"", ""MENTION_SELECTED"", ""MENTION_SELECTED"", ""ENTITY_GROUPED"", ""MENTION_SELECTED"", ""MENTION_SELECTED""]",ENTITY_GROUPED,train,llm_synthetic_expanded,0.9285714285714286
llm_synth_expanded_883,synthetic,22,17,18,"[""PROCESS_START"", ""MENTION_SELECTED"", ""MENTION_TYPE_UPDATED"", ""MENTION_SUGGESTION_ACCEPTED"", ""MENTION_SUGGESTION_REJECTED"", ""TOKEN_SELECTED"", ""TOKEN_SELECTED"", ""MENTION_CREATED"", ""TOKEN_SELECTED"", ""MENTION_CREATED"", ""MENTION_SUGGESTION_ACCEPTED"", ""STEP_METION"", ""TOKEN_SELECTED"", ""TOKEN_SELECTED"", ""MENTION_CREATED"", ""STEP_ENTITIES"", ""MENTION_SELECTED"", ""MENTION_SELECTED""]",ENTITY_GROUPED,train,llm_synthetic_expanded,0.9444444444444444
llm_synth_expanded_704,synthetic,41,1,2,"[""MENTION_SELECTED"", ""MENTION_SELECTED""]",ENTITY_GROUPED,train,llm_synthetic_expanded,1.0
llm_synth_expanded_1045,synthetic,11,15,16,"[""TOKEN_SELECTED"", ""MENTION_CREATED"", ""TOKEN_SELECTED"", ""MENTION_CREATED"", ""TOKEN_SELECTED"", ""TOKEN_SELECTED"", ""TOKEN_SELECTED"", ""MENTION_CREATED"", ""TOKEN_SELECTED"", ""TOKEN_SELECTED"", ""TOKEN_SELECTED"", ""MENTION_CREATED"", ""TOKEN_SELECTED"", ""MENTION_CREATED"", ""MENTION_SELECTED"", ""MENTION_SELECTED""]",ENTITY_GROUPED,train,llm_synthetic_expanded,1.0
llm_synth_expanded_340,synthetic,44,12,13,"[""PROCESS_START"", ""MENTION_CREATED"", ""TOKEN_SELECTED"", ""TOKEN_SELECTED"", ""TOKEN_SELECTED"", ""MENTION_CREATED"", ""STEP_ENTITIES"", ""MENTION_SELECTED"", ""MENTION_SELECTED"", ""MENTION_SELECTED"", ""ENTITY_GROUPED"", ""MENTION_SELECTED"", ""MENTION_SELECTED""]",ENTITY_GROUPED,train,llm_synthetic_expanded,0.9230769230769231
llm_synth_expanded_1054,synthetic,43,7,8,"[""TOKEN_SELECTED"", ""TOKEN_SELECTED"", ""TOKEN_SELECTED"", ""MENTION_CREATED"", ""STEP_ENTITIES"", ""MENTION_SELECTED"", ""MENTION_SELECTED"", ""MENTION_SELECTED""]",ENTITY_GROUPED,train,llm_synthetic_expanded,1.0
llm_synth_expanded_658,synthetic,23,12,13,"[""PROCESS_START"", ""MENTION_DELETED"", ""TOKEN_SELECTED"", ""TOKEN_SELECTED"", ""TOKEN_SELECTED"", ""TOKEN_DESELECTED"", ""TOKEN_DESELECTED"", ""TOKEN_DESELECTED"", ""TOKEN_SELECTED"", ""MENTION_CREATED"", ""STEP_ENTITIES"", ""MENTION_SELECTED"", ""MENTION_SELECTED""]",ENTITY_GROUPED,train,llm_synthetic_expanded,0.9230769230769231
llm_synth_expanded_625,synthetic,41,19,20,"[""PROCESS_START"", ""MENTION_CREATED"", ""TOKEN_SELECTED"", ""MENTION_CREATED"", ""TOKEN_SELECTED"", ""MENTION_CREATED"", ""TOKEN_SELECTED"", ""MENTION_CREATED"", ""TOKEN_SELECTED"", ""MENTION_CREATED"", ""TOKEN_SELECTED"", ""MENTION_CREATED"", ""TOKEN_SELECTED"", ""MENTION_CREATED"", ""TOKEN_SELECTED"", ""MENTION_CREATED"", ""STEP_ENTITIES"", ""MENTION_SELECTED"", ""MENTION_SELECTED"", ""MENTION_SELECTED""]",ENTITY_GROUPED,train,llm_synthetic_expanded,0.95
llm_synth_expanded_740,synthetic,23,13,14,"[""PROCESS_START"", ""MENTION_CREATED"", ""TOKEN_SELECTED"", ""TOKEN_SELECTED"", ""MENTION_CREATED"", ""TOKEN_SELECTED"", ""TOKEN_SELECTED"", ""MENTION_CREATED"", ""TOKEN_SELECTED"", ""TOKEN_SELECTED"", ""MENTION_CREATED"", ""STEP_ENTITIES"", ""MENTION_SELECTED"", ""MENTION_SELECTED""]",ENTITY_GROUPED,train,llm_synthetic_expanded,0.9285714285714286
llm_synth_expanded_483,synthetic,44,2,3,"[""PROCESS_START"", ""MENTION_SELECTED"", ""MENTION_SELECTED""]",ENTITY_GROUPED,train,llm_synthetic_expanded,0.6666666666666666
llm_synth_expanded_338,synthetic,44,10,11,"[""PROCESS_START"", ""MENTION_CREATED"", ""TOKEN_SELECTED"", ""MENTION_CREATED"", ""TOKEN_SELECTED"", ""TOKEN_SELECTED"", ""MENTION_CREATED"", ""STEP_ENTITIES"", ""MENTION_SELECTED"", ""MENTION_SELECTED"", ""MENTION_SELECTED""]",ENTITY_GROUPED,train,llm_synthetic_expanded,0.9090909090909091
llm_synth_expanded_121,synthetic,41,10,11,"[""PROCESS_START"", ""MENTION_CREATED"", ""MENTION_SELECTED"", ""MENTION_DELETED"", ""TOKEN_SELECTED"", ""TOKEN_SELECTED"", ""TOKEN_SELECTED"", ""MENTION_CREATED"", ""MENTION_SELECTED"", ""MENTION_SELECTED"", ""MENTION_SELECTED""]",ENTITY_GROUPED,train,llm_synthetic_expanded,0.9090909090909091
llm_synth_expanded_839,synthetic,23,2,3,"[""MENTION_SELECTED"", ""MENTION_SELECTED"", ""MENTION_SELECTED""]",ENTITY_GROUPED,train,llm_synthetic_expanded,1.0
llm_synth_expanded_206,synthetic,41,3,4,"[""PROCESS_START"", ""ENTITY_GROUPED"", ""MENTION_SELECTED"", ""MENTION_SELECTED""]",ENTITY_GROUPED,train,llm_synthetic_expanded,0.75
llm_synth_expanded_100,synthetic,41,17,18,"[""PROCESS_START"", ""TOKEN_SELECTED"", ""TOKEN_SELECTED"", ""MENTION_CREATED"", ""TOKEN_SELECTED"", ""MENTION_CREATED"", ""TOKEN_SELECTED"", ""MENTION_CREATED"", ""TOKEN_SELECTED"", ""TOKEN_SELECTED"", ""MENTION_CREATED"", ""TOKEN_SELECTED"", ""TOKEN_SELECTED"", ""MENTION_CREATED"", ""STEP_ENTITIES"", ""MENTION_SELECTED"", ""MENTION_SELECTED"", ""MENTION_SELECTED""]",ENTITY_GROUPED,train,llm_synthetic_expanded,0.9444444444444444
llm_synth_expanded_125,synthetic,41,13,14,"[""PROCESS_START"", ""TOKEN_SELECTED"", ""MENTION_SELECTED"", ""RELATION_CREATED"", ""MENTION_SELECTED"", ""MENTION_DESELECTED"", ""TOKEN_SELECTED"", ""TOKEN_SELECTED"", ""TOKEN_DESELECTED"", ""TOKEN_DESELECTED"", ""TOKEN_SELECTED"", ""MENTION_CREATED"", ""MENTION_SELECTED"", ""MENTION_SELECTED""]",ENTITY_GROUPED,train,llm_synthetic_expanded,0.9285714285714286
llm_synth_expanded_1010,synthetic,13,6,7,"[""MENTION_SELECTED"", ""MENTION_SELECTED"", ""ENTITY_GROUPED"", ""MENTION_DESELECTED"", ""MENTION_SELECTED"", ""MENTION_SELECTED"", ""MENTION_DESELECTED""]",ENTITY_GROUPED,train,llm_synthetic_expanded,1.0
llm_synth_expanded_1045,synthetic,11,19,20,"[""TOKEN_SELECTED"", ""MENTION_CREATED"", ""TOKEN_SELECTED"", ""MENTION_CREATED"", ""TOKEN_SELECTED"", ""TOKEN_SELECTED"", ""TOKEN_SELECTED"", ""MENTION_CREATED"", ""TOKEN_SELECTED"", ""TOKEN_SELECTED"", ""TOKEN_SELECTED"", ""MENTION_CREATED"", ""TOKEN_SELECTED"", ""MENTION_CREATED"", ""MENTION_SELECTED"", ""MENTION_SELECTED"", ""ENTITY_GROUPED"", ""MENTION_SELECTED"", ""MENTION_SELECTED"", ""MENTION_SELECTED""]",ENTITY_GROUPED,train,llm_synthetic_expanded,1.0
llm_synth_expanded_1046,synthetic,11,17,18,"[""MENTION_CREATED"", ""TOKEN_SELECTED"", ""TOKEN_DESELECTED"", ""TOKEN_SELECTED"", ""MENTION_CREATED"", ""TOKEN_SELECTED"", ""MENTION_CREATED"", ""TOKEN_SELECTED"", ""TOKEN_DESELECTED"", ""TOKEN_SELECTED"", ""MENTION_CREATED"", ""TOKEN_SELECTED"", ""TOKEN_SELECTED"", ""TOKEN_SELECTED"", ""MENTION_CREATED"", ""STEP_ENTITIES"", ""MENTION_SELECTED"", ""MENTION_SELECTED""]",ENTITY_GROUPED,train,llm_synthetic_expanded,1.0
llm_synth_expanded_339,synthetic,44,12,13,"[""PROCESS_START"", ""TOKEN_SELECTED"", ""TOKEN_SELECTED"", ""TOKEN_SELECTED"", ""MENTION_CREATED"", ""STEP_ENTITIES"", ""MENTION_SELECTED"", ""MENTION_SELECTED"", ""MENTION_SELECTED"", ""ENTITY_GROUPED"", ""MENTION_SELECTED"", ""MENTION_SELECTED"", ""MENTION_SELECTED""]",ENTITY_GROUPED,train,llm_synthetic_expanded,0.9230769230769231
llm_synth_expanded_206,synthetic,41,5,6,"[""PROCESS_START"", ""ENTITY_GROUPED"", ""MENTION_SELECTED"", ""MENTION_SELECTED"", ""ENTITY_GROUPED"", ""MENTION_SELECTED""]",ENTITY_GROUPED,train,llm_synthetic_expanded,0.8333333333333334
llm_synth_expanded_340,synthetic,44,9,10,"[""PROCESS_START"", ""MENTION_CREATED"", ""TOKEN_SELECTED"", ""TOKEN_SELECTED"", ""TOKEN_SELECTED"", ""MENTION_CREATED"", ""STEP_ENTITIES"", ""MENTION_SELECTED"", ""MENTION_SELECTED"", ""MENTION_SELECTED""]",ENTITY_GROUPED,train,llm_synthetic_expanded,0.9
llm_synth_expanded_547,synthetic,26,16,17,"[""TOKEN_SELECTED"", ""MENTION_CREATED"", ""STEP_ENTITIES"", ""MENTION_SELECTED"", ""MENTION_SELECTED"", ""ENTITY_GROUPED"", ""MENTION_SELECTED"", ""MENTION_SELECTED"", ""ENTITY_GROUPED"", ""MENTION_SELECTED"", ""MENTION_SELECTED"", ""ENTITY_GROUPED"", ""MENTION_SELECTED"", ""MENTION_SELECTED"", ""ENTITY_GROUPED"", ""MENTION_SELECTED"", ""MENTION_SELECTED""]",ENTITY_GROUPED,train,llm_synthetic_expanded,1.0
llm_synth_expanded_742,synthetic,23,15,16,"[""PROCESS_START"", ""TOKEN_SELECTED"", ""TOKEN_SELECTED"", ""MENTION_CREATED"", ""TOKEN_SELECTED"", ""TOKEN_SELECTED"", ""MENTION_CREATED"", ""TOKEN_SELECTED"", ""TOKEN_SELECTED"", ""MENTION_CREATED"", ""TOKEN_SELECTED"", ""TOKEN_SELECTED"", ""MENTION_CREATED"", ""STEP_ENTITIES"", ""MENTION_SELECTED"", ""MENTION_SELECTED""]",ENTITY_GROUPED,train,llm_synthetic_expanded,0.9375
llm_synth_expanded_720,synthetic,41,2,3,"[""PROCESS_START"", ""MENTION_SELECTED"", ""MENTION_SELECTED""]",ENTITY_GROUPED,train,llm_synthetic_expanded,0.6666666666666666
llm_synth_expanded_29,synthetic,33,1,2,"[""MENTION_SELECTED"", ""MENTION_SELECTED""]",ENTITY_GROUPED,train,llm_synthetic_expanded,1.0
llm_synth_expanded_1013,synthetic,13,8,9,"[""MENTION_SELECTED"", ""MENTION_SELECTED"", ""MENTION_DESELECTED"", ""MENTION_SELECTED"", ""MENTION_SELECTED"", ""ENTITY_GROUPED"", ""MENTION_DESELECTED"", ""MENTION_DESELECTED"", ""MENTION_DESELECTED""]",ENTITY_GROUPED,train,llm_synthetic_expanded,1.0
llm_synth_expanded_658,synthetic,23,17,18,"[""PROCESS_START"", ""MENTION_DELETED"", ""TOKEN_SELECTED"", ""TOKEN_SELECTED"", ""TOKEN_SELECTED"", ""TOKEN_DESELECTED"", ""TOKEN_DESELECTED"", ""TOKEN_DESELECTED"", ""TOKEN_SELECTED"", ""MENTION_CREATED"", ""STEP_ENTITIES"", ""MENTION_SELECTED"", ""MENTION_SELECTED"", ""ENTITY_GROUPED"", ""MENTION_SELECTED"", ""MENTION_TYPE_UPDATED"", ""MENTION_SELECTED"", ""MENTION_SELECTED""]",ENTITY_GROUPED,train,llm_synthetic_expanded,0.9444444444444444
llm_synth_expanded_740,synthetic,23,16,17,"[""PROCESS_START"", ""MENTION_CREATED"", ""TOKEN_SELECTED"", ""TOKEN_SELECTED"", ""MENTION_CREATED"", ""TOKEN_SELECTED"", ""TOKEN_SELECTED"", ""MENTION_CREATED"", ""TOKEN_SELECTED"", ""TOKEN_SELECTED"", ""MENTION_CREATED"", ""STEP_ENTITIES"", ""MENTION_SELECTED"", ""MENTION_SELECTED"", ""ENTITY_GROUPED"", ""MENTION_SELECTED"", ""MENTION_SELECTED""]",ENTITY_GROUPED,train,llm_synthetic_expanded,0.9411764705882353
llm_synth_expanded_121,synthetic,41,13,14,"[""PROCESS_START"", ""MENTION_CREATED"", ""MENTION_SELECTED"", ""MENTION_DELETED"", ""TOKEN_SELECTED"", ""TOKEN_SELECTED"", ""TOKEN_SELECTED"", ""MENTION_CREATED"", ""MENTION_SELECTED"", ""MENTION_SELECTED"", ""MENTION_SELECTED"", ""ENTITY_GROUPED"", ""MENTION_SELECTED"", ""MENTION_SELECTED""]",ENTITY_GROUPED,train,llm_synthetic_expanded,0.9285714285714286
llm_synth_expanded_698,synthetic,44,16,17,"[""TOKEN_SELECTED"", ""TOKEN_SELECTED"", ""TOKEN_SELECTED"", ""MENTION_CREATED"", ""TOKEN_SELECTED"", ""MENTION_CREATED"", ""TOKEN_SELECTED"", ""TOKEN_SELECTED"", ""TOKEN_SELECTED"", ""MENTION_CREATED"", ""STEP_ENTITIES"", ""MENTION_SELECTED"", ""MENTION_SELECTED"", ""MENTION_SELECTED"", ""ENTITY_GROUPED"", ""MENTION_SELECTED"", ""MENTION_SELECTED""]",ENTITY_GROUPED,train,llm_synthetic_expanded,1.0
llm_synth_expanded_208,synthetic,41,9,10,"[""PROCESS_START"", ""TOKEN_SELECTED"", ""TOKEN_SELECTED"", ""MENTION_CREATED"", ""STEP_ENTITIES"", ""MENTION_SELECTED"", ""MENTION_SELECTED"", ""ENTITY_GROUPED"", ""MENTION_SELECTED"", ""MENTION_SELECTED""]",ENTITY_GROUPED,train,llm_synthetic_expanded,0.9
llm_synth_expanded_837,synthetic,23,3,4,"[""MENTION_SELECTED"", ""ENTITY_GROUPED"", ""MENTION_SELECTED"", ""MENTION_SELECTED""]",ENTITY_GROUPED,train,llm_synthetic_expanded,1.0
llm_synth_expanded_57,synthetic,42,2,3,"[""STEP_ENTITIES"", ""MENTION_SELECTED"", ""MENTION_SELECTED""]",ENTITY_GROUPED,train,llm_synthetic_expanded,1.0
llm_synth_expanded_547,synthetic,26,7,8,"[""TOKEN_SELECTED"", ""MENTION_CREATED"", ""STEP_ENTITIES"", ""MENTION_SELECTED"", ""MENTION_SELECTED"", ""ENTITY_GROUPED"", ""MENTION_SELECTED"", ""MENTION_SELECTED""]",ENTITY_GROUPED,train,llm_synthetic_expanded,1.0
llm_synth_expanded_57,synthetic,42,5,6,"[""STEP_ENTITIES"", ""MENTION_SELECTED"", ""MENTION_SELECTED"", ""ENTITY_GROUPED"", ""MENTION_SELECTED"", ""MENTION_SELECTED""]",ENTITY_GROUPED,train,llm_synthetic_expanded,1.0
llm_synth_expanded_1013,synthetic,13,4,5,"[""MENTION_SELECTED"", ""MENTION_SELECTED"", ""MENTION_DESELECTED"", ""MENTION_SELECTED"", ""MENTION_SELECTED""]",ENTITY_GROUPED,train,llm_synthetic_expanded,1.0
llm_synth_expanded_742,synthetic,23,18,19,"[""PROCESS_START"", ""TOKEN_SELECTED"", ""TOKEN_SELECTED"", ""MENTION_CREATED"", ""TOKEN_SELECTED"", ""TOKEN_SELECTED"", ""MENTION_CREATED"", ""TOKEN_SELECTED"", ""TOKEN_SELECTED"", ""MENTION_CREATED"", ""TOKEN_SELECTED"", ""TOKEN_SELECTED"", ""MENTION_CREATED"", ""STEP_ENTITIES"", ""MENTION_SELECTED"", ""MENTION_SELECTED"", ""ENTITY_GROUPED"", ""MENTION_SELECTED"", ""MENTION_SELECTED""]",ENTITY_GROUPED,train,llm_synthetic_expanded,0.9473684210526315
llm_synth_expanded_547,synthetic,26,13,14,"[""TOKEN_SELECTED"", ""MENTION_CREATED"", ""STEP_ENTITIES"", ""MENTION_SELECTED"", ""MENTION_SELECTED"", ""ENTITY_GROUPED"", ""MENTION_SELECTED"", ""MENTION_SELECTED"", ""ENTITY_GROUPED"", ""MENTION_SELECTED"", ""MENTION_SELECTED"", ""ENTITY_GROUPED"", ""MENTION_SELECTED"", ""MENTION_SELECTED""]",ENTITY_GROUPED,train,llm_synthetic_expanded,1.0
llm_synth_expanded_1010,synthetic,13,1,2,"[""MENTION_SELECTED"", ""MENTION_SELECTED""]",ENTITY_GROUPED,train,llm_synthetic_expanded,1.0
llm_synth_expanded_208,synthetic,41,6,7,"[""PROCESS_START"", ""TOKEN_SELECTED"", ""TOKEN_SELECTED"", ""MENTION_CREATED"", ""STEP_ENTITIES"", ""MENTION_SELECTED"", ""MENTION_SELECTED""]",ENTITY_GROUPED,train,llm_synthetic_expanded,0.8571428571428571
llm_synth_expanded_547,synthetic,26,10,11,"[""TOKEN_SELECTED"", ""MENTION_CREATED"", ""STEP_ENTITIES"", ""MENTION_SELECTED"", ""MENTION_SELECTED"", ""ENTITY_GROUPED"", ""MENTION_SELECTED"", ""MENTION_SELECTED"", ""ENTITY_GROUPED"", ""MENTION_SELECTED"", ""MENTION_SELECTED""]",ENTITY_GROUPED,train,llm_synthetic_expanded,1.0
llm_synth_expanded_342,synthetic,44,15,16,"[""PROCESS_START"", ""MENTION_CREATED"", ""TOKEN_SELECTED"", ""TOKEN_SELECTED"", ""TOKEN_SELECTED"", ""MENTION_CREATED"", ""STEP_ENTITIES"", ""MENTION_SELECTED"", ""MENTION_SELECTED"", ""MENTION_SELECTED"", ""ENTITY_GROUPED"", ""MENTION_SELECTED"", ""MENTION_SELECTED"", ""MENTION_DESELECTED"", ""MENTION_DESELECTED"", ""MENTION_DESELECTED""]",ENTITY_GROUPED,train,llm_synthetic_expanded,0.9375
llm_synth_expanded_1054,synthetic,43,9,10,"[""TOKEN_SELECTED"", ""TOKEN_SELECTED"", ""TOKEN_SELECTED"", ""MENTION_CREATED"", ""STEP_ENTITIES"", ""MENTION_SELECTED"", ""MENTION_SELECTED"", ""MENTION_SELECTED"", ""ENTITY_GROUPED"", ""MENTION_SELECTED""]",ENTITY_GROUPED,train,llm_synthetic_expanded,1.0
llm_synth_expanded_547,synthetic,26,4,5,"[""TOKEN_SELECTED"", ""MENTION_CREATED"", ""STEP_ENTITIES"", ""MENTION_SELECTED"", ""MENTION_SELECTED""]",ENTITY_GROUPED,train,llm_synthetic_expanded,1.0
llm_synth_expanded_125,synthetic,41,16,17,"[""PROCESS_START"", ""TOKEN_SELECTED"", ""MENTION_SELECTED"", ""RELATION_CREATED"", ""MENTION_SELECTED"", ""MENTION_DESELECTED"", ""TOKEN_SELECTED"", ""TOKEN_SELECTED"", ""TOKEN_DESELECTED"", ""TOKEN_DESELECTED"", ""TOKEN_SELECTED"", ""MENTION_CREATED"", ""MENTION_SELECTED"", ""MENTION_SELECTED"", ""ENTITY_GROUPED"", ""MENTION_SELECTED"", ""MENTION_SELECTED""]",ENTITY_GROUPED,train,llm_synthetic_expanded,0.9411764705882353
llm_synth_expanded_1011,synthetic,13,3,4,"[""MENTION_DESELECTED"", ""MENTION_SELECTED"", ""MENTION_SELECTED"", ""MENTION_DESELECTED""]",ENTITY_GROUPED,train,llm_synthetic_expanded,1.0
llm_synth_expanded_339,synthetic,44,8,9,"[""PROCESS_START"", ""TOKEN_SELECTED"", ""TOKEN_SELECTED"", ""TOKEN_SELECTED"", ""MENTION_CREATED"", ""STEP_ENTITIES"", ""MENTION_SELECTED"", ""MENTION_SELECTED"", ""MENTION_SELECTED""]",ENTITY_GROUPED,train,llm_synthetic_expanded,0.8888888888888888
llm_synth_expanded_698,synthetic,44,13,14,"[""TOKEN_SELECTED"", ""TOKEN_SELECTED"", ""TOKEN_SELECTED"", ""MENTION_CREATED"", ""TOKEN_SELECTED"", ""MENTION_CREATED"", ""TOKEN_SELECTED"", ""TOKEN_SELECTED"", ""TOKEN_SELECTED"", ""MENTION_CREATED"", ""STEP_ENTITIES"", ""MENTION_SELECTED"", ""MENTION_SELECTED"", ""MENTION_SELECTED""]",ENTITY_GROUPED,train,llm_synthetic_expanded,1.0
llm_synth_expanded_839,synthetic,23,5,6,"[""MENTION_SELECTED"", ""MENTION_SELECTED"", ""MENTION_SELECTED"", ""ENTITY_GROUPED"", ""MENTION_SELECTED"", ""MENTION_SELECTED""]",ENTITY_GROUPED,train,llm_synthetic_expanded,1.0
llm_synth_expanded_580,synthetic,41,3,4,"[""MENTION_CREATED"", ""TOKEN_SELECTED"", ""MENTION_CREATED"", ""TOKEN_SELECTED""]",MENTION_CREATED,train,llm_synthetic_expanded,1.0
llm_synth_expanded_80,synthetic,31,9,10,"[""PROCESS_START"", ""STEP_MENTION_SUGGESTION"", ""STEP_METION"", ""TOKEN_SELECTED"", ""MENTION_CREATED"", ""TOKEN_SELECTED"", ""MENTION_CREATED"", ""TOKEN_SELECTED"", ""MENTION_CREATED"", ""TOKEN_SELECTED""]",MENTION_CREATED,train,llm_synthetic_expanded,1.0
llm_synth_expanded_124,synthetic,41,9,10,"[""PROCESS_START"", ""TOKEN_SELECTED"", ""TOKEN_SELECTED"", ""TOKEN_SELECTED"", ""MENTION_CREATED"", ""TOKEN_SELECTED"", ""MENTION_CREATED"", ""TOKEN_SELECTED"", ""MENTION_CREATED"", ""TOKEN_SELECTED""]",MENTION_CREATED,train,llm_synthetic_expanded,0.9
llm_synth_expanded_889,synthetic,23,21,22,"[""PROCESS_START"", ""STEP_RELATIONS"", ""STEP_MENTION_SUGGESTION"", ""STEP_METION"", ""TOKEN_SELECTED"", ""MENTION_CREATED"", ""TOKEN_SELECTED"", ""MENTION_CREATED"", ""TOKEN_SELECTED"", ""TOKEN_SELECTED"", ""MENTION_SUGGESTION_REJECTED"", ""TOKEN_SELECTED"", ""TOKEN_SELECTED"", ""MENTION_CREATED"", ""TOKEN_SELECTED"", ""TOKEN_SELECTED"", ""MENTION_CREATED"", ""TOKEN_SELECTED"", ""TOKEN_SELECTED"", ""MENTION_CREATED"", ""TOKEN_SELECTED"", ""TOKEN_SELECTED""]",MENTION_CREATED,train,llm_synthetic_expanded,0.8636363636363636
llm_synth_expanded_740,synthetic,23,3,4,"[""PROCESS_START"", ""MENTION_CREATED"", ""TOKEN_SELECTED"", ""TOKEN_SELECTED""]",MENTION_CREATED,train,llm_synthetic_expanded,0.75
llm_synth_expanded_647,synthetic,43,7,8,"[""PROCESS_START"", ""TOKEN_SELECTED"", ""TOKEN_SELECTED"", ""TOKEN_DESELECTED"", ""TOKEN_DESELECTED"", ""TOKEN_SELECTED"", ""MENTION_CREATED"", ""TOKEN_SELECTED""]",MENTION_CREATED,train,llm_synthetic_expanded,0.875
llm_synth_expanded_263,synthetic,41,17,18,"[""TOKEN_SELECTED"", ""MENTION_CREATED"", ""TOKEN_SELECTED"", ""TOKEN_SELECTED"", ""MENTION_CREATED"", ""TOKEN_SELECTED"", ""TOKEN_SELECTED"", ""TOKEN_SELECTED"", ""MENTION_CREATED"", ""TOKEN_SELECTED"", ""MENTION_CREATED"", ""TOKEN_SELECTED"", ""MENTION_CREATED"", ""TOKEN_SELECTED"", ""TOKEN_SELECTED"", ""MENTION_CREATED"", ""TOKEN_SELECTED"", ""TOKEN_SELECTED""]",MENTION_CREATED,train,llm_synthetic_expanded,1.0
llm_synth_expanded_1045,synthetic,11,10,11,"[""TOKEN_SELECTED"", ""MENTION_CREATED"", ""TOKEN_SELECTED"", ""MENTION_CREATED"", ""TOKEN_SELECTED"", ""TOKEN_SELECTED"", ""TOKEN_SELECTED"", ""MENTION_CREATED"", ""TOKEN_SELECTED"", ""TOKEN_SELECTED"", ""TOKEN_SELECTED""]",MENTION_CREATED,train,llm_synthetic_expanded,1.0
llm_synth_expanded_1046,synthetic,11,9,10,"[""MENTION_CREATED"", ""TOKEN_SELECTED"", ""TOKEN_DESELECTED"", ""TOKEN_SELECTED"", ""MENTION_CREATED"", ""TOKEN_SELECTED"", ""MENTION_CREATED"", ""TOKEN_SELECTED"", ""TOKEN_DESELECTED"", ""TOKEN_SELECTED""]",MENTION_CREATED,train,llm_synthetic_expanded,1.0
llm_synth_expanded_181,synthetic,33,3,4,"[""PROCESS_START"", ""TOKEN_SELECTED"", ""TOKEN_SELECTED"", ""TOKEN_SELECTED""]",MENTION_CREATED,train,llm_synthetic_expanded,0.75
llm_synth_expanded_263,synthetic,41,9,10,"[""TOKEN_SELECTED"", ""MENTION_CREATED"", ""TOKEN_SELECTED"", ""TOKEN_SELECTED"", ""MENTION_CREATED"", ""TOKEN_SELECTED"", ""TOKEN_SELECTED"", ""TOKEN_SELECTED"", ""MENTION_CREATED"", ""TOKEN_SELECTED""]",MENTION_CREATED,train,llm_synthetic_expanded,1.0
llm_synth_expanded_1072,synthetic,41,7,8,"[""PROCESS_START"", ""STEP_MENTION_SUGGESTION"", ""STEP_METION"", ""TOKEN_SELECTED"", ""MENTION_CREATED"", ""TOKEN_SELECTED"", ""TOKEN_SELECTED"", ""TOKEN_SELECTED""]",MENTION_CREATED,train,llm_synthetic_expanded,1.0
llm_synth_expanded_991,synthetic,11,7,8,"[""TOKEN_SELECTED"", ""MENTION_CREATED"", ""TOKEN_SELECTED"", ""TOKEN_SELECTED"", ""MENTION_CREATED"", ""TOKEN_SELECTED"", ""TOKEN_SELECTED"", ""TOKEN_SELECTED""]",MENTION_CREATED,train,llm_synthetic_expanded,1.0
llm_synth_expanded_325,synthetic,33,6,7,"[""TOKEN_SELECTED"", ""MENTION_CREATED"", ""TOKEN_SELECTED"", ""TOKEN_SELECTED"", ""MENTION_CREATED"", ""TOKEN_SELECTED"", ""TOKEN_SELECTED""]",MENTION_CREATED,train,llm_synthetic_expanded,1.0
llm_synth_expanded_1131,synthetic,33,5,6,"[""PROCESS_START"", ""STEP_MENTION_SUGGESTION"", ""STEP_METION"", ""TOKEN_SELECTED"", ""TOKEN_SELECTED"", ""TOKEN_SELECTED""]",MENTION_CREATED,train,llm_synthetic_expanded,1.0
llm_synth_expanded_1057,synthetic,12,3,4,"[""PROCESS_START"", ""STEP_MENTION_SUGGESTION"", ""STEP_METION"", ""TOKEN_SELECTED""]",MENTION_CREATED,train,llm_synthetic_expanded,1.0
llm_synth_expanded_225,synthetic,25,19,20,"[""TOKEN_SELECTED"", ""TOKEN_SELECTED"", ""MENTION_CREATED"", ""TOKEN_SELECTED"", ""TOKEN_SELECTED"", ""MENTION_CREATED"", ""TOKEN_SELECTED"", ""TOKEN_SELECTED"", ""MENTION_CREATED"", ""TOKEN_SELECTED"", ""MENTION_CREATED"", ""TOKEN_SELECTED"", ""MENTION_CREATED"", ""TOKEN_SELECTED"", ""MENTION_CREATED"", ""TOKEN_SELECTED"", ""MENTION_CREATED"", ""TOKEN_SELECTED"", ""MENTION_CREATED"", ""TOKEN_SELECTED""]",MENTION_CREATED,train,llm_synthetic_expanded,1.0
llm_synth_expanded_883,synthetic,22,13,14,"[""PROCESS_START"", ""MENTION_SELECTED"", ""MENTION_TYPE_UPDATED"", ""MENTION_SUGGESTION_ACCEPTED"", ""MENTION_SUGGESTION_REJECTED"", ""TOKEN_SELECTED"", ""TOKEN_SELECTED"", ""MENTION_CREATED"", ""TOKEN_SELECTED"", ""MENTION_CREATED"", ""MENTION_SUGGESTION_ACCEPTED"", ""STEP_METION"", ""TOKEN_SELECTED"", ""TOKEN_SELECTED""]",MENTION_CREATED,train,llm_synthetic_expanded,0.9285714285714286
llm_synth_expanded_325,synthetic,33,18,19,"[""TOKEN_SELECTED"", ""MENTION_CREATED"", ""TOKEN_SELECTED"", ""TOKEN_SELECTED"", ""MENTION_CREATED"", ""TOKEN_SELECTED"", ""TOKEN_SELECTED"", ""MENTION_CREATED"", ""TOKEN_SELECTED"", ""TOKEN_SELECTED"", ""MENTION_CREATED"", ""TOKEN_SELECTED"", ""TOKEN_SELECTED"", ""MENTION_CREATED"", ""TOKEN_SELECTED"", ""TOKEN_SELECTED"", ""MENTION_CREATED"", ""TOKEN_SELECTED"", ""TOKEN_SELECTED""]",MENTION_CREATED,train,llm_synthetic_expanded,1.0
llm_synth_expanded_263,synthetic,41,14,15,"[""TOKEN_SELECTED"", ""MENTION_CREATED"", ""TOKEN_SELECTED"", ""TOKEN_SELECTED"", ""MENTION_CREATED"", ""TOKEN_SELECTED"", ""TOKEN_SELECTED"", ""TOKEN_SELECTED"", ""MENTION_CREATED"", ""TOKEN_SELECTED"", ""MENTION_CREATED"", ""TOKEN_SELECTED"", ""MENTION_CREATED"", ""TOKEN_SELECTED"", ""TOKEN_SELECTED""]",MENTION_CREATED,train,llm_synthetic_expanded,1.0
llm_synth_expanded_698,synthetic,44,2,3,"[""TOKEN_SELECTED"", ""TOKEN_SELECTED"", ""TOKEN_SELECTED""]",MENTION_CREATED,train,llm_synthetic_expanded,1.0
llm_synth_expanded_80,synthetic,31,11,12,"[""PROCESS_START"", ""STEP_MENTION_SUGGESTION"", ""STEP_METION"", ""TOKEN_SELECTED"", ""MENTION_CREATED"", ""TOKEN_SELECTED"", ""MENTION_CREATED"", ""TOKEN_SELECTED"", ""MENTION_CREATED"", ""TOKEN_SELECTED"", ""MENTION_CREATED"", ""TOKEN_SELECTED""]",MENTION_CREATED,train,llm_synthetic_expanded,1.0
llm_synth_expanded_867,synthetic,43,13,14,"[""TOKEN_SELECTED"", ""MENTION_CREATED"", ""TOKEN_SELECTED"", ""MENTION_CREATED"", ""TOKEN_SELECTED"", ""MENTION_CREATED"", ""TOKEN_SELECTED"", ""MENTION_CREATED"", ""TOKEN_SELECTED"", ""TOKEN_SELECTED"", ""MENTION_CREATED"", ""TOKEN_SELECTED"", ""MENTION_CREATED"", ""TOKEN_SELECTED""]",MENTION_CREATED,train,llm_synthetic_expanded,1.0
llm_synth_expanded_548,synthetic,25,16,17,"[""PROCESS_START"", ""STEP_RELATIONS"", ""RELATION_SUGGESTION_MARKED"", ""TOKEN_SELECTED"", ""TOKEN_SELECTED"", ""MENTION_CREATED"", ""TOKEN_SELECTED"", ""TOKEN_SELECTED"", ""MENTION_CREATED"", ""TOKEN_SELECTED"", ""TOKEN_SELECTED"", ""TOKEN_SELECTED"", ""MENTION_CREATED"", ""TOKEN_SELECTED"", ""TOKEN_SELECTED"", ""MENTION_CREATED"", ""TOKEN_SELECTED""]",MENTION_CREATED,train,llm_synthetic_expanded,0.8235294117647058
llm_synth_expanded_263,synthetic,41,7,8,"[""TOKEN_SELECTED"", ""MENTION_CREATED"", ""TOKEN_SELECTED"", ""TOKEN_SELECTED"", ""MENTION_CREATED"", ""TOKEN_SELECTED"", ""TOKEN_SELECTED"", ""TOKEN_SELECTED""]",MENTION_CREATED,train,llm_synthetic_expanded,1.0
llm_synth_expanded_256,synthetic,23,6,7,"[""PROCESS_START"", ""STEP_MENTION_SUGGESTION"", ""STEP_METION"", ""TOKEN_SELECTED"", ""MENTION_DELETED"", ""TOKEN_SELECTED"", ""TOKEN_SELECTED""]",MENTION_CREATED,train,llm_synthetic_expanded,0.8571428571428571
llm_synth_expanded_338,synthetic,44,5,6,"[""PROCESS_START"", ""MENTION_CREATED"", ""TOKEN_SELECTED"", ""MENTION_CREATED"", ""TOKEN_SELECTED"", ""TOKEN_SELECTED""]",MENTION_CREATED,train,llm_synthetic_expanded,0.8333333333333334
llm_synth_expanded_263,synthetic,41,11,12,"[""TOKEN_SELECTED"", ""MENTION_CREATED"", ""TOKEN_SELECTED"", ""TOKEN_SELECTED"", ""MENTION_CREATED"", ""TOKEN_SELECTED"", ""TOKEN_SELECTED"", ""TOKEN_SELECTED"", ""MENTION_CREATED"", ""TOKEN_SELECTED"", ""MENTION_CREATED"", ""TOKEN_SELECTED""]",MENTION_CREATED,train,llm_synthetic_expanded,1.0
llm_synth_expanded_698,synthetic,44,4,5,"[""TOKEN_SELECTED"", ""TOKEN_SELECTED"", ""TOKEN_SELECTED"", ""MENTION_CREATED"", ""TOKEN_SELECTED""]",MENTION_CREATED,train,llm_synthetic_expanded,1.0
llm_synth_expanded_742,synthetic,23,2,3,"[""PROCESS_START"", ""TOKEN_SELECTED"", ""TOKEN_SELECTED""]",MENTION_CREATED,train,llm_synthetic_expanded,0.6666666666666666
llm_synth_expanded_74,synthetic,43,13,14,"[""MENTION_SUGGESTION_BOUNDS_UPDATED"", ""TOKEN_SELECTED"", ""TOKEN_SELECTED"", ""TOKEN_SELECTED"", ""MENTION_CREATED"", ""TOKEN_SELECTED"", ""MENTION_CREATED"", ""TOKEN_SELECTED"", ""MENTION_CREATED"", ""TOKEN_SELECTED"", ""TOKEN_SELECTED"", ""TOKEN_DESELECTED"", ""TOKEN_DESELECTED"", ""TOKEN_SELECTED""]",MENTION_CREATED,train,llm_synthetic_expanded,1.0
llm_synth_expanded_92,synthetic,23,5,6,"[""PROCESS_START"", ""STEP_MENTION_SUGGESTION"", ""STEP_METION"", ""TOKEN_SELECTED"", ""TOKEN_SELECTED"", ""MENTION_CREATED""]",MENTION_CREATED,train,llm_synthetic_expanded,0.8333333333333334
llm_synth_expanded_225,synthetic,25,17,18,"[""TOKEN_SELECTED"", ""TOKEN_SELECTED"", ""MENTION_CREATED"", ""TOKEN_SELECTED"", ""TOKEN_SELECTED"", ""MENTION_CREATED"", ""TOKEN_SELECTED"", ""TOKEN_SELECTED"", ""MENTION_CREATED"", ""TOKEN_SELECTED"", ""MENTION_CREATED"", ""TOKEN_SELECTED"", ""MENTION_CREATED"", ""TOKEN_SELECTED"", ""MENTION_CREATED"", ""TOKEN_SELECTED"", ""MENTION_CREATED"", ""TOKEN_SELECTED""]",MENTION_CREATED,train,llm_synthetic_expanded,1.0
llm_synth_expanded_320,synthetic,33,10,11,"[""MENTION_CREATED"", ""MENTION_SELECTED"", ""MENTION_DELETED"", ""TOKEN_SELECTED"", ""TOKEN_SELECTED"", ""MENTION_CREATED"", ""TOKEN_SELECTED"", ""TOKEN_SELECTED"", ""TOKEN_DESELECTED"", ""TOKEN_DESELECTED"", ""TOKEN_SELECTED""]",MENTION_CREATED,train,llm_synthetic_expanded,1.0
llm_synth_expanded_883,synthetic,22,6,7,"[""PROCESS_START"", ""MENTION_SELECTED"", ""MENTION_TYPE_UPDATED"", ""MENTION_SUGGESTION_ACCEPTED"", ""MENTION_SUGGESTION_REJECTED"", ""TOKEN_SELECTED"", ""TOKEN_SELECTED""]",MENTION_CREATED,train,llm_synthetic_expanded,0.8571428571428571
llm_synth_expanded_625,synthetic,41,8,9,"[""PROCESS_START"", ""MENTION_CREATED"", ""TOKEN_SELECTED"", ""MENTION_CREATED"", ""TOKEN_SELECTED"", ""MENTION_CREATED"", ""TOKEN_SELECTED"", ""MENTION_CREATED"", ""TOKEN_SELECTED""]",MENTION_CREATED,train,llm_synthetic_expanded,0.8888888888888888
llm_synth_expanded_742,synthetic,23,11,12,"[""PROCESS_START"", ""TOKEN_SELECTED"", ""TOKEN_SELECTED"", ""MENTION_CREATED"", ""TOKEN_SELECTED"", ""TOKEN_SELECTED"", ""MENTION_CREATED"", ""TOKEN_SELECTED"", ""TOKEN_SELECTED"", ""MENTION_CREATED"", ""TOKEN_SELECTED"", ""TOKEN_SELECTED""]",MENTION_CREATED,train,llm_synthetic_expanded,0.9166666666666666
llm_synth_expanded_835,synthetic,23,1,2,"[""PROCESS_START"", ""TOKEN_SELECTED""]",MENTION_CREATED,train,llm_synthetic_expanded,0.5
llm_synth_expanded_991,synthetic,11,3,4,"[""TOKEN_SELECTED"", ""MENTION_CREATED"", ""TOKEN_SELECTED"", ""TOKEN_SELECTED""]",MENTION_CREATED,train,llm_synthetic_expanded,1.0
llm_synth_expanded_320,synthetic,33,18,19,"[""MENTION_CREATED"", ""MENTION_SELECTED"", ""MENTION_DELETED"", ""TOKEN_SELECTED"", ""TOKEN_SELECTED"", ""MENTION_CREATED"", ""TOKEN_SELECTED"", ""TOKEN_SELECTED"", ""TOKEN_DESELECTED"", ""TOKEN_DESELECTED"", ""TOKEN_SELECTED"", ""MENTION_CREATED"", ""TOKEN_SELECTED"", ""TOKEN_SELECTED"", ""TOKEN_SELECTED"", ""TOKEN_DESELECTED"", ""TOKEN_DESELECTED"", ""TOKEN_DESELECTED"", ""TOKEN_SELECTED""]",MENTION_CREATED,train,llm_synthetic_expanded,1.0
llm_synth_expanded_325,synthetic,33,9,10,"[""TOKEN_SELECTED"", ""MENTION_CREATED"", ""TOKEN_SELECTED"", ""TOKEN_SELECTED"", ""MENTION_CREATED"", ""TOKEN_SELECTED"", ""TOKEN_SELECTED"", ""MENTION_CREATED"", ""TOKEN_SELECTED"", ""TOKEN_SELECTED""]",MENTION_CREATED,train,llm_synthetic_expanded,1.0
llm_synth_expanded_1229,synthetic,25,16,17,"[""PROCESS_START"", ""STEP_MENTION_SUGGESTION"", ""STEP_METION"", ""TOKEN_SELECTED"", ""TOKEN_SELECTED"", ""MENTION_CREATED"", ""TOKEN_SELECTED"", ""TOKEN_SELECTED"", ""MENTION_CREATED"", ""TOKEN_SELECTED"", ""TOKEN_SELECTED"", ""MENTION_CREATED"", ""TOKEN_SELECTED"", ""TOKEN_SELECTED"", ""MENTION_CREATED"", ""TOKEN_SELECTED"", ""TOKEN_SELECTED""]",MENTION_CREATED,train,llm_synthetic_expanded,1.0
llm_synth_expanded_171,synthetic,24,3,4,"[""PROCESS_START"", ""MENTION_CREATED"", ""TOKEN_SELECTED"", ""TOKEN_SELECTED""]",MENTION_CREATED,train,llm_synthetic_expanded,0.75
llm_synth_expanded_100,synthetic,41,12,13,"[""PROCESS_START"", ""TOKEN_SELECTED"", ""TOKEN_SELECTED"", ""MENTION_CREATED"", ""TOKEN_SELECTED"", ""MENTION_CREATED"", ""TOKEN_SELECTED"", ""MENTION_CREATED"", ""TOKEN_SELECTED"", ""TOKEN_SELECTED"", ""MENTION_CREATED"", ""TOKEN_SELECTED"", ""TOKEN_SELECTED""]",MENTION_CREATED,train,llm_synthetic_expanded,0.9230769230769231
llm_synth_expanded_653,synthetic,23,16,17,"[""PROCESS_START"", ""MENTION_CREATED"", ""TOKEN_SELECTED"", ""MENTION_CREATED"", ""TOKEN_SELECTED"", ""TOKEN_SELECTED"", ""MENTION_CREATED"", ""TOKEN_SELECTED"", ""TOKEN_SELECTED"", ""MENTION_CREATED"", ""TOKEN_SELECTED"", ""TOKEN_SELECTED"", ""MENTION_CREATED"", ""TOKEN_SELECTED"", ""MENTION_CREATED"", ""TOKEN_SELECTED"", ""TOKEN_SELECTED""]",MENTION_CREATED,train,llm_synthetic_expanded,0.9411764705882353
llm_synth_expanded_1229,synthetic,25,10,11,"[""PROCESS_START"", ""STEP_MENTION_SUGGESTION"", ""STEP_METION"", ""TOKEN_SELECTED"", ""TOKEN_SELECTED"", ""MENTION_CREATED"", ""TOKEN_SELECTED"", ""TOKEN_SELECTED"", ""MENTION_CREATED"", ""TOKEN_SELECTED"", ""TOKEN_SELECTED""]",MENTION_CREATED,train,llm_synthetic_expanded,1.0
llm_synth_expanded_124,synthetic,41,7,8,"[""PROCESS_START"", ""TOKEN_SELECTED"", ""TOKEN_SELECTED"", ""TOKEN_SELECTED"", ""MENTION_CREATED"", ""TOKEN_SELECTED"", ""MENTION_CREATED"", ""TOKEN_SELECTED""]",MENTION_CREATED,train,llm_synthetic_expanded,0.875
llm_synth_expanded_93,synthetic,23,6,7,"[""PROCESS_START"", ""STEP_MENTION_SUGGESTION"", ""STEP_METION"", ""TOKEN_SELECTED"", ""TOKEN_SELECTED"", ""TOKEN_SELECTED"", ""MENTION_CREATED""]",MENTION_CREATED,train,llm_synthetic_expanded,0.8571428571428571
llm_synth_expanded_867,synthetic,43,2,3,"[""TOKEN_SELECTED"", ""MENTION_CREATED"", ""TOKEN_SELECTED""]",MENTION_CREATED,train,llm_synthetic_expanded,1.0
llm_synth_expanded_340,synthetic,44,4,5,"[""PROCESS_START"", ""MENTION_CREATED"", ""TOKEN_SELECTED"", ""TOKEN_SELECTED"", ""TOKEN_SELECTED""]",MENTION_CREATED,train,llm_synthetic_expanded,0.8
llm_synth_expanded_647,synthetic,43,5,6,"[""PROCESS_START"", ""TOKEN_SELECTED"", ""TOKEN_SELECTED"", ""TOKEN_DESELECTED"", ""TOKEN_DESELECTED"", ""TOKEN_SELECTED""]",MENTION_CREATED,train,llm_synthetic_expanded,0.8333333333333334
llm_synth_expanded_1046,synthetic,11,5,6,"[""MENTION_CREATED"", ""TOKEN_SELECTED"", ""TOKEN_DESELECTED"", ""TOKEN_SELECTED"", ""MENTION_CREATED"", ""TOKEN_SELECTED""]",MENTION_CREATED,train,llm_synthetic_expanded,1.0
llm_synth_expanded_66,synthetic,41,13,14,"[""PROCESS_START"", ""STEP_MENTION_SUGGESTION"", ""STEP_METION"", ""TOKEN_SELECTED"", ""MENTION_CREATED"", ""TOKEN_SELECTED"", ""MENTION_CREATED"", ""TOKEN_SELECTED"", ""MENTION_CREATED"", ""TOKEN_SELECTED"", ""TOKEN_SELECTED"", ""TOKEN_DESELECTED"", ""MENTION_CREATED"", ""TOKEN_SELECTED""]",MENTION_CREATED,train,llm_synthetic_expanded,1.0
llm_synth_expanded_698,synthetic,44,8,9,"[""TOKEN_SELECTED"", ""TOKEN_SELECTED"", ""TOKEN_SELECTED"", ""MENTION_CREATED"", ""TOKEN_SELECTED"", ""MENTION_CREATED"", ""TOKEN_SELECTED"", ""TOKEN_SELECTED"", ""TOKEN_SELECTED""]",MENTION_CREATED,train,llm_synthetic_expanded,1.0
llm_synth_expanded_653,synthetic,23,2,3,"[""PROCESS_START"", ""MENTION_CREATED"", ""TOKEN_SELECTED""]",MENTION_CREATED,train,llm_synthetic_expanded,0.6666666666666666
llm_synth_expanded_310,synthetic,23,14,15,"[""PROCESS_START"", ""STEP_RELATIONS"", ""STEP_RELATION_SUGGESTION"", ""STEP_METION"", ""TOKEN_SELECTED"", ""TOKEN_SELECTED"", ""MENTION_CREATED"", ""TOKEN_SELECTED"", ""TOKEN_SELECTED"", ""MENTION_CREATED"", ""TOKEN_SELECTED"", ""TOKEN_SELECTED"", ""MENTION_CREATED"", ""TOKEN_SELECTED"", ""TOKEN_SELECTED""]",MENTION_CREATED,train,llm_synthetic_expanded,0.8
llm_synth_expanded_836,synthetic,23,10,11,"[""TOKEN_SELECTED"", ""MENTION_CREATED"", ""TOKEN_SELECTED"", ""MENTION_CREATED"", ""TOKEN_SELECTED"", ""TOKEN_SELECTED"", ""TOKEN_DESELECTED"", ""TOKEN_DESELECTED"", ""TOKEN_SELECTED"", ""MENTION_CREATED"", ""TOKEN_SELECTED""]",MENTION_CREATED,train,llm_synthetic_expanded,1.0
llm_synth_expanded_580,synthetic,41,16,17,"[""MENTION_CREATED"", ""TOKEN_SELECTED"", ""MENTION_CREATED"", ""TOKEN_SELECTED"", ""MENTION_CREATED"", ""TOKEN_SELECTED"", ""TOKEN_SELECTED"", ""TOKEN_DESELECTED"", ""TOKEN_DESELECTED"", ""TOKEN_SELECTED"", ""TOKEN_SELECTED"", ""MENTION_CREATED"", ""TOKEN_SELECTED"", ""MENTION_CREATED"", ""TOKEN_SELECTED"", ""TOKEN_SELECTED"", ""TOKEN_SELECTED""]",MENTION_CREATED,train,llm_synthetic_expanded,1.0
llm_synth_expanded_1046,synthetic,11,3,4,"[""MENTION_CREATED"", ""TOKEN_SELECTED"", ""TOKEN_DESELECTED"", ""TOKEN_SELECTED""]",MENTION_CREATED,train,llm_synthetic_expanded,1.0
llm_synth_expanded_580,synthetic,41,10,11,"[""MENTION_CREATED"", ""TOKEN_SELECTED"", ""MENTION_CREATED"", ""TOKEN_SELECTED"", ""MENTION_CREATED"", ""TOKEN_SELECTED"", ""TOKEN_SELECTED"", ""TOKEN_DESELECTED"", ""TOKEN_DESELECTED"", ""TOKEN_SELECTED"", ""TOKEN_SELECTED""]",MENTION_CREATED,train,llm_synthetic_expanded,1.0
llm_synth_expanded_1045,synthetic,11,6,7,"[""TOKEN_SELECTED"", ""MENTION_CREATED"", ""TOKEN_SELECTED"", ""MENTION_CREATED"", ""TOKEN_SELECTED"", ""TOKEN_SELECTED"", ""TOKEN_SELECTED""]",MENTION_CREATED,train,llm_synthetic_expanded,1.0
llm_synth_expanded_580,synthetic,41,12,13,"[""MENTION_CREATED"", ""TOKEN_SELECTED"", ""MENTION_CREATED"", ""TOKEN_SELECTED"", ""MENTION_CREATED"", ""TOKEN_SELECTED"", ""TOKEN_SELECTED"", ""TOKEN_DESELECTED"", ""TOKEN_DESELECTED"", ""TOKEN_SELECTED"", ""TOKEN_SELECTED"", ""MENTION_CREATED"", ""TOKEN_SELECTED""]",MENTION_CREATED,train,llm_synthetic_expanded,1.0
llm_synth_expanded_124,synthetic,41,11,12,"[""PROCESS_START"", ""TOKEN_SELECTED"", ""TOKEN_SELECTED"", ""TOKEN_SELECTED"", ""MENTION_CREATED"", ""TOKEN_SELECTED"", ""MENTION_CREATED"", ""TOKEN_SELECTED"", ""MENTION_CREATED"", ""TOKEN_SELECTED"", ""MENTION_CREATED"", ""TOKEN_SELECTED""]",MENTION_CREATED,train,llm_synthetic_expanded,0.9166666666666666
llm_synth_expanded_78,synthetic,43,8,9,"[""TOKEN_SELECTED"", ""MENTION_CREATED"", ""TOKEN_SELECTED"", ""TOKEN_DESELECTED"", ""TOKEN_SELECTED"", ""MENTION_CREATED"", ""TOKEN_SELECTED"", ""TOKEN_SELECTED"", ""TOKEN_SELECTED""]",MENTION_CREATED,train,llm_synthetic_expanded,1.0
llm_synth_expanded_153,synthetic,22,5,6,"[""PROCESS_START"", ""TOKEN_SELECTED"", ""TOKEN_SELECTED"", ""MENTION_CREATED"", ""TOKEN_SELECTED"", ""TOKEN_SELECTED""]",MENTION_CREATED,train,llm_synthetic_expanded,0.8333333333333334
llm_synth_expanded_653,synthetic,23,8,9,"[""PROCESS_START"", ""MENTION_CREATED"", ""TOKEN_SELECTED"", ""MENTION_CREATED"", ""TOKEN_SELECTED"", ""TOKEN_SELECTED"", ""MENTION_CREATED"", ""TOKEN_SELECTED"", ""TOKEN_SELECTED""]",MENTION_CREATED,train,llm_synthetic_expanded,0.8888888888888888
llm_synth_expanded_171,synthetic,24,15,16,"[""PROCESS_START"", ""MENTION_CREATED"", ""TOKEN_SELECTED"", ""TOKEN_SELECTED"", ""MENTION_CREATED"", ""TOKEN_SELECTED"", ""TOKEN_SELECTED"", ""MENTION_CREATED"", ""TOKEN_SELECTED"", ""TOKEN_SELECTED"", ""MENTION_CREATED"", ""TOKEN_SELECTED"", ""TOKEN_SELECTED"", ""MENTION_CREATED"", ""TOKEN_SELECTED"", ""TOKEN_SELECTED""]",MENTION_CREATED,train,llm_synthetic_expanded,0.9375
llm_synth_expanded_1173,synthetic,31,8,9,"[""PROCESS_START"", ""STEP_MENTION_SUGGESTION"", ""STEP_METION"", ""TOKEN_SELECTED"", ""MENTION_SUGGESTION_ACCEPTED"", ""TOKEN_SELECTED"", ""MENTION_CREATED"", ""TOKEN_SELECTED"", ""TOKEN_SELECTED""]",MENTION_CREATED,train,llm_synthetic_expanded,1.0
llm_synth_expanded_548,synthetic,25,7,8,"[""PROCESS_START"", ""STEP_RELATIONS"", ""RELATION_SUGGESTION_MARKED"", ""TOKEN_SELECTED"", ""TOKEN_SELECTED"", ""MENTION_CREATED"", ""TOKEN_SELECTED"", ""TOKEN_SELECTED""]",MENTION_CREATED,train,llm_synthetic_expanded,0.625
llm_synth_expanded_830,synthetic,42,1,2,"[""PROCESS_START"", ""TOKEN_SELECTED""]",MENTION_CREATED,train,llm_synthetic_expanded,0.5
llm_synth_expanded_225,synthetic,25,9,10,"[""TOKEN_SELECTED"", ""TOKEN_SELECTED"", ""MENTION_CREATED"", ""TOKEN_SELECTED"", ""TOKEN_SELECTED"", ""MENTION_CREATED"", ""TOKEN_SELECTED"", ""TOKEN_SELECTED"", ""MENTION_CREATED"", ""TOKEN_SELECTED""]",MENTION_CREATED,train,llm_synthetic_expanded,1.0
llm_synth_expanded_715,synthetic,33,16,17,"[""PROCESS_START"", ""STEP_MENTION_SUGGESTION"", ""STEP_METION"", ""TOKEN_SELECTED"", ""MENTION_CREATED"", ""TOKEN_SELECTED"", ""TOKEN_SELECTED"", ""TOKEN_SELECTED"", ""TOKEN_DESELECTED"", ""TOKEN_DESELECTED"", ""TOKEN_DESELECTED"", ""TOKEN_SELECTED"", ""TOKEN_SELECTED"", ""MENTION_CREATED"", ""TOKEN_SELECTED"", ""TOKEN_SELECTED"", ""TOKEN_DESELECTED""]",MENTION_CREATED,train,llm_synthetic_expanded,1.0
llm_synth_expanded_959,synthetic,44,6,7,"[""PROCESS_START"", ""STEP_MENTION_SUGGESTION"", ""TOKEN_SELECTED"", ""TOKEN_SELECTED"", ""TOKEN_SELECTED"", ""MENTION_CREATED"", ""TOKEN_SELECTED""]",MENTION_CREATED,train,llm_synthetic_expanded,1.0
llm_synth_expanded_171,synthetic,24,12,13,"[""PROCESS_START"", ""MENTION_CREATED"", ""TOKEN_SELECTED"", ""TOKEN_SELECTED"", ""MENTION_CREATED"", ""TOKEN_SELECTED"", ""TOKEN_SELECTED"", ""MENTION_CREATED"", ""TOKEN_SELECTED"", ""TOKEN_SELECTED"", ""MENTION_CREATED"", ""TOKEN_SELECTED"", ""TOKEN_SELECTED""]",MENTION_CREATED,train,llm_synthetic_expanded,0.9230769230769231
llm_synth_expanded_653,synthetic,23,5,6,"[""PROCESS_START"", ""MENTION_CREATED"", ""TOKEN_SELECTED"", ""MENTION_CREATED"", ""TOKEN_SELECTED"", ""TOKEN_SELECTED""]",MENTION_CREATED,train,llm_synthetic_expanded,0.8333333333333334
llm_synth_expanded_626,synthetic,11,18,19,"[""PROCESS_START"", ""TOKEN_SELECTED"", ""TOKEN_SELECTED"", ""MENTION_CREATED"", ""TOKEN_SELECTED"", ""MENTION_CREATED"", ""TOKEN_SELECTED"", ""TOKEN_SELECTED"", ""TOKEN_DESELECTED"", ""MENTION_CREATED"", ""TOKEN_SELECTED"", ""TOKEN_SELECTED"", ""MENTION_CREATED"", ""TOKEN_SELECTED"", ""TOKEN_SELECTED"", ""MENTION_CREATED"", ""TOKEN_SELECTED"", ""TOKEN_SELECTED"", ""TOKEN_SELECTED""]",MENTION_CREATED,train,llm_synthetic_expanded,0.9473684210526315
llm_synth_expanded_122,synthetic,41,9,10,"[""PROCESS_START"", ""MENTION_SELECTED"", ""RELATION_CREATED"", ""MENTION_SELECTED"", ""MENTION_DESELECTED"", ""TOKEN_SELECTED"", ""TOKEN_SELECTED"", ""TOKEN_DESELECTED"", ""TOKEN_DESELECTED"", ""TOKEN_SELECTED""]",MENTION_CREATED,train,llm_synthetic_expanded,0.9
llm_synth_expanded_836,synthetic,23,8,9,"[""TOKEN_SELECTED"", ""MENTION_CREATED"", ""TOKEN_SELECTED"", ""MENTION_CREATED"", ""TOKEN_SELECTED"", ""TOKEN_SELECTED"", ""TOKEN_DESELECTED"", ""TOKEN_DESELECTED"", ""TOKEN_SELECTED""]",MENTION_CREATED,train,llm_synthetic_expanded,1.0
llm_synth_expanded_615,synthetic,33,12,13,"[""PROCESS_START"", ""STEP_MENTION_SUGGESTION"", ""STEP_METION"", ""TOKEN_SELECTED"", ""MENTION_CREATED"", ""TOKEN_SELECTED"", ""TOKEN_SELECTED"", ""TOKEN_SELECTED"", ""TOKEN_DESELECTED"", ""TOKEN_DESELECTED"", ""TOKEN_DESELECTED"", ""TOKEN_SELECTED"", ""TOKEN_SELECTED""]",MENTION_CREATED,train,llm_synthetic_expanded,1.0
llm_synth_expanded_626,synthetic,11,11,12,"[""PROCESS_START"", ""TOKEN_SELECTED"", ""TOKEN_SELECTED"", ""MENTION_CREATED"", ""TOKEN_SELECTED"", ""MENTION_CREATED"", ""TOKEN_SELECTED"", ""TOKEN_SELECTED"", ""TOKEN_DESELECTED"", ""MENTION_CREATED"", ""TOKEN_SELECTED"", ""TOKEN_SELECTED""]",MENTION_CREATED,train,llm_synthetic_expanded,0.9166666666666666
llm_synth_expanded_38,synthetic,12,2,3,"[""PROCESS_START"", ""MENTION_CREATED"", ""TOKEN_SELECTED""]",MENTION_CREATED,train,llm_synthetic_expanded,0.6666666666666666
llm_synth_expanded_325,synthetic,33,3,4,"[""TOKEN_SELECTED"", ""MENTION_CREATED"", ""TOKEN_SELECTED"", ""TOKEN_SELECTED""]",MENTION_CREATED,train,llm_synthetic_expanded,1.0
llm_synth_expanded_181,synthetic,33,4,5,"[""PROCESS_START"", ""TOKEN_SELECTED"", ""TOKEN_SELECTED"", ""TOKEN_SELECTED"", ""MENTION_CREATED""]",MENTION_CREATED,train,llm_synthetic_expanded,0.6
llm_synth_expanded_1201,synthetic,41,21,22,"[""PROCESS_START"", ""RELATION_CREATED"", ""MENTION_SELECTED"", ""MENTION_SELECTED"", ""RELATION_CREATED"", ""MENTION_SELECTED"", ""MENTION_SELECTED"", ""RELATION_CREATED"", ""MENTION_SELECTED"", ""MENTION_SELECTED"", ""RELATION_CREATED"", ""MENTION_SELECTED"", ""MENTION_SELECTED"", ""MENTION_DESELECTED"", ""MENTION_SELECTED"", ""RELATION_CREATED"", ""MENTION_SELECTED"", ""MENTION_SELECTED"", ""RELATION_CREATED"", ""MENTION_SELECTED"", ""MENTION_DESELECTED"", ""MENTION_SELECTED""]",MENTION_CREATED,train,llm_synthetic_expanded,0.9090909090909091
llm_synth_expanded_1174,synthetic,31,13,14,"[""PROCESS_START"", ""STEP_MENTION_SUGGESTION"", ""STEP_METION"", ""TOKEN_SELECTED"", ""TOKEN_SELECTED"", ""MENTION_CREATED"", ""TOKEN_SELECTED"", ""TOKEN_SELECTED"", ""MENTION_CREATED"", ""TOKEN_SELECTED"", ""TOKEN_SELECTED"", ""MENTION_CREATED"", ""TOKEN_SELECTED"", ""TOKEN_SELECTED""]",MENTION_CREATED,train,llm_synthetic_expanded,1.0
llm_synth_expanded_339,synthetic,44,3,4,"[""PROCESS_START"", ""TOKEN_SELECTED"", ""TOKEN_SELECTED"", ""TOKEN_SELECTED""]",MENTION_CREATED,train,llm_synthetic_expanded,0.75
llm_synth_expanded_959,synthetic,44,4,5,"[""PROCESS_START"", ""STEP_MENTION_SUGGESTION"", ""TOKEN_SELECTED"", ""TOKEN_SELECTED"", ""TOKEN_SELECTED""]",MENTION_CREATED,train,llm_synthetic_expanded,1.0
llm_synth_expanded_153,synthetic,22,7,8,"[""PROCESS_START"", ""TOKEN_SELECTED"", ""TOKEN_SELECTED"", ""MENTION_CREATED"", ""TOKEN_SELECTED"", ""TOKEN_SELECTED"", ""MENTION_CREATED"", ""TOKEN_SELECTED""]",MENTION_CREATED,train,llm_synthetic_expanded,0.875
llm_synth_expanded_1173,synthetic,31,11,12,"[""PROCESS_START"", ""STEP_MENTION_SUGGESTION"", ""STEP_METION"", ""TOKEN_SELECTED"", ""MENTION_SUGGESTION_ACCEPTED"", ""TOKEN_SELECTED"", ""MENTION_CREATED"", ""TOKEN_SELECTED"", ""TOKEN_SELECTED"", ""MENTION_CREATED"", ""TOKEN_SELECTED"", ""TOKEN_SELECTED""]",MENTION_CREATED,train,llm_synthetic_expanded,1.0
llm_synth_expanded_256,synthetic,23,10,11,"[""PROCESS_START"", ""STEP_MENTION_SUGGESTION"", ""STEP_METION"", ""TOKEN_SELECTED"", ""MENTION_DELETED"", ""TOKEN_SELECTED"", ""TOKEN_SELECTED"", ""MENTION_CREATED"", ""TOKEN_SELECTED"", ""TOKEN_SELECTED"", ""TOKEN_SELECTED""]",MENTION_CREATED,train,llm_synthetic_expanded,0.9090909090909091
llm_synth_expanded_100,synthetic,41,6,7,"[""PROCESS_START"", ""TOKEN_SELECTED"", ""TOKEN_SELECTED"", ""MENTION_CREATED"", ""TOKEN_SELECTED"", ""MENTION_CREATED"", ""TOKEN_SELECTED""]",MENTION_CREATED,train,llm_synthetic_expanded,0.8571428571428571
llm_synth_expanded_836,synthetic,23,13,14,"[""TOKEN_SELECTED"", ""MENTION_CREATED"", ""TOKEN_SELECTED"", ""MENTION_CREATED"", ""TOKEN_SELECTED"", ""TOKEN_SELECTED"", ""TOKEN_DESELECTED"", ""TOKEN_DESELECTED"", ""TOKEN_SELECTED"", ""MENTION_CREATED"", ""TOKEN_SELECTED"", ""MENTION_CREATED"", ""TOKEN_SELECTED"", ""TOKEN_SELECTED""]",MENTION_CREATED,train,llm_synthetic_expanded,1.0
llm_synth_expanded_625,synthetic,41,2,3,"[""PROCESS_START"", ""MENTION_CREATED"", ""TOKEN_SELECTED""]",MENTION_CREATED,train,llm_synthetic_expanded,0.6666666666666666
llm_synth_expanded_125,synthetic,41,10,11,"[""PROCESS_START"", ""TOKEN_SELECTED"", ""MENTION_SELECTED"", ""RELATION_CREATED"", ""MENTION_SELECTED"", ""MENTION_DESELECTED"", ""TOKEN_SELECTED"", ""TOKEN_SELECTED"", ""TOKEN_DESELECTED"", ""TOKEN_DESELECTED"", ""TOKEN_SELECTED""]",MENTION_CREATED,train,llm_synthetic_expanded,0.9090909090909091
llm_synth_expanded_78,synthetic,43,4,5,"[""TOKEN_SELECTED"", ""MENTION_CREATED"", ""TOKEN_SELECTED"", ""TOKEN_DESELECTED"", ""TOKEN_SELECTED""]",MENTION_CREATED,train,llm_synthetic_expanded,1.0
llm_synth_expanded_1222,synthetic,24,16,17,"[""PROCESS_START"", ""STEP_MENTION_SUGGESTION"", ""TOKEN_SELECTED"", ""TOKEN_SELECTED"", ""MENTION_CREATED"", ""TOKEN_SELECTED"", ""TOKEN_SELECTED"", ""MENTION_CREATED"", ""TOKEN_SELECTED"", ""TOKEN_SELECTED"", ""TOKEN_SELECTED"", ""TOKEN_DESELECTED"", ""TOKEN_DESELECTED"", ""TOKEN_SELECTED"", ""TOKEN_SELECTED"", ""TOKEN_DESELECTED"", ""TOKEN_DESELECTED""]",MENTION_CREATED,train,llm_synthetic_expanded,1.0
llm_synth_expanded_892,synthetic,23,24,25,"[""PROCESS_START"", ""STEP_RELATIONS"", ""STEP_MENTION_SUGGESTION"", ""STEP_METION"", ""TOKEN_SELECTED"", ""MENTION_CREATED"", ""TOKEN_SELECTED"", ""MENTION_CREATED"", ""TOKEN_SELECTED"", ""TOKEN_SELECTED"", ""MENTION_SUGGESTION_REJECTED"", ""TOKEN_SELECTED"", ""TOKEN_SELECTED"", ""MENTION_CREATED"", ""TOKEN_SELECTED"", ""TOKEN_SELECTED"", ""MENTION_CREATED"", ""TOKEN_SELECTED"", ""TOKEN_SELECTED"", ""MENTION_CREATED"", ""TOKEN_SELECTED"", ""TOKEN_SELECTED"", ""MENTION_CREATED"", ""TOKEN_SELECTED"", ""TOKEN_SELECTED""]",MENTION_CREATED,train,llm_synthetic_expanded,0.88
llm_synth_expanded_74,synthetic,43,3,4,"[""MENTION_SUGGESTION_BOUNDS_UPDATED"", ""TOKEN_SELECTED"", ""TOKEN_SELECTED"", ""TOKEN_SELECTED""]",MENTION_CREATED,train,llm_synthetic_expanded,1.0
llm_synth_expanded_124,synthetic,41,3,4,"[""PROCESS_START"", ""TOKEN_SELECTED"", ""TOKEN_SELECTED"", ""TOKEN_SELECTED""]",MENTION_CREATED,train,llm_synthetic_expanded,0.75
llm_synth_expanded_653,synthetic,23,11,12,"[""PROCESS_START"", ""MENTION_CREATED"", ""TOKEN_SELECTED"", ""MENTION_CREATED"", ""TOKEN_SELECTED"", ""TOKEN_SELECTED"", ""MENTION_CREATED"", ""TOKEN_SELECTED"", ""TOKEN_SELECTED"", ""MENTION_CREATED"", ""TOKEN_SELECTED"", ""TOKEN_SELECTED""]",MENTION_CREATED,train,llm_synthetic_expanded,0.9166666666666666
llm_synth_expanded_66,synthetic,41,11,12,"[""PROCESS_START"", ""STEP_MENTION_SUGGESTION"", ""STEP_METION"", ""TOKEN_SELECTED"", ""MENTION_CREATED"", ""TOKEN_SELECTED"", ""MENTION_CREATED"", ""TOKEN_SELECTED"", ""MENTION_CREATED"", ""TOKEN_SELECTED"", ""TOKEN_SELECTED"", ""TOKEN_DESELECTED""]",MENTION_CREATED,train,llm_synthetic_expanded,1.0
llm_synth_expanded_124,synthetic,41,13,14,"[""PROCESS_START"", ""TOKEN_SELECTED"", ""TOKEN_SELECTED"", ""TOKEN_SELECTED"", ""MENTION_CREATED"", ""TOKEN_SELECTED"", ""MENTION_CREATED"", ""TOKEN_SELECTED"", ""MENTION_CREATED"", ""TOKEN_SELECTED"", ""MENTION_CREATED"", ""TOKEN_SELECTED"", ""MENTION_CREATED"", ""TOKEN_SELECTED""]",MENTION_CREATED,train,llm_synthetic_expanded,0.9285714285714286
llm_synth_expanded_837,synthetic,23,5,6,"[""MENTION_SELECTED"", ""ENTITY_GROUPED"", ""MENTION_SELECTED"", ""MENTION_SELECTED"", ""ENTITY_GROUPED"", ""TOKEN_SELECTED""]",MENTION_CREATED,train,llm_synthetic_expanded,1.0
llm_synth_expanded_867,synthetic,43,6,7,"[""TOKEN_SELECTED"", ""MENTION_CREATED"", ""TOKEN_SELECTED"", ""MENTION_CREATED"", ""TOKEN_SELECTED"", ""MENTION_CREATED"", ""TOKEN_SELECTED""]",MENTION_CREATED,train,llm_synthetic_expanded,1.0
llm_synth_expanded_626,synthetic,11,4,5,"[""PROCESS_START"", ""TOKEN_SELECTED"", ""TOKEN_SELECTED"", ""MENTION_CREATED"", ""TOKEN_SELECTED""]",MENTION_CREATED,train,llm_synthetic_expanded,0.8
llm_synth_expanded_867,synthetic,43,4,5,"[""TOKEN_SELECTED"", ""MENTION_CREATED"", ""TOKEN_SELECTED"", ""MENTION_CREATED"", ""TOKEN_SELECTED""]",MENTION_CREATED,train,llm_synthetic_expanded,1.0
llm_synth_expanded_74,synthetic,43,15,16,"[""MENTION_SUGGESTION_BOUNDS_UPDATED"", ""TOKEN_SELECTED"", ""TOKEN_SELECTED"", ""TOKEN_SELECTED"", ""MENTION_CREATED"", ""TOKEN_SELECTED"", ""MENTION_CREATED"", ""TOKEN_SELECTED"", ""MENTION_CREATED"", ""TOKEN_SELECTED"", ""TOKEN_SELECTED"", ""TOKEN_DESELECTED"", ""TOKEN_DESELECTED"", ""TOKEN_SELECTED"", ""MENTION_CREATED"", ""TOKEN_SELECTED""]",MENTION_CREATED,train,llm_synthetic_expanded,1.0
llm_synth_expanded_256,synthetic,23,15,16,"[""PROCESS_START"", ""STEP_MENTION_SUGGESTION"", ""STEP_METION"", ""TOKEN_SELECTED"", ""MENTION_DELETED"", ""TOKEN_SELECTED"", ""TOKEN_SELECTED"", ""MENTION_CREATED"", ""TOKEN_SELECTED"", ""TOKEN_SELECTED"", ""TOKEN_SELECTED"", ""MENTION_CREATED"", ""MENTION_SELECTED"", ""MENTION_SUGGESTION_BOUNDS_UPDATED"", ""MENTION_SUGGESTION_BOUNDS_UPDATED"", ""TOKEN_SELECTED""]",MENTION_CREATED,train,llm_synthetic_expanded,0.9375
llm_synth_expanded_626,synthetic,11,14,15,"[""PROCESS_START"", ""TOKEN_SELECTED"", ""TOKEN_SELECTED"", ""MENTION_CREATED"", ""TOKEN_SELECTED"", ""MENTION_CREATED"", ""TOKEN_SELECTED"", ""TOKEN_SELECTED"", ""TOKEN_DESELECTED"", ""MENTION_CREATED"", ""TOKEN_SELECTED"", ""TOKEN_SELECTED"", ""MENTION_CREATED"", ""TOKEN_SELECTED"", ""TOKEN_SELECTED""]",MENTION_CREATED,train,llm_synthetic_expanded,0.9333333333333333
llm_synth_expanded_867,synthetic,43,9,10,"[""TOKEN_SELECTED"", ""MENTION_CREATED"", ""TOKEN_SELECTED"", ""MENTION_CREATED"", ""TOKEN_SELECTED"", ""MENTION_CREATED"", ""TOKEN_SELECTED"", ""MENTION_CREATED"", ""TOKEN_SELECTED"", ""TOKEN_SELECTED""]",MENTION_CREATED,train,llm_synthetic_expanded,1.0
llm_synth_expanded_991,synthetic,11,11,12,"[""TOKEN_SELECTED"", ""MENTION_CREATED"", ""TOKEN_SELECTED"", ""TOKEN_SELECTED"", ""MENTION_CREATED"", ""TOKEN_SELECTED"", ""TOKEN_SELECTED"", ""TOKEN_SELECTED"", ""MENTION_CREATED"", ""TOKEN_SELECTED"", ""TOKEN_SELECTED"", ""TOKEN_SELECTED""]",MENTION_CREATED,train,llm_synthetic_expanded,1.0
llm_synth_expanded_17,synthetic,43,4,5,"[""PROCESS_START"", ""STEP_MENTION_SUGGESTION"", ""STEP_METION"", ""TOKEN_SELECTED"", ""MENTION_CREATED""]",MENTION_CREATED,train,llm_synthetic_expanded,0.8
llm_synth_expanded_1059,synthetic,14,3,4,"[""PROCESS_START"", ""STEP_MENTION_SUGGESTION"", ""STEP_METION"", ""TOKEN_SELECTED""]",MENTION_CREATED,train,llm_synthetic_expanded,1.0
llm_synth_expanded_885,synthetic,23,4,5,"[""PROCESS_START"", ""STEP_RELATIONS"", ""STEP_MENTION_SUGGESTION"", ""STEP_METION"", ""TOKEN_SELECTED""]",MENTION_CREATED,train,llm_synthetic_expanded,0.6
llm_synth_expanded_310,synthetic,23,5,6,"[""PROCESS_START"", ""STEP_RELATIONS"", ""STEP_RELATION_SUGGESTION"", ""STEP_METION"", ""TOKEN_SELECTED"", ""TOKEN_SELECTED""]",MENTION_CREATED,train,llm_synthetic_expanded,0.5
llm_synth_expanded_658,synthetic,23,8,9,"[""PROCESS_START"", ""MENTION_DELETED"", ""TOKEN_SELECTED"", ""TOKEN_SELECTED"", ""TOKEN_SELECTED"", ""TOKEN_DESELECTED"", ""TOKEN_DESELECTED"", ""TOKEN_DESELECTED"", ""TOKEN_SELECTED""]",MENTION_CREATED,train,llm_synthetic_expanded,0.8888888888888888
llm_synth_expanded_263,synthetic,41,3,4,"[""TOKEN_SELECTED"", ""MENTION_CREATED"", ""TOKEN_SELECTED"", ""TOKEN_SELECTED""]",MENTION_CREATED,train,llm_synthetic_expanded,1.0
llm_synth_expanded_180,synthetic,33,3,4,"[""PROCESS_START"", ""TOKEN_SELECTED"", ""TOKEN_SELECTED"", ""MENTION_CREATED""]",MENTION_CREATED,train,llm_synthetic_expanded,0.5
llm_synth_expanded_959,synthetic,44,8,9,"[""PROCESS_START"", ""STEP_MENTION_SUGGESTION"", ""TOKEN_SELECTED"", ""TOKEN_SELECTED"", ""TOKEN_SELECTED"", ""MENTION_CREATED"", ""TOKEN_SELECTED"", ""MENTION_CREATED"", ""TOKEN_SELECTED""]",MENTION_CREATED,train,llm_synthetic_expanded,1.0
llm_synth_expanded_124,synthetic,41,5,6,"[""PROCESS_START"", ""TOKEN_SELECTED"", ""TOKEN_SELECTED"", ""TOKEN_SELECTED"", ""MENTION_CREATED"", ""TOKEN_SELECTED""]",MENTION_CREATED,train,llm_synthetic_expanded,0.8333333333333334
llm_synth_expanded_171,synthetic,24,9,10,"[""PROCESS_START"", ""MENTION_CREATED"", ""TOKEN_SELECTED"", ""TOKEN_SELECTED"", ""MENTION_CREATED"", ""TOKEN_SELECTED"", ""TOKEN_SELECTED"", ""MENTION_CREATED"", ""TOKEN_SELECTED"", ""TOKEN_SELECTED""]",MENTION_CREATED,train,llm_synthetic_expanded,0.9
llm_synth_expanded_626,synthetic,11,2,3,"[""PROCESS_START"", ""TOKEN_SELECTED"", ""TOKEN_SELECTED""]",MENTION_CREATED,train,llm_synthetic_expanded,0.6666666666666666
llm_synth_expanded_886,synthetic,23,12,13,"[""PROCESS_START"", ""STEP_RELATIONS"", ""STEP_MENTION_SUGGESTION"", ""STEP_METION"", ""TOKEN_SELECTED"", ""MENTION_CREATED"", ""TOKEN_SELECTED"", ""MENTION_CREATED"", ""TOKEN_SELECTED"", ""TOKEN_SELECTED"", ""MENTION_SUGGESTION_REJECTED"", ""TOKEN_SELECTED"", ""TOKEN_SELECTED""]",MENTION_CREATED,train,llm_synthetic_expanded,0.7692307692307693
llm_synth_expanded_886,synthetic,23,15,16,"[""PROCESS_START"", ""STEP_RELATIONS"", ""STEP_MENTION_SUGGESTION"", ""STEP_METION"", ""TOKEN_SELECTED"", ""MENTION_CREATED"", ""TOKEN_SELECTED"", ""MENTION_CREATED"", ""TOKEN_SELECTED"", ""TOKEN_SELECTED"", ""MENTION_SUGGESTION_REJECTED"", ""TOKEN_SELECTED"", ""TOKEN_SELECTED"", ""MENTION_CREATED"", ""TOKEN_SELECTED"", ""TOKEN_SELECTED""]",MENTION_CREATED,train,llm_synthetic_expanded,0.8125
llm_synth_expanded_121,synthetic,41,6,7,"[""PROCESS_START"", ""MENTION_CREATED"", ""MENTION_SELECTED"", ""MENTION_DELETED"", ""TOKEN_SELECTED"", ""TOKEN_SELECTED"", ""TOKEN_SELECTED""]",MENTION_CREATED,train,llm_synthetic_expanded,0.8571428571428571
llm_synth_expanded_100,synthetic,41,9,10,"[""PROCESS_START"", ""TOKEN_SELECTED"", ""TOKEN_SELECTED"", ""MENTION_CREATED"", ""TOKEN_SELECTED"", ""MENTION_CREATED"", ""TOKEN_SELECTED"", ""MENTION_CREATED"", ""TOKEN_SELECTED"", ""TOKEN_SELECTED""]",MENTION_CREATED,train,llm_synthetic_expanded,0.9
llm_synth_expanded_1098,synthetic,13,7,8,"[""PROCESS_START"", ""STEP_MENTION_SUGGESTION"", ""STEP_METION"", ""TOKEN_SELECTED"", ""MENTION_CREATED"", ""TOKEN_SELECTED"", ""MENTION_CREATED"", ""TOKEN_SELECTED""]",MENTION_CREATED,train,llm_synthetic_expanded,1.0
llm_synth_expanded_867,synthetic,43,11,12,"[""TOKEN_SELECTED"", ""MENTION_CREATED"", ""TOKEN_SELECTED"", ""MENTION_CREATED"", ""TOKEN_SELECTED"", ""MENTION_CREATED"", ""TOKEN_SELECTED"", ""MENTION_CREATED"", ""TOKEN_SELECTED"", ""TOKEN_SELECTED"", ""MENTION_CREATED"", ""TOKEN_SELECTED""]",MENTION_CREATED,train,llm_synthetic_expanded,1.0
llm_synth_expanded_325,synthetic,33,15,16,"[""TOKEN_SELECTED"", ""MENTION_CREATED"", ""TOKEN_SELECTED"", ""TOKEN_SELECTED"", ""MENTION_CREATED"", ""TOKEN_SELECTED"", ""TOKEN_SELECTED"", ""MENTION_CREATED"", ""TOKEN_SELECTED"", ""TOKEN_SELECTED"", ""MENTION_CREATED"", ""TOKEN_SELECTED"", ""TOKEN_SELECTED"", ""MENTION_CREATED"", ""TOKEN_SELECTED"", ""TOKEN_SELECTED""]",MENTION_CREATED,train,llm_synthetic_expanded,1.0
llm_synth_expanded_171,synthetic,24,6,7,"[""PROCESS_START"", ""MENTION_CREATED"", ""TOKEN_SELECTED"", ""TOKEN_SELECTED"", ""MENTION_CREATED"", ""TOKEN_SELECTED"", ""TOKEN_SELECTED""]",MENTION_CREATED,train,llm_synthetic_expanded,0.8571428571428571
llm_synth_expanded_1009,synthetic,23,8,9,"[""PROCESS_START"", ""MENTION_CREATED"", ""TOKEN_SELECTED"", ""TOKEN_SELECTED"", ""TOKEN_DESELECTED"", ""TOKEN_SELECTED"", ""TOKEN_SELECTED"", ""TOKEN_DESELECTED"", ""TOKEN_SELECTED""]",MENTION_CREATED,train,llm_synthetic_expanded,0.8888888888888888
llm_synth_expanded_198,synthetic,23,13,14,"[""PROCESS_START"", ""STEP_MENTION_SUGGESTION"", ""STEP_METION"", ""TOKEN_SELECTED"", ""TOKEN_SELECTED"", ""MENTION_CREATED"", ""TOKEN_SELECTED"", ""TOKEN_SELECTED"", ""MENTION_CREATED"", ""TOKEN_SELECTED"", ""TOKEN_SELECTED"", ""MENTION_CREATED"", ""TOKEN_SELECTED"", ""TOKEN_SELECTED""]",MENTION_CREATED,train,llm_synthetic_expanded,1.0
llm_synth_expanded_580,synthetic,41,1,2,"[""MENTION_CREATED"", ""TOKEN_SELECTED""]",MENTION_CREATED,train,llm_synthetic_expanded,1.0
llm_synth_expanded_885,synthetic,23,6,7,"[""PROCESS_START"", ""STEP_RELATIONS"", ""STEP_MENTION_SUGGESTION"", ""STEP_METION"", ""TOKEN_SELECTED"", ""MENTION_CREATED"", ""TOKEN_SELECTED""]",MENTION_CREATED,train,llm_synthetic_expanded,0.7142857142857143
llm_synth_expanded_180,synthetic,33,2,3,"[""PROCESS_START"", ""TOKEN_SELECTED"", ""TOKEN_SELECTED""]",MENTION_CREATED,train,llm_synthetic_expanded,0.6666666666666666
llm_synth_expanded_836,synthetic,23,2,3,"[""TOKEN_SELECTED"", ""MENTION_CREATED"", ""TOKEN_SELECTED""]",MENTION_CREATED,train,llm_synthetic_expanded,1.0
llm_synth_expanded_38,synthetic,12,4,5,"[""PROCESS_START"", ""MENTION_CREATED"", ""TOKEN_SELECTED"", ""MENTION_CREATED"", ""TOKEN_SELECTED""]",MENTION_CREATED,train,llm_synthetic_expanded,0.8
llm_synth_expanded_625,synthetic,41,10,11,"[""PROCESS_START"", ""MENTION_CREATED"", ""TOKEN_SELECTED"", ""MENTION_CREATED"", ""TOKEN_SELECTED"", ""MENTION_CREATED"", ""TOKEN_SELECTED"", ""MENTION_CREATED"", ""TOKEN_SELECTED"", ""MENTION_CREATED"", ""TOKEN_SELECTED""]",MENTION_CREATED,train,llm_synthetic_expanded,0.9090909090909091
llm_synth_expanded_225,synthetic,25,13,14,"[""TOKEN_SELECTED"", ""TOKEN_SELECTED"", ""MENTION_CREATED"", ""TOKEN_SELECTED"", ""TOKEN_SELECTED"", ""MENTION_CREATED"", ""TOKEN_SELECTED"", ""TOKEN_SELECTED"", ""MENTION_CREATED"", ""TOKEN_SELECTED"", ""MENTION_CREATED"", ""TOKEN_SELECTED"", ""MENTION_CREATED"", ""TOKEN_SELECTED""]",MENTION_CREATED,train,llm_synthetic_expanded,1.0
llm_synth_expanded_742,synthetic,23,5,6,"[""PROCESS_START"", ""TOKEN_SELECTED"", ""TOKEN_SELECTED"", ""MENTION_CREATED"", ""TOKEN_SELECTED"", ""TOKEN_SELECTED""]",MENTION_CREATED,train,llm_synthetic_expanded,0.8333333333333334
llm_synth_expanded_1059,synthetic,14,5,6,"[""PROCESS_START"", ""STEP_MENTION_SUGGESTION"", ""STEP_METION"", ""TOKEN_SELECTED"", ""MENTION_CREATED"", ""TOKEN_SELECTED""]",MENTION_CREATED,train,llm_synthetic_expanded,1.0
llm_synth_expanded_1229,synthetic,25,18,19,"[""PROCESS_START"", ""STEP_MENTION_SUGGESTION"", ""STEP_METION"", ""TOKEN_SELECTED"", ""TOKEN_SELECTED"", ""MENTION_CREATED"", ""TOKEN_SELECTED"", ""TOKEN_SELECTED"", ""MENTION_CREATED"", ""TOKEN_SELECTED"", ""TOKEN_SELECTED"", ""MENTION_CREATED"", ""TOKEN_SELECTED"", ""TOKEN_SELECTED"", ""MENTION_CREATED"", ""TOKEN_SELECTED"", ""TOKEN_SELECTED"", ""MENTION_CREATED"", ""TOKEN_SELECTED""]",MENTION_CREATED,train,llm_synthetic_expanded,1.0
llm_synth_expanded_1130,synthetic,33,5,6,"[""PROCESS_START"", ""STEP_MENTION_SUGGESTION"", ""STEP_METION"", ""TOKEN_SELECTED"", ""TOKEN_SELECTED"", ""MENTION_CREATED""]",MENTION_CREATED,train,llm_synthetic_expanded,0.8333333333333334
llm_synth_expanded_225,synthetic,25,4,5,"[""TOKEN_SELECTED"", ""TOKEN_SELECTED"", ""MENTION_CREATED"", ""TOKEN_SELECTED"", ""TOKEN_SELECTED""]",MENTION_CREATED,train,llm_synthetic_expanded,1.0
llm_synth_expanded_325,synthetic,33,12,13,"[""TOKEN_SELECTED"", ""MENTION_CREATED"", ""TOKEN_SELECTED"", ""TOKEN_SELECTED"", ""MENTION_CREATED"", ""TOKEN_SELECTED"", ""TOKEN_SELECTED"", ""MENTION_CREATED"", ""TOKEN_SELECTED"", ""TOKEN_SELECTED"", ""MENTION_CREATED"", ""TOKEN_SELECTED"", ""TOKEN_SELECTED""]",MENTION_CREATED,train,llm_synthetic_expanded,1.0
llm_synth_expanded_153,synthetic,22,2,3,"[""PROCESS_START"", ""TOKEN_SELECTED"", ""TOKEN_SELECTED""]",MENTION_CREATED,train,llm_synthetic_expanded,0.6666666666666666
llm_synth_expanded_74,synthetic,43,5,6,"[""MENTION_SUGGESTION_BOUNDS_UPDATED"", ""TOKEN_SELECTED"", ""TOKEN_SELECTED"", ""TOKEN_SELECTED"", ""MENTION_CREATED"", ""TOKEN_SELECTED""]",MENTION_CREATED,train,llm_synthetic_expanded,1.0
llm_synth_expanded_626,synthetic,11,8,9,"[""PROCESS_START"", ""TOKEN_SELECTED"", ""TOKEN_SELECTED"", ""MENTION_CREATED"", ""TOKEN_SELECTED"", ""MENTION_CREATED"", ""TOKEN_SELECTED"", ""TOKEN_SELECTED"", ""TOKEN_DESELECTED""]",MENTION_CREATED,train,llm_synthetic_expanded,0.8888888888888888
llm_synth_expanded_548,synthetic,25,11,12,"[""PROCESS_START"", ""STEP_RELATIONS"", ""RELATION_SUGGESTION_MARKED"", ""TOKEN_SELECTED"", ""TOKEN_SELECTED"", ""MENTION_CREATED"", ""TOKEN_SELECTED"", ""TOKEN_SELECTED"", ""MENTION_CREATED"", ""TOKEN_SELECTED"", ""TOKEN_SELECTED"", ""TOKEN_SELECTED""]",MENTION_CREATED,train,llm_synthetic_expanded,0.75
llm_synth_expanded_338,synthetic,44,2,3,"[""PROCESS_START"", ""MENTION_CREATED"", ""TOKEN_SELECTED""]",MENTION_CREATED,train,llm_synthetic_expanded,0.6666666666666666
llm_synth_expanded_1054,synthetic,43,2,3,"[""TOKEN_SELECTED"", ""TOKEN_SELECTED"", ""TOKEN_SELECTED""]",MENTION_CREATED,train,llm_synthetic_expanded,1.0
llm_synth_expanded_1059,synthetic,14,9,10,"[""PROCESS_START"", ""STEP_MENTION_SUGGESTION"", ""STEP_METION"", ""TOKEN_SELECTED"", ""MENTION_CREATED"", ""TOKEN_SELECTED"", ""MENTION_CREATED"", ""TOKEN_SELECTED"", ""TOKEN_SELECTED"", ""TOKEN_SELECTED""]",MENTION_CREATED,train,llm_synthetic_expanded,1.0
llm_synth_expanded_548,synthetic,25,4,5,"[""PROCESS_START"", ""STEP_RELATIONS"", ""RELATION_SUGGESTION_MARKED"", ""TOKEN_SELECTED"", ""TOKEN_SELECTED""]",MENTION_CREATED,train,llm_synthetic_expanded,0.4
llm_synth_expanded_74,synthetic,43,7,8,"[""MENTION_SUGGESTION_BOUNDS_UPDATED"", ""TOKEN_SELECTED"", ""TOKEN_SELECTED"", ""TOKEN_SELECTED"", ""MENTION_CREATED"", ""TOKEN_SELECTED"", ""MENTION_CREATED"", ""TOKEN_SELECTED""]",MENTION_CREATED,train,llm_synthetic_expanded,1.0
llm_synth_expanded_78,synthetic,43,10,11,"[""TOKEN_SELECTED"", ""MENTION_CREATED"", ""TOKEN_SELECTED"", ""TOKEN_DESELECTED"", ""TOKEN_SELECTED"", ""MENTION_CREATED"", ""TOKEN_SELECTED"", ""TOKEN_SELECTED"", ""TOKEN_SELECTED"", ""MENTION_CREATED"", ""TOKEN_SELECTED""]",MENTION_CREATED,train,llm_synthetic_expanded,1.0
llm_synth_expanded_254,synthetic,23,17,18,"[""PROCESS_START"", ""STEP_MENTION_SUGGESTION"", ""STEP_METION"", ""TOKEN_SELECTED"", ""MENTION_CREATED"", ""TOKEN_SELECTED"", ""TOKEN_SELECTED"", ""MENTION_CREATED"", ""TOKEN_SELECTED"", ""TOKEN_SELECTED"", ""TOKEN_SELECTED"", ""MENTION_CREATED"", ""MENTION_SELECTED"", ""MENTION_SUGGESTION_BOUNDS_UPDATED"", ""MENTION_SUGGESTION_BOUNDS_UPDATED"", ""TOKEN_SELECTED"", ""MENTION_CREATED"", ""TOKEN_SELECTED""]",MENTION_CREATED,train,llm_synthetic_expanded,1.0
llm_synth_expanded_1045,synthetic,11,12,13,"[""TOKEN_SELECTED"", ""MENTION_CREATED"", ""TOKEN_SELECTED"", ""MENTION_CREATED"", ""TOKEN_SELECTED"", ""TOKEN_SELECTED"", ""TOKEN_SELECTED"", ""MENTION_CREATED"", ""TOKEN_SELECTED"", ""TOKEN_SELECTED"", ""TOKEN_SELECTED"", ""MENTION_CREATED"", ""TOKEN_SELECTED""]",MENTION_CREATED,train,llm_synthetic_expanded,1.0
llm_synth_expanded_741,synthetic,23,18,19,"[""PROCESS_START"", ""MENTION_CREATED"", ""TOKEN_SELECTED"", ""TOKEN_SELECTED"", ""MENTION_CREATED"", ""TOKEN_SELECTED"", ""TOKEN_SELECTED"", ""MENTION_CREATED"", ""TOKEN_SELECTED"", ""TOKEN_SELECTED"", ""MENTION_CREATED"", ""STEP_ENTITIES"", ""MENTION_SELECTED"", ""MENTION_SELECTED"", ""ENTITY_GROUPED"", ""MENTION_SELECTED"", ""MENTION_SELECTED"", ""ENTITY_GROUPED"", ""TOKEN_SELECTED""]",MENTION_CREATED,train,llm_synthetic_expanded,0.9473684210526315
llm_synth_expanded_91,synthetic,23,4,5,"[""PROCESS_START"", ""STEP_MENTION_SUGGESTION"", ""STEP_METION"", ""TOKEN_SELECTED"", ""MENTION_CREATED""]",MENTION_CREATED,train,llm_synthetic_expanded,0.8
llm_synth_expanded_310,synthetic,23,11,12,"[""PROCESS_START"", ""STEP_RELATIONS"", ""STEP_RELATION_SUGGESTION"", ""STEP_METION"", ""TOKEN_SELECTED"", ""TOKEN_SELECTED"", ""MENTION_CREATED"", ""TOKEN_SELECTED"", ""TOKEN_SELECTED"", ""MENTION_CREATED"", ""TOKEN_SELECTED"", ""TOKEN_SELECTED""]",MENTION_CREATED,train,llm_synthetic_expanded,0.75
llm_synth_expanded_1046,synthetic,11,13,14,"[""MENTION_CREATED"", ""TOKEN_SELECTED"", ""TOKEN_DESELECTED"", ""TOKEN_SELECTED"", ""MENTION_CREATED"", ""TOKEN_SELECTED"", ""MENTION_CREATED"", ""TOKEN_SELECTED"", ""TOKEN_DESELECTED"", ""TOKEN_SELECTED"", ""MENTION_CREATED"", ""TOKEN_SELECTED"", ""TOKEN_SELECTED"", ""TOKEN_SELECTED""]",MENTION_CREATED,train,llm_synthetic_expanded,1.0
llm_synth_expanded_742,synthetic,23,8,9,"[""PROCESS_START"", ""TOKEN_SELECTED"", ""TOKEN_SELECTED"", ""MENTION_CREATED"", ""TOKEN_SELECTED"", ""TOKEN_SELECTED"", ""MENTION_CREATED"", ""TOKEN_SELECTED"", ""TOKEN_SELECTED""]",MENTION_CREATED,train,llm_synthetic_expanded,0.8888888888888888
llm_synth_expanded_991,synthetic,11,15,16,"[""TOKEN_SELECTED"", ""MENTION_CREATED"", ""TOKEN_SELECTED"", ""TOKEN_SELECTED"", ""MENTION_CREATED"", ""TOKEN_SELECTED"", ""TOKEN_SELECTED"", ""TOKEN_SELECTED"", ""MENTION_CREATED"", ""TOKEN_SELECTED"", ""TOKEN_SELECTED"", ""TOKEN_SELECTED"", ""MENTION_CREATED"", ""TOKEN_SELECTED"", ""TOKEN_SELECTED"", ""TOKEN_SELECTED""]",MENTION_CREATED,train,llm_synthetic_expanded,1.0
llm_synth_expanded_1074,synthetic,41,2,3,"[""PROCESS_START"", ""STEP_MENTION_SUGGESTION"", ""STEP_METION""]",MENTION_CREATED,train,llm_synthetic_expanded,0.6666666666666666
llm_synth_expanded_256,synthetic,23,17,18,"[""PROCESS_START"", ""STEP_MENTION_SUGGESTION"", ""STEP_METION"", ""TOKEN_SELECTED"", ""MENTION_DELETED"", ""TOKEN_SELECTED"", ""TOKEN_SELECTED"", ""MENTION_CREATED"", ""TOKEN_SELECTED"", ""TOKEN_SELECTED"", ""TOKEN_SELECTED"", ""MENTION_CREATED"", ""MENTION_SELECTED"", ""MENTION_SUGGESTION_BOUNDS_UPDATED"", ""MENTION_SUGGESTION_BOUNDS_UPDATED"", ""TOKEN_SELECTED"", ""MENTION_CREATED"", ""TOKEN_SELECTED""]",MENTION_CREATED,train,llm_synthetic_expanded,0.9444444444444444
llm_synth_expanded_225,synthetic,25,15,16,"[""TOKEN_SELECTED"", ""TOKEN_SELECTED"", ""MENTION_CREATED"", ""TOKEN_SELECTED"", ""TOKEN_SELECTED"", ""MENTION_CREATED"", ""TOKEN_SELECTED"", ""TOKEN_SELECTED"", ""MENTION_CREATED"", ""TOKEN_SELECTED"", ""MENTION_CREATED"", ""TOKEN_SELECTED"", ""MENTION_CREATED"", ""TOKEN_SELECTED"", ""MENTION_CREATED"", ""TOKEN_SELECTED""]",MENTION_CREATED,train,llm_synthetic_expanded,1.0
llm_synth_expanded_625,synthetic,41,14,15,"[""PROCESS_START"", ""MENTION_CREATED"", ""TOKEN_SELECTED"", ""MENTION_CREATED"", ""TOKEN_SELECTED"", ""MENTION_CREATED"", ""TOKEN_SELECTED"", ""MENTION_CREATED"", ""TOKEN_SELECTED"", ""MENTION_CREATED"", ""TOKEN_SELECTED"", ""MENTION_CREATED"", ""TOKEN_SELECTED"", ""MENTION_CREATED"", ""TOKEN_SELECTED""]",MENTION_CREATED,train,llm_synthetic_expanded,0.9333333333333333
llm_synth_expanded_225,synthetic,25,7,8,"[""TOKEN_SELECTED"", ""TOKEN_SELECTED"", ""MENTION_CREATED"", ""TOKEN_SELECTED"", ""TOKEN_SELECTED"", ""MENTION_CREATED"", ""TOKEN_SELECTED"", ""TOKEN_SELECTED""]",MENTION_CREATED,train,llm_synthetic_expanded,1.0
llm_synth_expanded_1229,synthetic,25,13,14,"[""PROCESS_START"", ""STEP_MENTION_SUGGESTION"", ""STEP_METION"", ""TOKEN_SELECTED"", ""TOKEN_SELECTED"", ""MENTION_CREATED"", ""TOKEN_SELECTED"", ""TOKEN_SELECTED"", ""MENTION_CREATED"", ""TOKEN_SELECTED"", ""TOKEN_SELECTED"", ""MENTION_CREATED"", ""TOKEN_SELECTED"", ""TOKEN_SELECTED""]",MENTION_CREATED,train,llm_synthetic_expanded,1.0
llm_synth_expanded_1045,synthetic,11,2,3,"[""TOKEN_SELECTED"", ""MENTION_CREATED"", ""TOKEN_SELECTED""]",MENTION_CREATED,train,llm_synthetic_expanded,1.0
llm_synth_expanded_254,synthetic,23,15,16,"[""PROCESS_START"", ""STEP_MENTION_SUGGESTION"", ""STEP_METION"", ""TOKEN_SELECTED"", ""MENTION_CREATED"", ""TOKEN_SELECTED"", ""TOKEN_SELECTED"", ""MENTION_CREATED"", ""TOKEN_SELECTED"", ""TOKEN_SELECTED"", ""TOKEN_SELECTED"", ""MENTION_CREATED"", ""MENTION_SELECTED"", ""MENTION_SUGGESTION_BOUNDS_UPDATED"", ""MENTION_SUGGESTION_BOUNDS_UPDATED"", ""TOKEN_SELECTED""]",MENTION_CREATED,train,llm_synthetic_expanded,1.0
llm_synth_expanded_225,synthetic,25,1,2,"[""TOKEN_SELECTED"", ""TOKEN_SELECTED""]",MENTION_CREATED,train,llm_synthetic_expanded,1.0
llm_synth_expanded_458,synthetic,21,8,9,"[""PROCESS_START"", ""STEP_MENTION_SUGGESTION"", ""STEP_METION"", ""TOKEN_SELECTED"", ""MENTION_CREATED"", ""TOKEN_SELECTED"", ""MENTION_CREATED"", ""TOKEN_SELECTED"", ""TOKEN_SELECTED""]",MENTION_CREATED,train,llm_synthetic_expanded,1.0
llm_synth_expanded_100,synthetic,41,4,5,"[""PROCESS_START"", ""TOKEN_SELECTED"", ""TOKEN_SELECTED"", ""MENTION_CREATED"", ""TOKEN_SELECTED""]",MENTION_CREATED,train,llm_synthetic_expanded,0.8
llm_synth_expanded_254,synthetic,23,10,11,"[""PROCESS_START"", ""STEP_MENTION_SUGGESTION"", ""STEP_METION"", ""TOKEN_SELECTED"", ""MENTION_CREATED"", ""TOKEN_SELECTED"", ""TOKEN_SELECTED"", ""MENTION_CREATED"", ""TOKEN_SELECTED"", ""TOKEN_SELECTED"", ""TOKEN_SELECTED""]",MENTION_CREATED,train,llm_synthetic_expanded,1.0
llm_synth_expanded_920,synthetic,21,9,10,"[""PROCESS_START"", ""STEP_MENTION_SUGGESTION"", ""STEP_METION"", ""TOKEN_SELECTED"", ""MENTION_CREATED"", ""TOKEN_SELECTED"", ""MENTION_CREATED"", ""TOKEN_SELECTED"", ""TOKEN_SELECTED"", ""TOKEN_SELECTED""]",MENTION_CREATED,train,llm_synthetic_expanded,1.0
llm_synth_expanded_1175,synthetic,31,16,17,"[""PROCESS_START"", ""STEP_MENTION_SUGGESTION"", ""STEP_METION"", ""TOKEN_SELECTED"", ""TOKEN_SELECTED"", ""MENTION_CREATED"", ""TOKEN_SELECTED"", ""TOKEN_SELECTED"", ""MENTION_CREATED"", ""TOKEN_SELECTED"", ""TOKEN_SELECTED"", ""MENTION_CREATED"", ""TOKEN_SELECTED"", ""TOKEN_SELECTED"", ""MENTION_CREATED"", ""TOKEN_SELECTED"", ""TOKEN_SELECTED""]",MENTION_CREATED,train,llm_synthetic_expanded,1.0
llm_synth_expanded_740,synthetic,23,6,7,"[""PROCESS_START"", ""MENTION_CREATED"", ""TOKEN_SELECTED"", ""TOKEN_SELECTED"", ""MENTION_CREATED"", ""TOKEN_SELECTED"", ""TOKEN_SELECTED""]",MENTION_CREATED,train,llm_synthetic_expanded,0.8571428571428571
llm_synth_expanded_153,synthetic,22,9,10,"[""PROCESS_START"", ""TOKEN_SELECTED"", ""TOKEN_SELECTED"", ""MENTION_CREATED"", ""TOKEN_SELECTED"", ""TOKEN_SELECTED"", ""MENTION_CREATED"", ""TOKEN_SELECTED"", ""MENTION_CREATED"", ""TOKEN_SELECTED""]",MENTION_CREATED,train,llm_synthetic_expanded,0.9
llm_synth_expanded_887,synthetic,23,18,19,"[""PROCESS_START"", ""STEP_RELATIONS"", ""STEP_MENTION_SUGGESTION"", ""STEP_METION"", ""TOKEN_SELECTED"", ""MENTION_CREATED"", ""TOKEN_SELECTED"", ""MENTION_CREATED"", ""TOKEN_SELECTED"", ""TOKEN_SELECTED"", ""MENTION_SUGGESTION_REJECTED"", ""TOKEN_SELECTED"", ""TOKEN_SELECTED"", ""MENTION_CREATED"", ""TOKEN_SELECTED"", ""TOKEN_SELECTED"", ""MENTION_CREATED"", ""TOKEN_SELECTED"", ""TOKEN_SELECTED""]",MENTION_CREATED,train,llm_synthetic_expanded,0.8421052631578947
llm_synth_expanded_1173,synthetic,31,5,6,"[""PROCESS_START"", ""STEP_MENTION_SUGGESTION"", ""STEP_METION"", ""TOKEN_SELECTED"", ""MENTION_SUGGESTION_ACCEPTED"", ""TOKEN_SELECTED""]",MENTION_CREATED,train,llm_synthetic_expanded,1.0
llm_synth_expanded_18,synthetic,43,17,18,"[""PROCESS_START"", ""STEP_MENTION_SUGGESTION"", ""STEP_METION"", ""TOKEN_SELECTED"", ""MENTION_CREATED"", ""TOKEN_SELECTED"", ""TOKEN_SELECTED"", ""TOKEN_SELECTED"", ""MENTION_CREATED"", ""TOKEN_SELECTED"", ""MENTION_CREATED"", ""TOKEN_SELECTED"", ""TOKEN_SELECTED"", ""TOKEN_SELECTED"", ""TOKEN_DESELECTED"", ""TOKEN_DESELECTED"", ""TOKEN_DESELECTED"", ""TOKEN_SELECTED""]",MENTION_CREATED,train,llm_synthetic_expanded,1.0
llm_synth_expanded_225,synthetic,25,11,12,"[""TOKEN_SELECTED"", ""TOKEN_SELECTED"", ""MENTION_CREATED"", ""TOKEN_SELECTED"", ""TOKEN_SELECTED"", ""MENTION_CREATED"", ""TOKEN_SELECTED"", ""TOKEN_SELECTED"", ""MENTION_CREATED"", ""TOKEN_SELECTED"", ""MENTION_CREATED"", ""TOKEN_SELECTED""]",MENTION_CREATED,train,llm_synthetic_expanded,1.0
llm_synth_expanded_867,synthetic,43,15,16,"[""TOKEN_SELECTED"", ""MENTION_CREATED"", ""TOKEN_SELECTED"", ""MENTION_CREATED"", ""TOKEN_SELECTED"", ""MENTION_CREATED"", ""TOKEN_SELECTED"", ""MENTION_CREATED"", ""TOKEN_SELECTED"", ""TOKEN_SELECTED"", ""MENTION_CREATED"", ""TOKEN_SELECTED"", ""MENTION_CREATED"", ""TOKEN_SELECTED"", ""MENTION_CREATED"", ""TOKEN_SELECTED""]",MENTION_CREATED,train,llm_synthetic_expanded,1.0
llm_synth_expanded_740,synthetic,23,9,10,"[""PROCESS_START"", ""MENTION_CREATED"", ""TOKEN_SELECTED"", ""TOKEN_SELECTED"", ""MENTION_CREATED"", ""TOKEN_SELECTED"", ""TOKEN_SELECTED"", ""MENTION_CREATED"", ""TOKEN_SELECTED"", ""TOKEN_SELECTED""]",MENTION_CREATED,train,llm_synthetic_expanded,0.9
llm_synth_expanded_883,synthetic,22,8,9,"[""PROCESS_START"", ""MENTION_SELECTED"", ""MENTION_TYPE_UPDATED"", ""MENTION_SUGGESTION_ACCEPTED"", ""MENTION_SUGGESTION_REJECTED"", ""TOKEN_SELECTED"", ""TOKEN_SELECTED"", ""MENTION_CREATED"", ""TOKEN_SELECTED""]",MENTION_CREATED,train,llm_synthetic_expanded,0.8888888888888888
llm_synth_expanded_625,synthetic,41,6,7,"[""PROCESS_START"", ""MENTION_CREATED"", ""TOKEN_SELECTED"", ""MENTION_CREATED"", ""TOKEN_SELECTED"", ""MENTION_CREATED"", ""TOKEN_SELECTED""]",MENTION_CREATED,train,llm_synthetic_expanded,0.8571428571428571
llm_synth_expanded_580,synthetic,41,19,20,"[""MENTION_CREATED"", ""TOKEN_SELECTED"", ""MENTION_CREATED"", ""TOKEN_SELECTED"", ""MENTION_CREATED"", ""TOKEN_SELECTED"", ""TOKEN_SELECTED"", ""TOKEN_DESELECTED"", ""TOKEN_DESELECTED"", ""TOKEN_SELECTED"", ""TOKEN_SELECTED"", ""MENTION_CREATED"", ""TOKEN_SELECTED"", ""MENTION_CREATED"", ""TOKEN_SELECTED"", ""TOKEN_SELECTED"", ""TOKEN_SELECTED"", ""MENTION_CREATED"", ""TOKEN_SELECTED"", ""TOKEN_SELECTED""]",MENTION_CREATED,train,llm_synthetic_expanded,1.0
llm_synth_expanded_647,synthetic,43,10,11,"[""PROCESS_START"", ""TOKEN_SELECTED"", ""TOKEN_SELECTED"", ""TOKEN_DESELECTED"", ""TOKEN_DESELECTED"", ""TOKEN_SELECTED"", ""MENTION_CREATED"", ""TOKEN_SELECTED"", ""MENTION_CREATED"", ""TOKEN_SELECTED"", ""TOKEN_SELECTED""]",MENTION_CREATED,train,llm_synthetic_expanded,0.9090909090909091
llm_synth_expanded_405,synthetic,43,17,18,"[""MENTION_SELECTED"", ""MENTION_SELECTED"", ""MENTION_SELECTED"", ""RELATION_CREATED"", ""MENTION_SELECTED"", ""MENTION_SELECTED"", ""RELATION_CREATED"", ""MENTION_SELECTED"", ""MENTION_SELECTED"", ""RELATION_CREATED"", ""MENTION_SELECTED"", ""MENTION_SELECTED"", ""RELATION_CREATED"", ""MENTION_SELECTED"", ""MENTION_SELECTED"", ""MENTION_SELECTED"", ""MENTION_SUGGESTION_BOUNDS_UPDATED"", ""TOKEN_SELECTED""]",MENTION_CREATED,train,llm_synthetic_expanded,1.0
llm_synth_expanded_320,synthetic,33,4,5,"[""MENTION_CREATED"", ""MENTION_SELECTED"", ""MENTION_DELETED"", ""TOKEN_SELECTED"", ""TOKEN_SELECTED""]",MENTION_CREATED,train,llm_synthetic_expanded,1.0
llm_synth_expanded_653,synthetic,23,13,14,"[""PROCESS_START"", ""MENTION_CREATED"", ""TOKEN_SELECTED"", ""MENTION_CREATED"", ""TOKEN_SELECTED"", ""TOKEN_SELECTED"", ""MENTION_CREATED"", ""TOKEN_SELECTED"", ""TOKEN_SELECTED"", ""MENTION_CREATED"", ""TOKEN_SELECTED"", ""TOKEN_SELECTED"", ""MENTION_CREATED"", ""TOKEN_SELECTED""]",MENTION_CREATED,train,llm_synthetic_expanded,0.9285714285714286
llm_synth_expanded_1255,synthetic,23,9,10,"[""PROCESS_START"", ""STEP_MENTION_SUGGESTION"", ""STEP_METION"", ""TOKEN_SELECTED"", ""MENTION_CREATED"", ""TOKEN_SELECTED"", ""MENTION_CREATED"", ""TOKEN_SELECTED"", ""TOKEN_SELECTED"", ""TOKEN_SELECTED""]",MENTION_CREATED,train,llm_synthetic_expanded,1.0
llm_synth_expanded_100,synthetic,41,2,3,"[""PROCESS_START"", ""TOKEN_SELECTED"", ""TOKEN_SELECTED""]",MENTION_CREATED,train,llm_synthetic_expanded,0.6666666666666666
llm_synth_expanded_1131,synthetic,33,6,7,"[""PROCESS_START"", ""STEP_MENTION_SUGGESTION"", ""STEP_METION"", ""TOKEN_SELECTED"", ""TOKEN_SELECTED"", ""TOKEN_SELECTED"", ""MENTION_CREATED""]",MENTION_CREATED,train,llm_synthetic_expanded,0.8571428571428571
llm_synth_expanded_310,synthetic,23,8,9,"[""PROCESS_START"", ""STEP_RELATIONS"", ""STEP_RELATION_SUGGESTION"", ""STEP_METION"", ""TOKEN_SELECTED"", ""TOKEN_SELECTED"", ""MENTION_CREATED"", ""TOKEN_SELECTED"", ""TOKEN_SELECTED""]",MENTION_CREATED,train,llm_synthetic_expanded,0.6666666666666666
llm_synth_expanded_625,synthetic,41,12,13,"[""PROCESS_START"", ""MENTION_CREATED"", ""TOKEN_SELECTED"", ""MENTION_CREATED"", ""TOKEN_SELECTED"", ""MENTION_CREATED"", ""TOKEN_SELECTED"", ""MENTION_CREATED"", ""TOKEN_SELECTED"", ""MENTION_CREATED"", ""TOKEN_SELECTED"", ""MENTION_CREATED"", ""TOKEN_SELECTED""]",MENTION_CREATED,train,llm_synthetic_expanded,0.9230769230769231
llm_synth_expanded_80,synthetic,31,7,8,"[""PROCESS_START"", ""STEP_MENTION_SUGGESTION"", ""STEP_METION"", ""TOKEN_SELECTED"", ""MENTION_CREATED"", ""TOKEN_SELECTED"", ""MENTION_CREATED"", ""TOKEN_SELECTED""]",MENTION_CREATED,train,llm_synthetic_expanded,1.0
llm_synth_expanded_548,synthetic,25,14,15,"[""PROCESS_START"", ""STEP_RELATIONS"", ""RELATION_SUGGESTION_MARKED"", ""TOKEN_SELECTED"", ""TOKEN_SELECTED"", ""MENTION_CREATED"", ""TOKEN_SELECTED"", ""TOKEN_SELECTED"", ""MENTION_CREATED"", ""TOKEN_SELECTED"", ""TOKEN_SELECTED"", ""TOKEN_SELECTED"", ""MENTION_CREATED"", ""TOKEN_SELECTED"", ""TOKEN_SELECTED""]",MENTION_CREATED,train,llm_synthetic_expanded,0.8
llm_synth_expanded_1057,synthetic,12,5,6,"[""PROCESS_START"", ""STEP_MENTION_SUGGESTION"", ""STEP_METION"", ""TOKEN_SELECTED"", ""MENTION_CREATED"", ""TOKEN_SELECTED""]",MENTION_CREATED,train,llm_synthetic_expanded,1.0
llm_synth_expanded_625,synthetic,41,4,5,"[""PROCESS_START"", ""MENTION_CREATED"", ""TOKEN_SELECTED"", ""MENTION_CREATED"", ""TOKEN_SELECTED""]",MENTION_CREATED,train,llm_synthetic_expanded,0.8
llm_synth_expanded_39,synthetic,12,6,7,"[""PROCESS_START"", ""MENTION_CREATED"", ""TOKEN_SELECTED"", ""MENTION_CREATED"", ""TOKEN_SELECTED"", ""MENTION_CREATED"", ""TOKEN_SELECTED""]",MENTION_DELETED,train,llm_synthetic_expanded,0.7142857142857143
llm_synth_expanded_121,synthetic,41,2,3,"[""PROCESS_START"", ""MENTION_CREATED"", ""MENTION_SELECTED""]",MENTION_DELETED,train,llm_synthetic_expanded,0.6666666666666666
llm_synth_expanded_199,synthetic,23,18,19,"[""PROCESS_START"", ""STEP_MENTION_SUGGESTION"", ""STEP_METION"", ""TOKEN_SELECTED"", ""TOKEN_SELECTED"", ""MENTION_CREATED"", ""TOKEN_SELECTED"", ""TOKEN_SELECTED"", ""MENTION_CREATED"", ""TOKEN_SELECTED"", ""TOKEN_SELECTED"", ""MENTION_CREATED"", ""TOKEN_SELECTED"", ""TOKEN_SELECTED"", ""MENTION_CREATED"", ""TOKEN_SELECTED"", ""MENTION_TYPE_UPDATED"", ""MENTION_SELECTED"", ""MENTION_DELETED""]",MENTION_DELETED,train,llm_synthetic_expanded,0.8947368421052632
llm_synth_expanded_483,synthetic,44,16,17,"[""PROCESS_START"", ""MENTION_SELECTED"", ""MENTION_SELECTED"", ""ENTITY_GROUPED"", ""STEP_RELATION_SUGGESTION"", ""RELATION_SUGGESTION_REJECTED"", ""RELATION_SUGGESTION_REJECTED"", ""RELATION_SUGGESTION_ACCEPTED"", ""RELATION_SUGGESTION_ACCEPTED"", ""STEP_RELATIONS"", ""MENTION_SELECTED"", ""MENTION_DELETED"", ""MENTION_SELECTED"", ""MENTION_DELETED"", ""MENTION_SELECTED"", ""MENTION_DELETED"", ""MENTION_SELECTED""]",MENTION_DELETED,train,llm_synthetic_expanded,0.9411764705882353
llm_synth_expanded_483,synthetic,44,14,15,"[""PROCESS_START"", ""MENTION_SELECTED"", ""MENTION_SELECTED"", ""ENTITY_GROUPED"", ""STEP_RELATION_SUGGESTION"", ""RELATION_SUGGESTION_REJECTED"", ""RELATION_SUGGESTION_REJECTED"", ""RELATION_SUGGESTION_ACCEPTED"", ""RELATION_SUGGESTION_ACCEPTED"", ""STEP_RELATIONS"", ""MENTION_SELECTED"", ""MENTION_DELETED"", ""MENTION_SELECTED"", ""MENTION_DELETED"", ""MENTION_SELECTED""]",MENTION_DELETED,train,llm_synthetic_expanded,0.9333333333333333
llm_synth_expanded_483,synthetic,44,10,11,"[""PROCESS_START"", ""MENTION_SELECTED"", ""MENTION_SELECTED"", ""ENTITY_GROUPED"", ""STEP_RELATION_SUGGESTION"", ""RELATION_SUGGESTION_REJECTED"", ""RELATION_SUGGESTION_REJECTED"", ""RELATION_SUGGESTION_ACCEPTED"", ""RELATION_SUGGESTION_ACCEPTED"", ""STEP_RELATIONS"", ""MENTION_SELECTED""]",MENTION_DELETED,train,llm_synthetic_expanded,0.9090909090909091
llm_synth_expanded_320,synthetic,33,1,2,"[""MENTION_CREATED"", ""MENTION_SELECTED""]",MENTION_DELETED,train,llm_synthetic_expanded,1.0
llm_synth_expanded_327,synthetic,24,16,17,"[""RELATION_CREATED"", ""MENTION_SELECTED"", ""MENTION_SELECTED"", ""RELATION_CREATED"", ""MENTION_SELECTED"", ""MENTION_SELECTED"", ""RELATION_CREATED"", ""MENTION_SELECTED"", ""MENTION_SELECTED"", ""RELATION_CREATED"", ""MENTION_SELECTED"", ""MENTION_SELECTED"", ""RELATION_CREATED"", ""MENTION_SELECTED"", ""MENTION_SELECTED"", ""RELATION_CREATED"", ""MENTION_SELECTED""]",MENTION_DELETED,train,llm_synthetic_expanded,1.0
llm_synth_expanded_198,synthetic,23,16,17,"[""PROCESS_START"", ""STEP_MENTION_SUGGESTION"", ""STEP_METION"", ""TOKEN_SELECTED"", ""TOKEN_SELECTED"", ""MENTION_CREATED"", ""TOKEN_SELECTED"", ""TOKEN_SELECTED"", ""MENTION_CREATED"", ""TOKEN_SELECTED"", ""TOKEN_SELECTED"", ""MENTION_CREATED"", ""TOKEN_SELECTED"", ""TOKEN_SELECTED"", ""MENTION_CREATED"", ""TOKEN_SELECTED"", ""MENTION_SELECTED""]",MENTION_DELETED,train,llm_synthetic_expanded,1.0
llm_synth_expanded_547,synthetic,26,18,19,"[""TOKEN_SELECTED"", ""MENTION_CREATED"", ""STEP_ENTITIES"", ""MENTION_SELECTED"", ""MENTION_SELECTED"", ""ENTITY_GROUPED"", ""MENTION_SELECTED"", ""MENTION_SELECTED"", ""ENTITY_GROUPED"", ""MENTION_SELECTED"", ""MENTION_SELECTED"", ""ENTITY_GROUPED"", ""MENTION_SELECTED"", ""MENTION_SELECTED"", ""ENTITY_GROUPED"", ""MENTION_SELECTED"", ""MENTION_SELECTED"", ""ENTITY_GROUPED"", ""MENTION_SELECTED""]",MENTION_DELETED,train,llm_synthetic_expanded,1.0
llm_synth_expanded_199,synthetic,23,17,18,"[""PROCESS_START"", ""STEP_MENTION_SUGGESTION"", ""STEP_METION"", ""TOKEN_SELECTED"", ""TOKEN_SELECTED"", ""MENTION_CREATED"", ""TOKEN_SELECTED"", ""TOKEN_SELECTED"", ""MENTION_CREATED"", ""TOKEN_SELECTED"", ""TOKEN_SELECTED"", ""MENTION_CREATED"", ""TOKEN_SELECTED"", ""TOKEN_SELECTED"", ""MENTION_CREATED"", ""TOKEN_SELECTED"", ""MENTION_TYPE_UPDATED"", ""MENTION_SELECTED""]",MENTION_DELETED,train,llm_synthetic_expanded,0.9444444444444444
llm_synth_expanded_256,synthetic,23,3,4,"[""PROCESS_START"", ""STEP_MENTION_SUGGESTION"", ""STEP_METION"", ""TOKEN_SELECTED""]",MENTION_DELETED,train,llm_synthetic_expanded,0.75
llm_synth_expanded_385,synthetic,11,2,3,"[""PROCESS_START"", ""MENTION_CREATED"", ""MENTION_SELECTED""]",MENTION_DELETED,train,llm_synthetic_expanded,0.6666666666666666
llm_synth_expanded_483,synthetic,44,12,13,"[""PROCESS_START"", ""MENTION_SELECTED"", ""MENTION_SELECTED"", ""ENTITY_GROUPED"", ""STEP_RELATION_SUGGESTION"", ""RELATION_SUGGESTION_REJECTED"", ""RELATION_SUGGESTION_REJECTED"", ""RELATION_SUGGESTION_ACCEPTED"", ""RELATION_SUGGESTION_ACCEPTED"", ""STEP_RELATIONS"", ""MENTION_SELECTED"", ""MENTION_DELETED"", ""MENTION_SELECTED""]",MENTION_DELETED,train,llm_synthetic_expanded,0.9230769230769231
llm_synth_expanded_198,synthetic,23,17,18,"[""PROCESS_START"", ""STEP_MENTION_SUGGESTION"", ""STEP_METION"", ""TOKEN_SELECTED"", ""TOKEN_SELECTED"", ""MENTION_CREATED"", ""TOKEN_SELECTED"", ""TOKEN_SELECTED"", ""MENTION_CREATED"", ""TOKEN_SELECTED"", ""TOKEN_SELECTED"", ""MENTION_CREATED"", ""TOKEN_SELECTED"", ""TOKEN_SELECTED"", ""MENTION_CREATED"", ""TOKEN_SELECTED"", ""MENTION_SELECTED"", ""MENTION_DELETED""]",MENTION_DELETED,train,llm_synthetic_expanded,0.9444444444444444
llm_synth_expanded_200,synthetic,23,18,19,"[""PROCESS_START"", ""STEP_MENTION_SUGGESTION"", ""STEP_METION"", ""TOKEN_SELECTED"", ""TOKEN_SELECTED"", ""MENTION_CREATED"", ""TOKEN_SELECTED"", ""TOKEN_SELECTED"", ""MENTION_CREATED"", ""TOKEN_SELECTED"", ""TOKEN_SELECTED"", ""MENTION_CREATED"", ""TOKEN_SELECTED"", ""TOKEN_SELECTED"", ""MENTION_CREATED"", ""TOKEN_SELECTED"", ""MENTION_SELECTED"", ""MENTION_DELETED"", ""MENTION_SELECTED""]",MENTION_DELETED,train,llm_synthetic_expanded,1.0
llm_synth_expanded_211,synthetic,41,13,14,"[""PROCESS_START"", ""ENTITY_GROUPED"", ""MENTION_SELECTED"", ""MENTION_SELECTED"", ""ENTITY_GROUPED"", ""MENTION_SELECTED"", ""ENTITY_GROUPED"", ""STEP_RELATION_SUGGESTION"", ""STEP_RELATIONS"", ""MENTION_SELECTED"", ""MENTION_SELECTED"", ""MENTION_DESELECTED"", ""MENTION_DESELECTED"", ""MENTION_SELECTED""]",MENTION_DESELECTED,train,llm_synthetic_expanded,0.9285714285714286
llm_synth_expanded_1010,synthetic,13,8,9,"[""MENTION_SELECTED"", ""MENTION_SELECTED"", ""ENTITY_GROUPED"", ""MENTION_DESELECTED"", ""MENTION_SELECTED"", ""MENTION_SELECTED"", ""MENTION_DESELECTED"", ""ENTITY_GROUPED"", ""MENTION_DESELECTED""]",MENTION_DESELECTED,train,llm_synthetic_expanded,1.0
llm_synth_expanded_884,synthetic,22,15,16,"[""PROCESS_START"", ""MENTION_SELECTED"", ""RELATION_CREATED"", ""MENTION_SELECTED"", ""MENTION_SELECTED"", ""RELATION_CREATED"", ""MENTION_SELECTED"", ""MENTION_SELECTED"", ""RELATION_CREATED"", ""MENTION_SELECTED"", ""MENTION_DESELECTED"", ""MENTION_SELECTED"", ""MENTION_DESELECTED"", ""MENTION_SELECTED"", ""MENTION_DESELECTED"", ""MENTION_SELECTED""]",MENTION_DESELECTED,train,llm_synthetic_expanded,0.9375
llm_synth_expanded_721,synthetic,11,13,14,"[""PROCESS_START"", ""MENTION_SELECTED"", ""MENTION_SELECTED"", ""MENTION_SELECTED"", ""RELATION_CREATED"", ""MENTION_SELECTED"", ""MENTION_SELECTED"", ""RELATION_CREATED"", ""MENTION_SELECTED"", ""MENTION_SELECTED"", ""RELATION_CREATED"", ""MENTION_SELECTED"", ""MENTION_DESELECTED"", ""MENTION_SELECTED""]",MENTION_DESELECTED,train,llm_synthetic_expanded,0.9285714285714286
llm_synth_expanded_386,synthetic,11,4,5,"[""PROCESS_START"", ""MENTION_SELECTED"", ""MENTION_DESELECTED"", ""MENTION_SELECTED"", ""MENTION_SELECTED""]",MENTION_DESELECTED,train,llm_synthetic_expanded,0.8
llm_synth_expanded_385,synthetic,11,4,5,"[""PROCESS_START"", ""MENTION_CREATED"", ""MENTION_SELECTED"", ""MENTION_DELETED"", ""MENTION_SELECTED""]",MENTION_DESELECTED,train,llm_synthetic_expanded,0.8
llm_synth_expanded_1216,synthetic,21,14,15,"[""PROCESS_START"", ""MENTION_SELECTED"", ""MENTION_SELECTED"", ""MENTION_DESELECTED"", ""MENTION_SELECTED"", ""MENTION_SELECTED"", ""MENTION_DESELECTED"", ""MENTION_SELECTED"", ""MENTION_SELECTED"", ""MENTION_DESELECTED"", ""MENTION_SELECTED"", ""MENTION_SELECTED"", ""MENTION_DESELECTED"", ""MENTION_SELECTED"", ""MENTION_DESELECTED""]",MENTION_DESELECTED,train,llm_synthetic_expanded,0.9333333333333333
llm_synth_expanded_704,synthetic,41,8,9,"[""MENTION_SELECTED"", ""MENTION_SELECTED"", ""ENTITY_GROUPED"", ""STEP_RELATION_SUGGESTION"", ""STEP_RELATIONS"", ""MENTION_SELECTED"", ""MENTION_SELECTED"", ""RELATION_CREATED"", ""MENTION_SELECTED""]",MENTION_DESELECTED,train,llm_synthetic_expanded,1.0
llm_synth_expanded_122,synthetic,41,3,4,"[""PROCESS_START"", ""MENTION_SELECTED"", ""RELATION_CREATED"", ""MENTION_SELECTED""]",MENTION_DESELECTED,train,llm_synthetic_expanded,0.75
llm_synth_expanded_29,synthetic,33,2,3,"[""MENTION_SELECTED"", ""MENTION_SELECTED"", ""ENTITY_GROUPED""]",MENTION_DESELECTED,train,llm_synthetic_expanded,1.0
llm_synth_expanded_152,synthetic,22,14,15,"[""PROCESS_START"", ""MENTION_CREATED"", ""MENTION_SELECTED"", ""MENTION_DESELECTED"", ""MENTION_SELECTED"", ""MENTION_DESELECTED"", ""MENTION_SELECTED"", ""MENTION_DESELECTED"", ""MENTION_SELECTED"", ""MENTION_DESELECTED"", ""MENTION_SELECTED"", ""MENTION_DESELECTED"", ""MENTION_SELECTED"", ""MENTION_DESELECTED"", ""MENTION_SELECTED""]",MENTION_DESELECTED,train,llm_synthetic_expanded,0.9333333333333333
llm_synth_expanded_245,synthetic,23,1,2,"[""PROCESS_START"", ""MENTION_SELECTED""]",MENTION_DESELECTED,train,llm_synthetic_expanded,0.5
llm_synth_expanded_1219,synthetic,34,4,5,"[""PROCESS_START"", ""ENTITY_GROUPED"", ""MENTION_SUGGESTION_REJECTED"", ""MENTION_SELECTED"", ""MENTION_SELECTED""]",MENTION_DESELECTED,train,llm_synthetic_expanded,0.4
llm_synth_expanded_1211,synthetic,21,10,11,"[""PROCESS_START"", ""MENTION_SELECTED"", ""MENTION_SELECTED"", ""MENTION_DESELECTED"", ""MENTION_SELECTED"", ""MENTION_SELECTED"", ""MENTION_DESELECTED"", ""MENTION_SELECTED"", ""MENTION_SELECTED"", ""MENTION_DESELECTED"", ""MENTION_SELECTED""]",MENTION_DESELECTED,train,llm_synthetic_expanded,0.9090909090909091
llm_synth_expanded_1013,synthetic,13,9,10,"[""MENTION_SELECTED"", ""MENTION_SELECTED"", ""MENTION_DESELECTED"", ""MENTION_SELECTED"", ""MENTION_SELECTED"", ""ENTITY_GROUPED"", ""MENTION_DESELECTED"", ""MENTION_DESELECTED"", ""MENTION_DESELECTED"", ""ENTITY_GROUPED""]",MENTION_DESELECTED,train,llm_synthetic_expanded,1.0
llm_synth_expanded_105,synthetic,23,7,8,"[""PROCESS_START"", ""STEP_RELATIONS"", ""RELATION_SUGGESTION_MARKED"", ""RELATION_SUGGESTION_REJECTED"", ""MENTION_DESELECTED"", ""MENTION_SELECTED"", ""MENTION_DESELECTED"", ""MENTION_SELECTED""]",MENTION_DESELECTED,train,llm_synthetic_expanded,0.625
llm_synth_expanded_1201,synthetic,41,19,20,"[""PROCESS_START"", ""RELATION_CREATED"", ""MENTION_SELECTED"", ""MENTION_SELECTED"", ""RELATION_CREATED"", ""MENTION_SELECTED"", ""MENTION_SELECTED"", ""RELATION_CREATED"", ""MENTION_SELECTED"", ""MENTION_SELECTED"", ""RELATION_CREATED"", ""MENTION_SELECTED"", ""MENTION_SELECTED"", ""MENTION_DESELECTED"", ""MENTION_SELECTED"", ""RELATION_CREATED"", ""MENTION_SELECTED"", ""MENTION_SELECTED"", ""RELATION_CREATED"", ""MENTION_SELECTED""]",MENTION_DESELECTED,train,llm_synthetic_expanded,0.95
llm_synth_expanded_245,synthetic,23,5,6,"[""PROCESS_START"", ""MENTION_SELECTED"", ""MENTION_DESELECTED"", ""MENTION_SELECTED"", ""MENTION_DESELECTED"", ""MENTION_SELECTED""]",MENTION_DESELECTED,train,llm_synthetic_expanded,0.8333333333333334
llm_synth_expanded_152,synthetic,22,2,3,"[""PROCESS_START"", ""MENTION_CREATED"", ""MENTION_SELECTED""]",MENTION_DESELECTED,train,llm_synthetic_expanded,0.6666666666666666
llm_synth_expanded_209,synthetic,41,9,10,"[""PROCESS_START"", ""ENTITY_GROUPED"", ""MENTION_SELECTED"", ""MENTION_SELECTED"", ""ENTITY_GROUPED"", ""STEP_RELATION_SUGGESTION"", ""STEP_RELATIONS"", ""MENTION_SELECTED"", ""MENTION_SELECTED"", ""MENTION_DESELECTED""]",MENTION_DESELECTED,train,llm_synthetic_expanded,0.9
llm_synth_expanded_1219,synthetic,34,13,14,"[""PROCESS_START"", ""ENTITY_GROUPED"", ""MENTION_SUGGESTION_REJECTED"", ""MENTION_SELECTED"", ""MENTION_SELECTED"", ""MENTION_DESELECTED"", ""MENTION_SELECTED"", ""MENTION_SELECTED"", ""MENTION_DESELECTED"", ""MENTION_SELECTED"", ""MENTION_SELECTED"", ""MENTION_DESELECTED"", ""MENTION_SELECTED"", ""MENTION_SELECTED""]",MENTION_DESELECTED,train,llm_synthetic_expanded,0.7857142857142857
llm_synth_expanded_750,synthetic,22,11,12,"[""PROCESS_START"", ""MENTION_SELECTED"", ""MENTION_DESELECTED"", ""MENTION_SELECTED"", ""MENTION_DESELECTED"", ""MENTION_SELECTED"", ""MENTION_DESELECTED"", ""MENTION_SELECTED"", ""MENTION_DESELECTED"", ""MENTION_SELECTED"", ""MENTION_DESELECTED"", ""MENTION_SELECTED""]",MENTION_DESELECTED,train,llm_synthetic_expanded,0.9166666666666666
llm_synth_expanded_153,synthetic,22,15,16,"[""PROCESS_START"", ""TOKEN_SELECTED"", ""TOKEN_SELECTED"", ""MENTION_CREATED"", ""TOKEN_SELECTED"", ""TOKEN_SELECTED"", ""MENTION_CREATED"", ""TOKEN_SELECTED"", ""MENTION_CREATED"", ""TOKEN_SELECTED"", ""MENTION_CREATED"", ""MENTION_SELECTED"", ""MENTION_DESELECTED"", ""MENTION_SELECTED"", ""MENTION_DESELECTED"", ""MENTION_SELECTED""]",MENTION_DESELECTED,train,llm_synthetic_expanded,0.9375
llm_synth_expanded_1011,synthetic,13,2,3,"[""MENTION_DESELECTED"", ""MENTION_SELECTED"", ""MENTION_SELECTED""]",MENTION_DESELECTED,train,llm_synthetic_expanded,1.0
llm_synth_expanded_659,synthetic,23,20,21,"[""PROCESS_START"", ""STEP_RELATION_SUGGESTION"", ""STEP_RELATIONS"", ""MENTION_SELECTED"", ""MENTION_SELECTED"", ""RELATION_CREATED"", ""MENTION_SELECTED"", ""MENTION_SELECTED"", ""RELATION_CREATED"", ""MENTION_SELECTED"", ""MENTION_SELECTED"", ""RELATION_CREATED"", ""MENTION_SELECTED"", ""MENTION_SELECTED"", ""RELATION_CREATED"", ""MENTION_SELECTED"", ""MENTION_TYPE_UPDATED"", ""TOKEN_SELECTED"", ""MENTION_SELECTED"", ""MENTION_SELECTED"", ""MENTION_SELECTED""]",MENTION_DESELECTED,train,llm_synthetic_expanded,0.9523809523809523
llm_synth_expanded_1219,synthetic,34,7,8,"[""PROCESS_START"", ""ENTITY_GROUPED"", ""MENTION_SUGGESTION_REJECTED"", ""MENTION_SELECTED"", ""MENTION_SELECTED"", ""MENTION_DESELECTED"", ""MENTION_SELECTED"", ""MENTION_SELECTED""]",MENTION_DESELECTED,train,llm_synthetic_expanded,0.625
llm_synth_expanded_152,synthetic,22,8,9,"[""PROCESS_START"", ""MENTION_CREATED"", ""MENTION_SELECTED"", ""MENTION_DESELECTED"", ""MENTION_SELECTED"", ""MENTION_DESELECTED"", ""MENTION_SELECTED"", ""MENTION_DESELECTED"", ""MENTION_SELECTED""]",MENTION_DESELECTED,train,llm_synthetic_expanded,0.8888888888888888
llm_synth_expanded_1013,synthetic,13,5,6,"[""MENTION_SELECTED"", ""MENTION_SELECTED"", ""MENTION_DESELECTED"", ""MENTION_SELECTED"", ""MENTION_SELECTED"", ""ENTITY_GROUPED""]",MENTION_DESELECTED,train,llm_synthetic_expanded,1.0
llm_synth_expanded_384,synthetic,11,2,3,"[""PROCESS_START"", ""MENTION_SELECTED"", ""MENTION_DESELECTED""]",MENTION_DESELECTED,train,llm_synthetic_expanded,0.6666666666666666
llm_synth_expanded_110,synthetic,23,12,13,"[""PROCESS_START"", ""STEP_RELATIONS"", ""RELATION_SUGGESTION_MARKED"", ""RELATION_SUGGESTION_REJECTED"", ""MENTION_DESELECTED"", ""MENTION_SELECTED"", ""MENTION_DESELECTED"", ""MENTION_SELECTED"", ""MENTION_DESELECTED"", ""MENTION_SELECTED"", ""MENTION_DESELECTED"", ""MENTION_SELECTED"", ""MENTION_DESELECTED""]",MENTION_DESELECTED,train,llm_synthetic_expanded,0.7692307692307693
llm_synth_expanded_1210,synthetic,21,9,10,"[""PROCESS_START"", ""MENTION_SELECTED"", ""MENTION_SELECTED"", ""MENTION_DESELECTED"", ""MENTION_SELECTED"", ""MENTION_SELECTED"", ""MENTION_DESELECTED"", ""MENTION_SELECTED"", ""MENTION_SELECTED"", ""MENTION_DESELECTED""]",MENTION_DESELECTED,train,llm_synthetic_expanded,0.9
llm_synth_expanded_125,synthetic,41,4,5,"[""PROCESS_START"", ""TOKEN_SELECTED"", ""MENTION_SELECTED"", ""RELATION_CREATED"", ""MENTION_SELECTED""]",MENTION_DESELECTED,train,llm_synthetic_expanded,0.8
llm_synth_expanded_1219,synthetic,34,16,17,"[""PROCESS_START"", ""ENTITY_GROUPED"", ""MENTION_SUGGESTION_REJECTED"", ""MENTION_SELECTED"", ""MENTION_SELECTED"", ""MENTION_DESELECTED"", ""MENTION_SELECTED"", ""MENTION_SELECTED"", ""MENTION_DESELECTED"", ""MENTION_SELECTED"", ""MENTION_SELECTED"", ""MENTION_DESELECTED"", ""MENTION_SELECTED"", ""MENTION_SELECTED"", ""MENTION_DESELECTED"", ""MENTION_SELECTED"", ""MENTION_SELECTED""]",MENTION_DESELECTED,train,llm_synthetic_expanded,0.8235294117647058
llm_synth_expanded_868,synthetic,43,1,2,"[""MENTION_SELECTED"", ""MENTION_SELECTED""]",MENTION_DESELECTED,train,llm_synthetic_expanded,1.0
llm_synth_expanded_211,synthetic,41,10,11,"[""PROCESS_START"", ""ENTITY_GROUPED"", ""MENTION_SELECTED"", ""MENTION_SELECTED"", ""ENTITY_GROUPED"", ""MENTION_SELECTED"", ""ENTITY_GROUPED"", ""STEP_RELATION_SUGGESTION"", ""STEP_RELATIONS"", ""MENTION_SELECTED"", ""MENTION_SELECTED""]",MENTION_DESELECTED,train,llm_synthetic_expanded,0.9090909090909091
llm_synth_expanded_1010,synthetic,13,2,3,"[""MENTION_SELECTED"", ""MENTION_SELECTED"", ""ENTITY_GROUPED""]",MENTION_DESELECTED,train,llm_synthetic_expanded,1.0
llm_synth_expanded_106,synthetic,23,8,9,"[""PROCESS_START"", ""STEP_RELATIONS"", ""RELATION_SUGGESTION_MARKED"", ""RELATION_SUGGESTION_REJECTED"", ""MENTION_DESELECTED"", ""MENTION_SELECTED"", ""MENTION_DESELECTED"", ""MENTION_SELECTED"", ""MENTION_DESELECTED""]",MENTION_DESELECTED,train,llm_synthetic_expanded,0.6666666666666666
llm_synth_expanded_1201,synthetic,41,12,13,"[""PROCESS_START"", ""RELATION_CREATED"", ""MENTION_SELECTED"", ""MENTION_SELECTED"", ""RELATION_CREATED"", ""MENTION_SELECTED"", ""MENTION_SELECTED"", ""RELATION_CREATED"", ""MENTION_SELECTED"", ""MENTION_SELECTED"", ""RELATION_CREATED"", ""MENTION_SELECTED"", ""MENTION_SELECTED""]",MENTION_DESELECTED,train,llm_synthetic_expanded,0.9230769230769231
llm_synth_expanded_1010,synthetic,13,5,6,"[""MENTION_SELECTED"", ""MENTION_SELECTED"", ""ENTITY_GROUPED"", ""MENTION_DESELECTED"", ""MENTION_SELECTED"", ""MENTION_SELECTED""]",MENTION_DESELECTED,train,llm_synthetic_expanded,1.0
llm_synth_expanded_342,synthetic,44,12,13,"[""PROCESS_START"", ""MENTION_CREATED"", ""TOKEN_SELECTED"", ""TOKEN_SELECTED"", ""TOKEN_SELECTED"", ""MENTION_CREATED"", ""STEP_ENTITIES"", ""MENTION_SELECTED"", ""MENTION_SELECTED"", ""MENTION_SELECTED"", ""ENTITY_GROUPED"", ""MENTION_SELECTED"", ""MENTION_SELECTED""]",MENTION_DESELECTED,train,llm_synthetic_expanded,0.9230769230769231
llm_synth_expanded_152,synthetic,22,10,11,"[""PROCESS_START"", ""MENTION_CREATED"", ""MENTION_SELECTED"", ""MENTION_DESELECTED"", ""MENTION_SELECTED"", ""MENTION_DESELECTED"", ""MENTION_SELECTED"", ""MENTION_DESELECTED"", ""MENTION_SELECTED"", ""MENTION_DESELECTED"", ""MENTION_SELECTED""]",MENTION_DESELECTED,train,llm_synthetic_expanded,0.9090909090909091
llm_synth_expanded_1217,synthetic,21,14,15,"[""PROCESS_START"", ""MENTION_SELECTED"", ""MENTION_SELECTED"", ""MENTION_DESELECTED"", ""MENTION_SELECTED"", ""MENTION_SELECTED"", ""MENTION_DESELECTED"", ""MENTION_SELECTED"", ""MENTION_SELECTED"", ""MENTION_DESELECTED"", ""MENTION_SELECTED"", ""MENTION_SELECTED"", ""MENTION_DESELECTED"", ""MENTION_SELECTED"", ""MENTION_SELECTED""]",MENTION_DESELECTED,train,llm_synthetic_expanded,0.9333333333333333
llm_synth_expanded_334,synthetic,11,1,2,"[""RELATION_CREATED"", ""MENTION_SELECTED""]",MENTION_DESELECTED,train,llm_synthetic_expanded,1.0
llm_synth_expanded_108,synthetic,23,10,11,"[""PROCESS_START"", ""STEP_RELATIONS"", ""RELATION_SUGGESTION_MARKED"", ""RELATION_SUGGESTION_REJECTED"", ""MENTION_DESELECTED"", ""MENTION_SELECTED"", ""MENTION_DESELECTED"", ""MENTION_SELECTED"", ""MENTION_DESELECTED"", ""MENTION_SELECTED"", ""MENTION_DESELECTED""]",MENTION_DESELECTED,train,llm_synthetic_expanded,0.7272727272727273
llm_synth_expanded_514,synthetic,11,6,7,"[""MENTION_SELECTED"", ""MENTION_SELECTED"", ""RELATION_CREATED"", ""MENTION_SELECTED"", ""MENTION_SELECTED"", ""RELATION_CREATED"", ""MENTION_SELECTED""]",MENTION_DESELECTED,train,llm_synthetic_expanded,1.0
llm_synth_expanded_1013,synthetic,13,1,2,"[""MENTION_SELECTED"", ""MENTION_SELECTED""]",MENTION_DESELECTED,train,llm_synthetic_expanded,1.0
llm_synth_expanded_209,synthetic,41,11,12,"[""PROCESS_START"", ""ENTITY_GROUPED"", ""MENTION_SELECTED"", ""MENTION_SELECTED"", ""ENTITY_GROUPED"", ""STEP_RELATION_SUGGESTION"", ""STEP_RELATIONS"", ""MENTION_SELECTED"", ""MENTION_SELECTED"", ""MENTION_DESELECTED"", ""MENTION_DESELECTED"", ""MENTION_SELECTED""]",MENTION_DESELECTED,train,llm_synthetic_expanded,0.9166666666666666
llm_synth_expanded_152,synthetic,22,16,17,"[""PROCESS_START"", ""MENTION_CREATED"", ""MENTION_SELECTED"", ""MENTION_DESELECTED"", ""MENTION_SELECTED"", ""MENTION_DESELECTED"", ""MENTION_SELECTED"", ""MENTION_DESELECTED"", ""MENTION_SELECTED"", ""MENTION_DESELECTED"", ""MENTION_SELECTED"", ""MENTION_DESELECTED"", ""MENTION_SELECTED"", ""MENTION_DESELECTED"", ""MENTION_SELECTED"", ""MENTION_DESELECTED"", ""MENTION_SELECTED""]",MENTION_DESELECTED,train,llm_synthetic_expanded,0.9411764705882353
llm_synth_expanded_1209,synthetic,21,8,9,"[""PROCESS_START"", ""MENTION_SELECTED"", ""MENTION_SELECTED"", ""MENTION_DESELECTED"", ""MENTION_SELECTED"", ""MENTION_SELECTED"", ""MENTION_DESELECTED"", ""MENTION_SELECTED"", ""MENTION_SELECTED""]",MENTION_DESELECTED,train,llm_synthetic_expanded,0.8888888888888888
llm_synth_expanded_209,synthetic,41,8,9,"[""PROCESS_START"", ""ENTITY_GROUPED"", ""MENTION_SELECTED"", ""MENTION_SELECTED"", ""ENTITY_GROUPED"", ""STEP_RELATION_SUGGESTION"", ""STEP_RELATIONS"", ""MENTION_SELECTED"", ""MENTION_SELECTED""]",MENTION_DESELECTED,train,llm_synthetic_expanded,0.8888888888888888
llm_synth_expanded_1013,synthetic,13,10,11,"[""MENTION_SELECTED"", ""MENTION_SELECTED"", ""MENTION_DESELECTED"", ""MENTION_SELECTED"", ""MENTION_SELECTED"", ""ENTITY_GROUPED"", ""MENTION_DESELECTED"", ""MENTION_DESELECTED"", ""MENTION_DESELECTED"", ""ENTITY_GROUPED"", ""MENTION_DESELECTED""]",MENTION_DESELECTED,train,llm_synthetic_expanded,1.0
llm_synth_expanded_749,synthetic,22,3,4,"[""PROCESS_START"", ""MENTION_SELECTED"", ""MENTION_DESELECTED"", ""MENTION_SELECTED""]",MENTION_DESELECTED,train,llm_synthetic_expanded,0.75
llm_synth_expanded_152,synthetic,22,4,5,"[""PROCESS_START"", ""MENTION_CREATED"", ""MENTION_SELECTED"", ""MENTION_DESELECTED"", ""MENTION_SELECTED""]",MENTION_DESELECTED,train,llm_synthetic_expanded,0.8
llm_synth_expanded_205,synthetic,41,4,5,"[""PROCESS_START"", ""MENTION_SELECTED"", ""MENTION_SELECTED"", ""RELATION_CREATED"", ""MENTION_SELECTED""]",MENTION_DESELECTED,train,llm_synthetic_expanded,0.8
llm_synth_expanded_104,synthetic,23,6,7,"[""PROCESS_START"", ""STEP_RELATIONS"", ""RELATION_SUGGESTION_MARKED"", ""RELATION_SUGGESTION_REJECTED"", ""MENTION_DESELECTED"", ""MENTION_SELECTED"", ""MENTION_DESELECTED""]",MENTION_DESELECTED,train,llm_synthetic_expanded,0.5714285714285714
llm_synth_expanded_152,synthetic,22,12,13,"[""PROCESS_START"", ""MENTION_CREATED"", ""MENTION_SELECTED"", ""MENTION_DESELECTED"", ""MENTION_SELECTED"", ""MENTION_DESELECTED"", ""MENTION_SELECTED"", ""MENTION_DESELECTED"", ""MENTION_SELECTED"", ""MENTION_DESELECTED"", ""MENTION_SELECTED"", ""MENTION_DESELECTED"", ""MENTION_SELECTED""]",MENTION_DESELECTED,train,llm_synthetic_expanded,0.9230769230769231
llm_synth_expanded_384,synthetic,11,1,2,"[""PROCESS_START"", ""MENTION_SELECTED""]",MENTION_DESELECTED,train,llm_synthetic_expanded,0.5
llm_synth_expanded_109,synthetic,23,11,12,"[""PROCESS_START"", ""STEP_RELATIONS"", ""RELATION_SUGGESTION_MARKED"", ""RELATION_SUGGESTION_REJECTED"", ""MENTION_DESELECTED"", ""MENTION_SELECTED"", ""MENTION_DESELECTED"", ""MENTION_SELECTED"", ""MENTION_DESELECTED"", ""MENTION_SELECTED"", ""MENTION_DESELECTED"", ""MENTION_SELECTED""]",MENTION_DESELECTED,train,llm_synthetic_expanded,0.75
llm_synth_expanded_1208,synthetic,21,2,3,"[""PROCESS_START"", ""MENTION_SELECTED"", ""MENTION_SELECTED""]",MENTION_DESELECTED,train,llm_synthetic_expanded,0.6666666666666666
llm_synth_expanded_107,synthetic,23,9,10,"[""PROCESS_START"", ""STEP_RELATIONS"", ""RELATION_SUGGESTION_MARKED"", ""RELATION_SUGGESTION_REJECTED"", ""MENTION_DESELECTED"", ""MENTION_SELECTED"", ""MENTION_DESELECTED"", ""MENTION_SELECTED"", ""MENTION_DESELECTED"", ""MENTION_SELECTED""]",MENTION_DESELECTED,train,llm_synthetic_expanded,0.7
llm_synth_expanded_1010,synthetic,13,7,8,"[""MENTION_SELECTED"", ""MENTION_SELECTED"", ""ENTITY_GROUPED"", ""MENTION_DESELECTED"", ""MENTION_SELECTED"", ""MENTION_SELECTED"", ""MENTION_DESELECTED"", ""ENTITY_GROUPED""]",MENTION_DESELECTED,train,llm_synthetic_expanded,1.0
llm_synth_expanded_342,synthetic,44,13,14,"[""PROCESS_START"", ""MENTION_CREATED"", ""TOKEN_SELECTED"", ""TOKEN_SELECTED"", ""TOKEN_SELECTED"", ""MENTION_CREATED"", ""STEP_ENTITIES"", ""MENTION_SELECTED"", ""MENTION_SELECTED"", ""MENTION_SELECTED"", ""ENTITY_GROUPED"", ""MENTION_SELECTED"", ""MENTION_SELECTED"", ""MENTION_DESELECTED""]",MENTION_DESELECTED,train,llm_synthetic_expanded,0.9285714285714286
llm_synth_expanded_1215,synthetic,21,13,14,"[""PROCESS_START"", ""MENTION_SELECTED"", ""MENTION_SELECTED"", ""MENTION_DESELECTED"", ""MENTION_SELECTED"", ""MENTION_SELECTED"", ""MENTION_DESELECTED"", ""MENTION_SELECTED"", ""MENTION_SELECTED"", ""MENTION_DESELECTED"", ""MENTION_SELECTED"", ""MENTION_SELECTED"", ""MENTION_DESELECTED"", ""MENTION_SELECTED""]",MENTION_DESELECTED,train,llm_synthetic_expanded,0.9285714285714286
llm_synth_expanded_868,synthetic,43,2,3,"[""MENTION_SELECTED"", ""MENTION_SELECTED"", ""MENTION_DESELECTED""]",MENTION_DESELECTED,train,llm_synthetic_expanded,1.0
llm_synth_expanded_1218,synthetic,34,14,15,"[""PROCESS_START"", ""MENTION_SUGGESTION_BOUNDS_UPDATED"", ""MENTION_SELECTED"", ""MENTION_SELECTED"", ""TOKEN_DESELECTED"", ""MENTION_SELECTED"", ""MENTION_SELECTED"", ""MENTION_DESELECTED"", ""MENTION_SELECTED"", ""MENTION_SELECTED"", ""MENTION_DESELECTED"", ""MENTION_SELECTED"", ""MENTION_DESELECTED"", ""MENTION_SELECTED"", ""MENTION_SELECTED""]",MENTION_DESELECTED,train,llm_synthetic_expanded,0.8666666666666667
llm_synth_expanded_751,synthetic,22,13,14,"[""PROCESS_START"", ""MENTION_SELECTED"", ""MENTION_DESELECTED"", ""MENTION_SELECTED"", ""MENTION_DESELECTED"", ""MENTION_SELECTED"", ""MENTION_DESELECTED"", ""MENTION_SELECTED"", ""MENTION_DESELECTED"", ""MENTION_SELECTED"", ""MENTION_DESELECTED"", ""MENTION_SELECTED"", ""MENTION_DESELECTED"", ""MENTION_SELECTED""]",MENTION_DESELECTED,train,llm_synthetic_expanded,0.9285714285714286
llm_synth_expanded_749,synthetic,22,5,6,"[""PROCESS_START"", ""MENTION_SELECTED"", ""MENTION_DESELECTED"", ""MENTION_SELECTED"", ""MENTION_DESELECTED"", ""MENTION_SELECTED""]",MENTION_DESELECTED,train,llm_synthetic_expanded,0.8333333333333334
llm_synth_expanded_1011,synthetic,13,4,5,"[""MENTION_DESELECTED"", ""MENTION_SELECTED"", ""MENTION_SELECTED"", ""MENTION_DESELECTED"", ""ENTITY_GROUPED""]",MENTION_DESELECTED,train,llm_synthetic_expanded,1.0
llm_synth_expanded_721,synthetic,11,11,12,"[""PROCESS_START"", ""MENTION_SELECTED"", ""MENTION_SELECTED"", ""MENTION_SELECTED"", ""RELATION_CREATED"", ""MENTION_SELECTED"", ""MENTION_SELECTED"", ""RELATION_CREATED"", ""MENTION_SELECTED"", ""MENTION_SELECTED"", ""RELATION_CREATED"", ""MENTION_SELECTED""]",MENTION_DESELECTED,train,llm_synthetic_expanded,0.9166666666666666
llm_synth_expanded_1011,synthetic,13,5,6,"[""MENTION_DESELECTED"", ""MENTION_SELECTED"", ""MENTION_SELECTED"", ""MENTION_DESELECTED"", ""ENTITY_GROUPED"", ""MENTION_DESELECTED""]",MENTION_DESELECTED,train,llm_synthetic_expanded,1.0
llm_synth_expanded_884,synthetic,22,13,14,"[""PROCESS_START"", ""MENTION_SELECTED"", ""RELATION_CREATED"", ""MENTION_SELECTED"", ""MENTION_SELECTED"", ""RELATION_CREATED"", ""MENTION_SELECTED"", ""MENTION_SELECTED"", ""RELATION_CREATED"", ""MENTION_SELECTED"", ""MENTION_DESELECTED"", ""MENTION_SELECTED"", ""MENTION_DESELECTED"", ""MENTION_SELECTED""]",MENTION_DESELECTED,train,llm_synthetic_expanded,0.9285714285714286
llm_synth_expanded_1219,synthetic,34,10,11,"[""PROCESS_START"", ""ENTITY_GROUPED"", ""MENTION_SUGGESTION_REJECTED"", ""MENTION_SELECTED"", ""MENTION_SELECTED"", ""MENTION_DESELECTED"", ""MENTION_SELECTED"", ""MENTION_SELECTED"", ""MENTION_DESELECTED"", ""MENTION_SELECTED"", ""MENTION_SELECTED""]",MENTION_DESELECTED,train,llm_synthetic_expanded,0.7272727272727273
llm_synth_expanded_1208,synthetic,21,5,6,"[""PROCESS_START"", ""MENTION_SELECTED"", ""MENTION_SELECTED"", ""MENTION_DESELECTED"", ""MENTION_SELECTED"", ""MENTION_SELECTED""]",MENTION_DESELECTED,train,llm_synthetic_expanded,0.8333333333333334
llm_synth_expanded_385,synthetic,11,5,6,"[""PROCESS_START"", ""MENTION_CREATED"", ""MENTION_SELECTED"", ""MENTION_DELETED"", ""MENTION_SELECTED"", ""MENTION_DESELECTED""]",MENTION_DESELECTED,train,llm_synthetic_expanded,0.8333333333333334
llm_synth_expanded_868,synthetic,43,9,10,"[""MENTION_SELECTED"", ""MENTION_SELECTED"", ""MENTION_DESELECTED"", ""MENTION_DESELECTED"", ""MENTION_SELECTED"", ""MENTION_SELECTED"", ""RELATION_CREATED"", ""MENTION_SELECTED"", ""MENTION_SELECTED"", ""MENTION_DESELECTED""]",MENTION_DESELECTED,train,llm_synthetic_expanded,1.0
llm_synth_expanded_749,synthetic,22,1,2,"[""PROCESS_START"", ""MENTION_SELECTED""]",MENTION_DESELECTED,train,llm_synthetic_expanded,0.5
llm_synth_expanded_1214,synthetic,21,12,13,"[""PROCESS_START"", ""MENTION_SELECTED"", ""MENTION_SELECTED"", ""MENTION_DESELECTED"", ""MENTION_SELECTED"", ""MENTION_SELECTED"", ""MENTION_DESELECTED"", ""MENTION_SELECTED"", ""MENTION_SELECTED"", ""MENTION_DESELECTED"", ""MENTION_SELECTED"", ""MENTION_SELECTED"", ""MENTION_DESELECTED""]",MENTION_DESELECTED,train,llm_synthetic_expanded,0.9230769230769231
llm_synth_expanded_868,synthetic,43,8,9,"[""MENTION_SELECTED"", ""MENTION_SELECTED"", ""MENTION_DESELECTED"", ""MENTION_DESELECTED"", ""MENTION_SELECTED"", ""MENTION_SELECTED"", ""RELATION_CREATED"", ""MENTION_SELECTED"", ""MENTION_SELECTED""]",MENTION_DESELECTED,train,llm_synthetic_expanded,1.0
llm_synth_expanded_1013,synthetic,13,7,8,"[""MENTION_SELECTED"", ""MENTION_SELECTED"", ""MENTION_DESELECTED"", ""MENTION_SELECTED"", ""MENTION_SELECTED"", ""ENTITY_GROUPED"", ""MENTION_DESELECTED"", ""MENTION_DESELECTED""]",MENTION_DESELECTED,train,llm_synthetic_expanded,1.0
llm_synth_expanded_245,synthetic,23,3,4,"[""PROCESS_START"", ""MENTION_SELECTED"", ""MENTION_DESELECTED"", ""MENTION_SELECTED""]",MENTION_DESELECTED,train,llm_synthetic_expanded,0.75
llm_synth_expanded_1218,synthetic,34,16,17,"[""PROCESS_START"", ""MENTION_SUGGESTION_BOUNDS_UPDATED"", ""MENTION_SELECTED"", ""MENTION_SELECTED"", ""TOKEN_DESELECTED"", ""MENTION_SELECTED"", ""MENTION_SELECTED"", ""MENTION_DESELECTED"", ""MENTION_SELECTED"", ""MENTION_SELECTED"", ""MENTION_DESELECTED"", ""MENTION_SELECTED"", ""MENTION_DESELECTED"", ""MENTION_SELECTED"", ""MENTION_SELECTED"", ""MENTION_DESELECTED"", ""MENTION_SELECTED""]",MENTION_DESELECTED,train,llm_synthetic_expanded,0.8823529411764706
llm_synth_expanded_884,synthetic,22,9,10,"[""PROCESS_START"", ""MENTION_SELECTED"", ""RELATION_CREATED"", ""MENTION_SELECTED"", ""MENTION_SELECTED"", ""RELATION_CREATED"", ""MENTION_SELECTED"", ""MENTION_SELECTED"", ""RELATION_CREATED"", ""MENTION_SELECTED""]",MENTION_DESELECTED,train,llm_synthetic_expanded,0.9
llm_synth_expanded_884,synthetic,22,17,18,"[""PROCESS_START"", ""MENTION_SELECTED"", ""RELATION_CREATED"", ""MENTION_SELECTED"", ""MENTION_SELECTED"", ""RELATION_CREATED"", ""MENTION_SELECTED"", ""MENTION_SELECTED"", ""RELATION_CREATED"", ""MENTION_SELECTED"", ""MENTION_DESELECTED"", ""MENTION_SELECTED"", ""MENTION_DESELECTED"", ""MENTION_SELECTED"", ""MENTION_DESELECTED"", ""MENTION_SELECTED"", ""MENTION_DESELECTED"", ""MENTION_SELECTED""]",MENTION_DESELECTED,train,llm_synthetic_expanded,0.9444444444444444
llm_synth_expanded_1218,synthetic,34,11,12,"[""PROCESS_START"", ""MENTION_SUGGESTION_BOUNDS_UPDATED"", ""MENTION_SELECTED"", ""MENTION_SELECTED"", ""TOKEN_DESELECTED"", ""MENTION_SELECTED"", ""MENTION_SELECTED"", ""MENTION_DESELECTED"", ""MENTION_SELECTED"", ""MENTION_SELECTED"", ""MENTION_DESELECTED"", ""MENTION_SELECTED""]",MENTION_DESELECTED,train,llm_synthetic_expanded,0.8333333333333334
llm_synth_expanded_342,synthetic,44,14,15,"[""PROCESS_START"", ""MENTION_CREATED"", ""TOKEN_SELECTED"", ""TOKEN_SELECTED"", ""TOKEN_SELECTED"", ""MENTION_CREATED"", ""STEP_ENTITIES"", ""MENTION_SELECTED"", ""MENTION_SELECTED"", ""MENTION_SELECTED"", ""ENTITY_GROUPED"", ""MENTION_SELECTED"", ""MENTION_SELECTED"", ""MENTION_DESELECTED"", ""MENTION_DESELECTED""]",MENTION_DESELECTED,train,llm_synthetic_expanded,0.9333333333333333
llm_synth_expanded_211,synthetic,41,11,12,"[""PROCESS_START"", ""ENTITY_GROUPED"", ""MENTION_SELECTED"", ""MENTION_SELECTED"", ""ENTITY_GROUPED"", ""MENTION_SELECTED"", ""ENTITY_GROUPED"", ""STEP_RELATION_SUGGESTION"", ""STEP_RELATIONS"", ""MENTION_SELECTED"", ""MENTION_SELECTED"", ""MENTION_DESELECTED""]",MENTION_DESELECTED,train,llm_synthetic_expanded,0.9166666666666666
llm_synth_expanded_102,synthetic,23,4,5,"[""PROCESS_START"", ""STEP_RELATIONS"", ""RELATION_SUGGESTION_MARKED"", ""RELATION_SUGGESTION_REJECTED"", ""MENTION_DESELECTED""]",MENTION_DESELECTED,train,llm_synthetic_expanded,0.4
llm_synth_expanded_750,synthetic,22,9,10,"[""PROCESS_START"", ""MENTION_SELECTED"", ""MENTION_DESELECTED"", ""MENTION_SELECTED"", ""MENTION_DESELECTED"", ""MENTION_SELECTED"", ""MENTION_DESELECTED"", ""MENTION_SELECTED"", ""MENTION_DESELECTED"", ""MENTION_SELECTED""]",MENTION_DESELECTED,train,llm_synthetic_expanded,0.9
llm_synth_expanded_153,synthetic,22,13,14,"[""PROCESS_START"", ""TOKEN_SELECTED"", ""TOKEN_SELECTED"", ""MENTION_CREATED"", ""TOKEN_SELECTED"", ""TOKEN_SELECTED"", ""MENTION_CREATED"", ""TOKEN_SELECTED"", ""MENTION_CREATED"", ""TOKEN_SELECTED"", ""MENTION_CREATED"", ""MENTION_SELECTED"", ""MENTION_DESELECTED"", ""MENTION_SELECTED""]",MENTION_DESELECTED,train,llm_synthetic_expanded,0.9285714285714286
llm_synth_expanded_103,synthetic,23,5,6,"[""PROCESS_START"", ""STEP_RELATIONS"", ""RELATION_SUGGESTION_MARKED"", ""RELATION_SUGGESTION_REJECTED"", ""MENTION_DESELECTED"", ""MENTION_SELECTED""]",MENTION_DESELECTED,train,llm_synthetic_expanded,0.5
llm_synth_expanded_153,synthetic,22,17,18,"[""PROCESS_START"", ""TOKEN_SELECTED"", ""TOKEN_SELECTED"", ""MENTION_CREATED"", ""TOKEN_SELECTED"", ""TOKEN_SELECTED"", ""MENTION_CREATED"", ""TOKEN_SELECTED"", ""MENTION_CREATED"", ""TOKEN_SELECTED"", ""MENTION_CREATED"", ""MENTION_SELECTED"", ""MENTION_DESELECTED"", ""MENTION_SELECTED"", ""MENTION_DESELECTED"", ""MENTION_SELECTED"", ""MENTION_DESELECTED"", ""MENTION_SELECTED""]",MENTION_DESELECTED,train,llm_synthetic_expanded,0.9444444444444444
llm_synth_expanded_1213,synthetic,21,11,12,"[""PROCESS_START"", ""MENTION_SELECTED"", ""MENTION_SELECTED"", ""MENTION_DESELECTED"", ""MENTION_SELECTED"", ""MENTION_SELECTED"", ""MENTION_DESELECTED"", ""MENTION_SELECTED"", ""MENTION_SELECTED"", ""MENTION_DESELECTED"", ""MENTION_SELECTED"", ""MENTION_SELECTED""]",MENTION_DESELECTED,train,llm_synthetic_expanded,0.9166666666666666
llm_synth_expanded_1218,synthetic,34,9,10,"[""PROCESS_START"", ""MENTION_SUGGESTION_BOUNDS_UPDATED"", ""MENTION_SELECTED"", ""MENTION_SELECTED"", ""TOKEN_DESELECTED"", ""MENTION_SELECTED"", ""MENTION_SELECTED"", ""MENTION_DESELECTED"", ""MENTION_SELECTED"", ""MENTION_SELECTED""]",MENTION_DESELECTED,train,llm_synthetic_expanded,0.8
llm_synth_expanded_1013,synthetic,13,6,7,"[""MENTION_SELECTED"", ""MENTION_SELECTED"", ""MENTION_DESELECTED"", ""MENTION_SELECTED"", ""MENTION_SELECTED"", ""ENTITY_GROUPED"", ""MENTION_DESELECTED""]",MENTION_DESELECTED,train,llm_synthetic_expanded,1.0
llm_synth_expanded_1212,synthetic,21,11,12,"[""PROCESS_START"", ""MENTION_SELECTED"", ""MENTION_SELECTED"", ""MENTION_DESELECTED"", ""MENTION_SELECTED"", ""MENTION_SELECTED"", ""MENTION_DESELECTED"", ""MENTION_SELECTED"", ""MENTION_SELECTED"", ""MENTION_DESELECTED"", ""MENTION_SELECTED"", ""MENTION_DESELECTED""]",MENTION_DESELECTED,train,llm_synthetic_expanded,0.9166666666666666
llm_synth_expanded_1208,synthetic,21,6,7,"[""PROCESS_START"", ""MENTION_SELECTED"", ""MENTION_SELECTED"", ""MENTION_DESELECTED"", ""MENTION_SELECTED"", ""MENTION_SELECTED"", ""MENTION_DESELECTED""]",MENTION_DESELECTED,train,llm_synthetic_expanded,0.8571428571428571
llm_synth_expanded_153,synthetic,22,11,12,"[""PROCESS_START"", ""TOKEN_SELECTED"", ""TOKEN_SELECTED"", ""MENTION_CREATED"", ""TOKEN_SELECTED"", ""TOKEN_SELECTED"", ""MENTION_CREATED"", ""TOKEN_SELECTED"", ""MENTION_CREATED"", ""TOKEN_SELECTED"", ""MENTION_CREATED"", ""MENTION_SELECTED""]",MENTION_DESELECTED,train,llm_synthetic_expanded,0.9166666666666666
llm_synth_expanded_884,synthetic,22,11,12,"[""PROCESS_START"", ""MENTION_SELECTED"", ""RELATION_CREATED"", ""MENTION_SELECTED"", ""MENTION_SELECTED"", ""RELATION_CREATED"", ""MENTION_SELECTED"", ""MENTION_SELECTED"", ""RELATION_CREATED"", ""MENTION_SELECTED"", ""MENTION_DESELECTED"", ""MENTION_SELECTED""]",MENTION_DESELECTED,train,llm_synthetic_expanded,0.9166666666666666
llm_synth_expanded_1012,synthetic,13,3,4,"[""MENTION_SELECTED"", ""MENTION_SELECTED"", ""ENTITY_GROUPED"", ""MENTION_DESELECTED""]",MENTION_DESELECTED,train,llm_synthetic_expanded,1.0
llm_synth_expanded_152,synthetic,22,6,7,"[""PROCESS_START"", ""MENTION_CREATED"", ""MENTION_SELECTED"", ""MENTION_DESELECTED"", ""MENTION_SELECTED"", ""MENTION_DESELECTED"", ""MENTION_SELECTED""]",MENTION_DESELECTED,train,llm_synthetic_expanded,0.8571428571428571
llm_synth_expanded_1218,synthetic,34,6,7,"[""PROCESS_START"", ""MENTION_SUGGESTION_BOUNDS_UPDATED"", ""MENTION_SELECTED"", ""MENTION_SELECTED"", ""TOKEN_DESELECTED"", ""MENTION_SELECTED"", ""MENTION_SELECTED""]",MENTION_DESELECTED,train,llm_synthetic_expanded,0.7142857142857143
llm_synth_expanded_749,synthetic,22,7,8,"[""PROCESS_START"", ""MENTION_SELECTED"", ""MENTION_DESELECTED"", ""MENTION_SELECTED"", ""MENTION_DESELECTED"", ""MENTION_SELECTED"", ""MENTION_DESELECTED"", ""MENTION_SELECTED""]",MENTION_DESELECTED,train,llm_synthetic_expanded,0.875
llm_synth_expanded_1219,synthetic,34,17,18,"[""PROCESS_START"", ""ENTITY_GROUPED"", ""MENTION_SUGGESTION_REJECTED"", ""MENTION_SELECTED"", ""MENTION_SELECTED"", ""MENTION_DESELECTED"", ""MENTION_SELECTED"", ""MENTION_SELECTED"", ""MENTION_DESELECTED"", ""MENTION_SELECTED"", ""MENTION_SELECTED"", ""MENTION_DESELECTED"", ""MENTION_SELECTED"", ""MENTION_SELECTED"", ""MENTION_DESELECTED"", ""MENTION_SELECTED"", ""MENTION_SELECTED"", ""MENTION_DESELECTED""]",MENTION_DESELECTED,train,llm_synthetic_expanded,0.8333333333333334
llm_synth_expanded_654,synthetic,23,4,5,"[""PROCESS_START"", ""ENTITY_GROUPED"", ""STEP_RELATION_SUGGESTION"", ""STEP_RELATIONS"", ""MENTION_SELECTED""]",MENTION_SELECTED,train,llm_synthetic_expanded,0.8
llm_synth_expanded_335,synthetic,11,5,6,"[""MENTION_SELECTED"", ""MENTION_DESELECTED"", ""MENTION_SELECTED"", ""MENTION_SELECTED"", ""RELATION_CREATED"", ""MENTION_SELECTED""]",MENTION_SELECTED,train,llm_synthetic_expanded,1.0
llm_synth_expanded_1218,synthetic,34,10,11,"[""PROCESS_START"", ""MENTION_SUGGESTION_BOUNDS_UPDATED"", ""MENTION_SELECTED"", ""MENTION_SELECTED"", ""TOKEN_DESELECTED"", ""MENTION_SELECTED"", ""MENTION_SELECTED"", ""MENTION_DESELECTED"", ""MENTION_SELECTED"", ""MENTION_SELECTED"", ""MENTION_DESELECTED""]",MENTION_SELECTED,train,llm_synthetic_expanded,0.8181818181818182
llm_synth_expanded_229,synthetic,44,2,3,"[""PROCESS_START"", ""ENTITY_GROUPED"", ""MENTION_SELECTED""]",MENTION_SELECTED,train,llm_synthetic_expanded,0.6666666666666666
llm_synth_expanded_514,synthetic,11,19,20,"[""MENTION_SELECTED"", ""MENTION_SELECTED"", ""RELATION_CREATED"", ""MENTION_SELECTED"", ""MENTION_SELECTED"", ""RELATION_CREATED"", ""MENTION_SELECTED"", ""MENTION_DESELECTED"", ""MENTION_SELECTED"", ""MENTION_SELECTED"", ""RELATION_CREATED"", ""MENTION_SELECTED"", ""MENTION_SELECTED"", ""RELATION_CREATED"", ""MENTION_SELECTED"", ""MENTION_SELECTED"", ""RELATION_CREATED"", ""MENTION_SELECTED"", ""MENTION_SELECTED"", ""RELATION_CREATED""]",MENTION_SELECTED,train,llm_synthetic_expanded,1.0
llm_synth_expanded_879,synthetic,17,2,3,"[""PROCESS_START"", ""STEP_RELATION_SUGGESTION"", ""STEP_RELATIONS""]",MENTION_SELECTED,train,llm_synthetic_expanded,0.6666666666666666
llm_synth_expanded_1219,synthetic,34,8,9,"[""PROCESS_START"", ""ENTITY_GROUPED"", ""MENTION_SUGGESTION_REJECTED"", ""MENTION_SELECTED"", ""MENTION_SELECTED"", ""MENTION_DESELECTED"", ""MENTION_SELECTED"", ""MENTION_SELECTED"", ""MENTION_DESELECTED""]",MENTION_SELECTED,train,llm_synthetic_expanded,0.6666666666666666
llm_synth_expanded_206,synthetic,41,1,2,"[""PROCESS_START"", ""ENTITY_GROUPED""]",MENTION_SELECTED,train,llm_synthetic_expanded,0.5
llm_synth_expanded_122,synthetic,41,11,12,"[""PROCESS_START"", ""MENTION_SELECTED"", ""RELATION_CREATED"", ""MENTION_SELECTED"", ""MENTION_DESELECTED"", ""TOKEN_SELECTED"", ""TOKEN_SELECTED"", ""TOKEN_DESELECTED"", ""TOKEN_DESELECTED"", ""TOKEN_SELECTED"", ""MENTION_CREATED"", ""MENTION_SELECTED""]",MENTION_SELECTED,train,llm_synthetic_expanded,0.9166666666666666
llm_synth_expanded_293,synthetic,34,1,2,"[""PROCESS_START"", ""MENTION_CREATED""]",MENTION_SELECTED,train,llm_synthetic_expanded,0.5
llm_synth_expanded_280,synthetic,33,1,2,"[""PROCESS_START"", ""TOKEN_SELECTED""]",MENTION_SELECTED,train,llm_synthetic_expanded,0.5
llm_synth_expanded_233,synthetic,44,3,4,"[""PROCESS_START"", ""UNDO_ACTION"", ""MENTION_SELECTED"", ""MENTION_SELECTED""]",MENTION_SELECTED,train,llm_synthetic_expanded,0.5
llm_synth_expanded_720,synthetic,41,10,11,"[""PROCESS_START"", ""MENTION_SELECTED"", ""MENTION_SELECTED"", ""ENTITY_GROUPED"", ""MENTION_SELECTED"", ""MENTION_SELECTED"", ""MENTION_SUGGESTION_ACCEPTED"", ""MENTION_SELECTED"", ""MENTION_SELECTED"", ""RELATION_CREATED"", ""MENTION_SELECTED""]",MENTION_SELECTED,train,llm_synthetic_expanded,0.8181818181818182
llm_synth_expanded_327,synthetic,24,6,7,"[""RELATION_CREATED"", ""MENTION_SELECTED"", ""MENTION_SELECTED"", ""RELATION_CREATED"", ""MENTION_SELECTED"", ""MENTION_SELECTED"", ""RELATION_CREATED""]",MENTION_SELECTED,train,llm_synthetic_expanded,1.0
llm_synth_expanded_701,synthetic,41,6,7,"[""RELATION_CREATED"", ""MENTION_SELECTED"", ""MENTION_SELECTED"", ""RELATION_CREATED"", ""MENTION_SELECTED"", ""MENTION_SELECTED"", ""RELATION_CREATED""]",MENTION_SELECTED,train,llm_synthetic_expanded,1.0
llm_synth_expanded_122,synthetic,41,10,11,"[""PROCESS_START"", ""MENTION_SELECTED"", ""RELATION_CREATED"", ""MENTION_SELECTED"", ""MENTION_DESELECTED"", ""TOKEN_SELECTED"", ""TOKEN_SELECTED"", ""TOKEN_DESELECTED"", ""TOKEN_DESELECTED"", ""TOKEN_SELECTED"", ""MENTION_CREATED""]",MENTION_SELECTED,train,llm_synthetic_expanded,0.9090909090909091
llm_synth_expanded_514,synthetic,11,10,11,"[""MENTION_SELECTED"", ""MENTION_SELECTED"", ""RELATION_CREATED"", ""MENTION_SELECTED"", ""MENTION_SELECTED"", ""RELATION_CREATED"", ""MENTION_SELECTED"", ""MENTION_DESELECTED"", ""MENTION_SELECTED"", ""MENTION_SELECTED"", ""RELATION_CREATED""]",MENTION_SELECTED,train,llm_synthetic_expanded,1.0
llm_synth_expanded_875,synthetic,13,8,9,"[""PROCESS_START"", ""STEP_RELATION_SUGGESTION"", ""STEP_RELATIONS"", ""MENTION_SELECTED"", ""MENTION_SUGGESTION_BOUNDS_UPDATED"", ""MENTION_SELECTED"", ""MENTION_SELECTED"", ""RELATION_CREATED"", ""MENTION_SELECTED""]",MENTION_SELECTED,train,llm_synthetic_expanded,0.8888888888888888
llm_synth_expanded_877,synthetic,15,14,15,"[""PROCESS_START"", ""STEP_RELATION_SUGGESTION"", ""STEP_RELATIONS"", ""MENTION_SELECTED"", ""MENTION_SUGGESTION_BOUNDS_UPDATED"", ""MENTION_SELECTED"", ""MENTION_SELECTED"", ""RELATION_CREATED"", ""MENTION_SELECTED"", ""MENTION_SELECTED"", ""RELATION_CREATED"", ""MENTION_SELECTED"", ""MENTION_SELECTED"", ""RELATION_CREATED"", ""MENTION_SELECTED""]",MENTION_SELECTED,train,llm_synthetic_expanded,0.9333333333333333
llm_synth_expanded_867,synthetic,43,18,19,"[""TOKEN_SELECTED"", ""MENTION_CREATED"", ""TOKEN_SELECTED"", ""MENTION_CREATED"", ""TOKEN_SELECTED"", ""MENTION_CREATED"", ""TOKEN_SELECTED"", ""MENTION_CREATED"", ""TOKEN_SELECTED"", ""TOKEN_SELECTED"", ""MENTION_CREATED"", ""TOKEN_SELECTED"", ""MENTION_CREATED"", ""TOKEN_SELECTED"", ""MENTION_CREATED"", ""TOKEN_SELECTED"", ""MENTION_CREATED"", ""TOKEN_SELECTED"", ""STEP_ENTITIES""]",MENTION_SELECTED,train,llm_synthetic_expanded,0.9473684210526315
llm_synth_expanded_720,synthetic,41,3,4,"[""PROCESS_START"", ""MENTION_SELECTED"", ""MENTION_SELECTED"", ""ENTITY_GROUPED""]",MENTION_SELECTED,train,llm_synthetic_expanded,0.75
llm_synth_expanded_903,synthetic,41,2,3,"[""MENTION_SELECTED"", ""MENTION_SELECTED"", ""RELATION_CREATED""]",MENTION_SELECTED,train,llm_synthetic_expanded,1.0
llm_synth_expanded_1013,synthetic,13,16,17,"[""MENTION_SELECTED"", ""MENTION_SELECTED"", ""MENTION_DESELECTED"", ""MENTION_SELECTED"", ""MENTION_SELECTED"", ""ENTITY_GROUPED"", ""MENTION_DESELECTED"", ""MENTION_DESELECTED"", ""MENTION_DESELECTED"", ""ENTITY_GROUPED"", ""MENTION_DESELECTED"", ""MENTION_DESELECTED"", ""STEP_RELATION_SUGGESTION"", ""STEP_RELATIONS"", ""MENTION_SELECTED"", ""MENTION_SELECTED"", ""RELATION_CREATED""]",MENTION_SELECTED,train,llm_synthetic_expanded,1.0
llm_synth_expanded_928,synthetic,41,2,3,"[""PROCESS_START"", ""TOKEN_SELECTED"", ""MENTION_SELECTED""]",MENTION_SELECTED,train,llm_synthetic_expanded,0.6666666666666666
llm_synth_expanded_837,synthetic,23,12,13,"[""MENTION_SELECTED"", ""ENTITY_GROUPED"", ""MENTION_SELECTED"", ""MENTION_SELECTED"", ""ENTITY_GROUPED"", ""TOKEN_SELECTED"", ""MENTION_CREATED"", ""STEP_RELATION_SUGGESTION"", ""STEP_RELATIONS"", ""MENTION_SELECTED"", ""MENTION_SELECTED"", ""RELATION_CREATED"", ""RELATION_DELETED""]",MENTION_SELECTED,train,llm_synthetic_expanded,1.0
llm_synth_expanded_297,synthetic,34,2,3,"[""PROCESS_START"", ""ENTITY_GROUPED"", ""MENTION_SELECTED""]",MENTION_SELECTED,train,llm_synthetic_expanded,0.6666666666666666
llm_synth_expanded_123,synthetic,41,9,10,"[""PROCESS_START"", ""MENTION_SELECTED"", ""RELATION_CREATED"", ""MENTION_SELECTED"", ""MENTION_SELECTED"", ""RELATION_CREATED"", ""MENTION_SELECTED"", ""MENTION_SELECTED"", ""RELATION_CREATED"", ""MENTION_SELECTED""]",MENTION_SELECTED,train,llm_synthetic_expanded,0.9
llm_synth_expanded_841,synthetic,23,5,6,"[""MENTION_SELECTED"", ""MENTION_DESELECTED"", ""MENTION_SELECTED"", ""MENTION_SELECTED"", ""RELATION_CREATED"", ""MENTION_SELECTED""]",MENTION_SELECTED,train,llm_synthetic_expanded,1.0
llm_synth_expanded_49,synthetic,33,19,20,"[""PROCESS_START"", ""STEP_RELATION_SUGGESTION"", ""STEP_RELATIONS"", ""MENTION_SELECTED"", ""MENTION_SELECTED"", ""RELATION_CREATED"", ""MENTION_SELECTED"", ""MENTION_SELECTED"", ""RELATION_CREATED"", ""MENTION_SELECTED"", ""MENTION_SELECTED"", ""RELATION_CREATED"", ""MENTION_SELECTED"", ""MENTION_SELECTED"", ""RELATION_CREATED"", ""MENTION_SELECTED"", ""MENTION_SELECTED"", ""RELATION_CREATED"", ""MENTION_SELECTED"", ""MENTION_SELECTED""]",MENTION_SELECTED,train,llm_synthetic_expanded,0.95
llm_synth_expanded_658,synthetic,23,10,11,"[""PROCESS_START"", ""MENTION_DELETED"", ""TOKEN_SELECTED"", ""TOKEN_SELECTED"", ""TOKEN_SELECTED"", ""TOKEN_DESELECTED"", ""TOKEN_DESELECTED"", ""TOKEN_DESELECTED"", ""TOKEN_SELECTED"", ""MENTION_CREATED"", ""STEP_ENTITIES""]",MENTION_SELECTED,train,llm_synthetic_expanded,0.9090909090909091
llm_synth_expanded_153,synthetic,22,14,15,"[""PROCESS_START"", ""TOKEN_SELECTED"", ""TOKEN_SELECTED"", ""MENTION_CREATED"", ""TOKEN_SELECTED"", ""TOKEN_SELECTED"", ""MENTION_CREATED"", ""TOKEN_SELECTED"", ""MENTION_CREATED"", ""TOKEN_SELECTED"", ""MENTION_CREATED"", ""MENTION_SELECTED"", ""MENTION_DESELECTED"", ""MENTION_SELECTED"", ""MENTION_DESELECTED""]",MENTION_SELECTED,train,llm_synthetic_expanded,0.9333333333333333
llm_synth_expanded_123,synthetic,41,18,19,"[""PROCESS_START"", ""MENTION_SELECTED"", ""RELATION_CREATED"", ""MENTION_SELECTED"", ""MENTION_SELECTED"", ""RELATION_CREATED"", ""MENTION_SELECTED"", ""MENTION_SELECTED"", ""RELATION_CREATED"", ""MENTION_SELECTED"", ""MENTION_SELECTED"", ""RELATION_CREATED"", ""MENTION_SELECTED"", ""MENTION_SELECTED"", ""RELATION_CREATED"", ""MENTION_SELECTED"", ""MENTION_SELECTED"", ""RELATION_CREATED"", ""MENTION_SELECTED""]",MENTION_SELECTED,train,llm_synthetic_expanded,0.9473684210526315
llm_synth_expanded_884,synthetic,22,5,6,"[""PROCESS_START"", ""MENTION_SELECTED"", ""RELATION_CREATED"", ""MENTION_SELECTED"", ""MENTION_SELECTED"", ""RELATION_CREATED""]",MENTION_SELECTED,train,llm_synthetic_expanded,0.8333333333333334
llm_synth_expanded_742,synthetic,23,22,23,"[""PROCESS_START"", ""TOKEN_SELECTED"", ""TOKEN_SELECTED"", ""MENTION_CREATED"", ""TOKEN_SELECTED"", ""TOKEN_SELECTED"", ""MENTION_CREATED"", ""TOKEN_SELECTED"", ""TOKEN_SELECTED"", ""MENTION_CREATED"", ""TOKEN_SELECTED"", ""TOKEN_SELECTED"", ""MENTION_CREATED"", ""STEP_ENTITIES"", ""MENTION_SELECTED"", ""MENTION_SELECTED"", ""ENTITY_GROUPED"", ""MENTION_SELECTED"", ""MENTION_SELECTED"", ""ENTITY_GROUPED"", ""STEP_RELATION_SUGGESTION"", ""STEP_RELATIONS"", ""MENTION_SELECTED""]",MENTION_SELECTED,train,llm_synthetic_expanded,0.9565217391304348
llm_synth_expanded_1219,synthetic,34,14,15,"[""PROCESS_START"", ""ENTITY_GROUPED"", ""MENTION_SUGGESTION_REJECTED"", ""MENTION_SELECTED"", ""MENTION_SELECTED"", ""MENTION_DESELECTED"", ""MENTION_SELECTED"", ""MENTION_SELECTED"", ""MENTION_DESELECTED"", ""MENTION_SELECTED"", ""MENTION_SELECTED"", ""MENTION_DESELECTED"", ""MENTION_SELECTED"", ""MENTION_SELECTED"", ""MENTION_DESELECTED""]",MENTION_SELECTED,train,llm_synthetic_expanded,0.8
llm_synth_expanded_880,synthetic,18,8,9,"[""PROCESS_START"", ""STEP_RELATION_SUGGESTION"", ""STEP_RELATIONS"", ""MENTION_SELECTED"", ""MENTION_SUGGESTION_BOUNDS_UPDATED"", ""MENTION_SELECTED"", ""MENTION_SELECTED"", ""RELATION_CREATED"", ""MENTION_SELECTED""]",MENTION_SELECTED,train,llm_synthetic_expanded,0.8888888888888888
llm_synth_expanded_874,synthetic,11,11,12,"[""PROCESS_START"", ""STEP_RELATION_SUGGESTION"", ""STEP_RELATIONS"", ""MENTION_SELECTED"", ""MENTION_SELECTED"", ""RELATION_CREATED"", ""MENTION_SELECTED"", ""MENTION_SELECTED"", ""RELATION_CREATED"", ""MENTION_SELECTED"", ""MENTION_SELECTED"", ""RELATION_CREATED""]",MENTION_SELECTED,train,llm_synthetic_expanded,0.9166666666666666
llm_synth_expanded_48,synthetic,33,11,12,"[""PROCESS_START"", ""STEP_RELATION_SUGGESTION"", ""STEP_RELATIONS"", ""MENTION_SELECTED"", ""MENTION_SELECTED"", ""RELATION_CREATED"", ""MENTION_SELECTED"", ""MENTION_SELECTED"", ""RELATION_CREATED"", ""MENTION_SELECTED"", ""MENTION_SELECTED"", ""RELATION_CREATED""]",MENTION_SELECTED,train,llm_synthetic_expanded,0.9166666666666666
llm_synth_expanded_48,synthetic,33,8,9,"[""PROCESS_START"", ""STEP_RELATION_SUGGESTION"", ""STEP_RELATIONS"", ""MENTION_SELECTED"", ""MENTION_SELECTED"", ""RELATION_CREATED"", ""MENTION_SELECTED"", ""MENTION_SELECTED"", ""RELATION_CREATED""]",MENTION_SELECTED,train,llm_synthetic_expanded,0.8888888888888888
llm_synth_expanded_841,synthetic,23,11,12,"[""MENTION_SELECTED"", ""MENTION_DESELECTED"", ""MENTION_SELECTED"", ""MENTION_SELECTED"", ""RELATION_CREATED"", ""MENTION_SELECTED"", ""MENTION_SELECTED"", ""RELATION_CREATED"", ""MENTION_SELECTED"", ""MENTION_SELECTED"", ""RELATION_CREATED"", ""MENTION_SELECTED""]",MENTION_SELECTED,train,llm_synthetic_expanded,1.0
llm_synth_expanded_1182,synthetic,31,16,17,"[""PROCESS_START"", ""MENTION_SELECTED"", ""MENTION_SELECTED"", ""RELATION_CREATED"", ""MENTION_SELECTED"", ""MENTION_SELECTED"", ""RELATION_CREATED"", ""MENTION_SELECTED"", ""MENTION_SELECTED"", ""RELATION_CREATED"", ""MENTION_SELECTED"", ""MENTION_SELECTED"", ""RELATION_CREATED"", ""MENTION_SELECTED"", ""MENTION_SELECTED"", ""RELATION_CREATED"", ""MENTION_SELECTED""]",MENTION_SELECTED,train,llm_synthetic_expanded,0.9411764705882353
llm_synth_expanded_838,synthetic,23,14,15,"[""STEP_RELATIONS"", ""MENTION_SELECTED"", ""MENTION_SELECTED"", ""RELATION_CREATED"", ""RELATION_DELETED"", ""MENTION_SELECTED"", ""MENTION_SELECTED"", ""RELATION_CREATED"", ""MENTION_SELECTED"", ""MENTION_SELECTED"", ""RELATION_CREATED"", ""MENTION_SELECTED"", ""MENTION_SELECTED"", ""RELATION_CREATED"", ""MENTION_SELECTED""]",MENTION_SELECTED,train,llm_synthetic_expanded,1.0
llm_synth_expanded_210,synthetic,41,16,17,"[""PROCESS_START"", ""MENTION_SELECTED"", ""MENTION_SELECTED"", ""RELATION_CREATED"", ""MENTION_SELECTED"", ""MENTION_SELECTED"", ""RELATION_CREATED"", ""MENTION_SELECTED"", ""MENTION_SELECTED"", ""RELATION_CREATED"", ""MENTION_SELECTED"", ""MENTION_SUGGESTION_BOUNDS_UPDATED"", ""MENTION_SUGGESTION_BOUNDS_UPDATED"", ""MENTION_SELECTED"", ""MENTION_SELECTED"", ""RELATION_CREATED"", ""MENTION_SELECTED""]",MENTION_SELECTED,train,llm_synthetic_expanded,0.9411764705882353
llm_synth_expanded_878,synthetic,16,10,11,"[""PROCESS_START"", ""STEP_RELATION_SUGGESTION"", ""STEP_RELATIONS"", ""MENTION_SELECTED"", ""MENTION_SUGGESTION_BOUNDS_UPDATED"", ""MENTION_SELECTED"", ""MENTION_SELECTED"", ""RELATION_CREATED"", ""MENTION_SELECTED"", ""MENTION_SELECTED"", ""RELATION_CREATED""]",MENTION_SELECTED,train,llm_synthetic_expanded,0.9090909090909091
llm_synth_expanded_878,synthetic,16,5,6,"[""PROCESS_START"", ""STEP_RELATION_SUGGESTION"", ""STEP_RELATIONS"", ""MENTION_SELECTED"", ""MENTION_SUGGESTION_BOUNDS_UPDATED"", ""MENTION_SELECTED""]",MENTION_SELECTED,train,llm_synthetic_expanded,0.8333333333333334
llm_synth_expanded_335,synthetic,11,14,15,"[""MENTION_SELECTED"", ""MENTION_DESELECTED"", ""MENTION_SELECTED"", ""MENTION_SELECTED"", ""RELATION_CREATED"", ""MENTION_SELECTED"", ""MENTION_SELECTED"", ""RELATION_CREATED"", ""MENTION_SELECTED"", ""MENTION_SELECTED"", ""RELATION_CREATED"", ""MENTION_SELECTED"", ""MENTION_SELECTED"", ""RELATION_CREATED"", ""MENTION_SELECTED""]",MENTION_SELECTED,train,llm_synthetic_expanded,1.0
llm_synth_expanded_875,synthetic,13,13,14,"[""PROCESS_START"", ""STEP_RELATION_SUGGESTION"", ""STEP_RELATIONS"", ""MENTION_SELECTED"", ""MENTION_SUGGESTION_BOUNDS_UPDATED"", ""MENTION_SELECTED"", ""MENTION_SELECTED"", ""RELATION_CREATED"", ""MENTION_SELECTED"", ""MENTION_SELECTED"", ""RELATION_CREATED"", ""MENTION_SELECTED"", ""MENTION_SELECTED"", ""RELATION_CREATED""]",MENTION_SELECTED,train,llm_synthetic_expanded,0.9285714285714286
llm_synth_expanded_207,synthetic,41,14,15,"[""PROCESS_START"", ""RELATION_CREATED"", ""MENTION_SELECTED"", ""MENTION_SELECTED"", ""RELATION_CREATED"", ""MENTION_SELECTED"", ""MENTION_SELECTED"", ""RELATION_CREATED"", ""MENTION_SELECTED"", ""MENTION_SELECTED"", ""RELATION_CREATED"", ""MENTION_SELECTED"", ""MENTION_SELECTED"", ""RELATION_CREATED"", ""MENTION_SELECTED""]",MENTION_SELECTED,train,llm_synthetic_expanded,0.9333333333333333
llm_synth_expanded_720,synthetic,41,6,7,"[""PROCESS_START"", ""MENTION_SELECTED"", ""MENTION_SELECTED"", ""ENTITY_GROUPED"", ""MENTION_SELECTED"", ""MENTION_SELECTED"", ""MENTION_SUGGESTION_ACCEPTED""]",MENTION_SELECTED,train,llm_synthetic_expanded,0.7142857142857143
llm_synth_expanded_878,synthetic,16,17,18,"[""PROCESS_START"", ""STEP_RELATION_SUGGESTION"", ""STEP_RELATIONS"", ""MENTION_SELECTED"", ""MENTION_SUGGESTION_BOUNDS_UPDATED"", ""MENTION_SELECTED"", ""MENTION_SELECTED"", ""RELATION_CREATED"", ""MENTION_SELECTED"", ""MENTION_SELECTED"", ""RELATION_CREATED"", ""MENTION_SELECTED"", ""MENTION_SELECTED"", ""RELATION_CREATED"", ""MENTION_SELECTED"", ""MENTION_SELECTED"", ""RELATION_CREATED"", ""MENTION_SELECTED""]",MENTION_SELECTED,train,llm_synthetic_expanded,0.9444444444444444
llm_synth_expanded_884,synthetic,22,16,17,"[""PROCESS_START"", ""MENTION_SELECTED"", ""RELATION_CREATED"", ""MENTION_SELECTED"", ""MENTION_SELECTED"", ""RELATION_CREATED"", ""MENTION_SELECTED"", ""MENTION_SELECTED"", ""RELATION_CREATED"", ""MENTION_SELECTED"", ""MENTION_DESELECTED"", ""MENTION_SELECTED"", ""MENTION_DESELECTED"", ""MENTION_SELECTED"", ""MENTION_DESELECTED"", ""MENTION_SELECTED"", ""MENTION_DESELECTED""]",MENTION_SELECTED,train,llm_synthetic_expanded,0.9411764705882353
llm_synth_expanded_334,synthetic,11,6,7,"[""RELATION_CREATED"", ""MENTION_SELECTED"", ""MENTION_DESELECTED"", ""MENTION_SELECTED"", ""MENTION_SELECTED"", ""RELATION_CREATED"", ""MENTION_SELECTED""]",MENTION_SELECTED,train,llm_synthetic_expanded,1.0
llm_synth_expanded_881,synthetic,19,19,20,"[""PROCESS_START"", ""STEP_RELATION_SUGGESTION"", ""STEP_RELATIONS"", ""MENTION_SELECTED"", ""MENTION_SUGGESTION_BOUNDS_UPDATED"", ""MENTION_SELECTED"", ""MENTION_SELECTED"", ""RELATION_CREATED"", ""MENTION_SELECTED"", ""MENTION_SELECTED"", ""RELATION_CREATED"", ""MENTION_SELECTED"", ""MENTION_SELECTED"", ""RELATION_CREATED"", ""MENTION_SELECTED"", ""MENTION_SELECTED"", ""RELATION_CREATED"", ""MENTION_SELECTED"", ""MENTION_SELECTED"", ""RELATION_CREATED""]",MENTION_SELECTED,train,llm_synthetic_expanded,0.95
llm_synth_expanded_284,synthetic,33,1,2,"[""PROCESS_START"", ""MENTION_DELETED""]",MENTION_SELECTED,train,llm_synthetic_expanded,0.5
llm_synth_expanded_1012,synthetic,13,14,15,"[""MENTION_SELECTED"", ""MENTION_SELECTED"", ""ENTITY_GROUPED"", ""MENTION_DESELECTED"", ""MENTION_DESELECTED"", ""STEP_RELATION_SUGGESTION"", ""STEP_RELATIONS"", ""MENTION_SELECTED"", ""MENTION_SELECTED"", ""MENTION_SELECTED"", ""STEP_RELATION_SUGGESTION"", ""STEP_RELATIONS"", ""MENTION_SELECTED"", ""MENTION_SELECTED"", ""RELATION_CREATED""]",MENTION_SELECTED,train,llm_synthetic_expanded,1.0
llm_synth_expanded_996,synthetic,11,16,17,"[""MENTION_SELECTED"", ""ENTITY_REMOVED"", ""MENTION_SELECTED"", ""MENTION_SELECTED"", ""RELATION_CREATED"", ""MENTION_SELECTED"", ""MENTION_SELECTED"", ""RELATION_CREATED"", ""MENTION_SELECTED"", ""MENTION_SELECTED"", ""RELATION_CREATED"", ""MENTION_SELECTED"", ""MENTION_SELECTED"", ""RELATION_CREATED"", ""MENTION_SELECTED"", ""MENTION_SELECTED"", ""RELATION_CREATED""]",MENTION_SELECTED,train,llm_synthetic_expanded,0.9411764705882353
llm_synth_expanded_1011,synthetic,13,12,13,"[""MENTION_DESELECTED"", ""MENTION_SELECTED"", ""MENTION_SELECTED"", ""MENTION_DESELECTED"", ""ENTITY_GROUPED"", ""MENTION_DESELECTED"", ""MENTION_DESELECTED"", ""STEP_RELATION_SUGGESTION"", ""STEP_RELATIONS"", ""MENTION_SELECTED"", ""MENTION_SELECTED"", ""RELATION_CREATED"", ""MENTION_SELECTED""]",MENTION_SELECTED,train,llm_synthetic_expanded,1.0
llm_synth_expanded_48,synthetic,33,6,7,"[""PROCESS_START"", ""STEP_RELATION_SUGGESTION"", ""STEP_RELATIONS"", ""MENTION_SELECTED"", ""MENTION_SELECTED"", ""RELATION_CREATED"", ""MENTION_SELECTED""]",MENTION_SELECTED,train,llm_synthetic_expanded,0.8571428571428571
llm_synth_expanded_123,synthetic,41,8,9,"[""PROCESS_START"", ""MENTION_SELECTED"", ""RELATION_CREATED"", ""MENTION_SELECTED"", ""MENTION_SELECTED"", ""RELATION_CREATED"", ""MENTION_SELECTED"", ""MENTION_SELECTED"", ""RELATION_CREATED""]",MENTION_SELECTED,train,llm_synthetic_expanded,0.8888888888888888
llm_synth_expanded_1010,synthetic,13,14,15,"[""MENTION_SELECTED"", ""MENTION_SELECTED"", ""ENTITY_GROUPED"", ""MENTION_DESELECTED"", ""MENTION_SELECTED"", ""MENTION_SELECTED"", ""MENTION_DESELECTED"", ""ENTITY_GROUPED"", ""MENTION_DESELECTED"", ""MENTION_DESELECTED"", ""STEP_RELATION_SUGGESTION"", ""STEP_RELATIONS"", ""MENTION_SELECTED"", ""MENTION_SELECTED"", ""RELATION_CREATED""]",MENTION_SELECTED,train,llm_synthetic_expanded,1.0
llm_synth_expanded_1182,synthetic,31,4,5,"[""PROCESS_START"", ""MENTION_SELECTED"", ""MENTION_SELECTED"", ""RELATION_CREATED"", ""MENTION_SELECTED""]",MENTION_SELECTED,train,llm_synthetic_expanded,0.8
llm_synth_expanded_903,synthetic,41,3,4,"[""MENTION_SELECTED"", ""MENTION_SELECTED"", ""RELATION_CREATED"", ""MENTION_SELECTED""]",MENTION_SELECTED,train,llm_synthetic_expanded,1.0
llm_synth_expanded_105,synthetic,23,6,7,"[""PROCESS_START"", ""STEP_RELATIONS"", ""RELATION_SUGGESTION_MARKED"", ""RELATION_SUGGESTION_REJECTED"", ""MENTION_DESELECTED"", ""MENTION_SELECTED"", ""MENTION_DESELECTED""]",MENTION_SELECTED,train,llm_synthetic_expanded,0.5714285714285714
llm_synth_expanded_514,synthetic,11,20,21,"[""MENTION_SELECTED"", ""MENTION_SELECTED"", ""RELATION_CREATED"", ""MENTION_SELECTED"", ""MENTION_SELECTED"", ""RELATION_CREATED"", ""MENTION_SELECTED"", ""MENTION_DESELECTED"", ""MENTION_SELECTED"", ""MENTION_SELECTED"", ""RELATION_CREATED"", ""MENTION_SELECTED"", ""MENTION_SELECTED"", ""RELATION_CREATED"", ""MENTION_SELECTED"", ""MENTION_SELECTED"", ""RELATION_CREATED"", ""MENTION_SELECTED"", ""MENTION_SELECTED"", ""RELATION_CREATED"", ""MENTION_SELECTED""]",MENTION_SELECTED,train,llm_synthetic_expanded,1.0
llm_synth_expanded_1054,synthetic,43,6,7,"[""TOKEN_SELECTED"", ""TOKEN_SELECTED"", ""TOKEN_SELECTED"", ""MENTION_CREATED"", ""STEP_ENTITIES"", ""MENTION_SELECTED"", ""MENTION_SELECTED""]",MENTION_SELECTED,train,llm_synthetic_expanded,1.0
llm_synth_expanded_996,synthetic,11,7,8,"[""MENTION_SELECTED"", ""ENTITY_REMOVED"", ""MENTION_SELECTED"", ""MENTION_SELECTED"", ""RELATION_CREATED"", ""MENTION_SELECTED"", ""MENTION_SELECTED"", ""RELATION_CREATED""]",MENTION_SELECTED,train,llm_synthetic_expanded,0.875
llm_synth_expanded_654,synthetic,23,9,10,"[""PROCESS_START"", ""ENTITY_GROUPED"", ""STEP_RELATION_SUGGESTION"", ""STEP_RELATIONS"", ""MENTION_SELECTED"", ""MENTION_SELECTED"", ""RELATION_CREATED"", ""MENTION_SELECTED"", ""MENTION_SELECTED"", ""RELATION_CREATED""]",MENTION_SELECTED,train,llm_synthetic_expanded,0.9
llm_synth_expanded_153,synthetic,22,10,11,"[""PROCESS_START"", ""TOKEN_SELECTED"", ""TOKEN_SELECTED"", ""MENTION_CREATED"", ""TOKEN_SELECTED"", ""TOKEN_SELECTED"", ""MENTION_CREATED"", ""TOKEN_SELECTED"", ""MENTION_CREATED"", ""TOKEN_SELECTED"", ""MENTION_CREATED""]",MENTION_SELECTED,train,llm_synthetic_expanded,0.9090909090909091
llm_synth_expanded_126,synthetic,41,4,5,"[""PROCESS_START"", ""TOKEN_SELECTED"", ""MENTION_SELECTED"", ""RELATION_CREATED"", ""MENTION_SELECTED""]",MENTION_SELECTED,train,llm_synthetic_expanded,0.8
llm_synth_expanded_1182,synthetic,31,19,20,"[""PROCESS_START"", ""MENTION_SELECTED"", ""MENTION_SELECTED"", ""RELATION_CREATED"", ""MENTION_SELECTED"", ""MENTION_SELECTED"", ""RELATION_CREATED"", ""MENTION_SELECTED"", ""MENTION_SELECTED"", ""RELATION_CREATED"", ""MENTION_SELECTED"", ""MENTION_SELECTED"", ""RELATION_CREATED"", ""MENTION_SELECTED"", ""MENTION_SELECTED"", ""RELATION_CREATED"", ""MENTION_SELECTED"", ""MENTION_SELECTED"", ""RELATION_CREATED"", ""MENTION_SELECTED""]",MENTION_SELECTED,train,llm_synthetic_expanded,0.95
llm_synth_expanded_839,synthetic,23,3,4,"[""MENTION_SELECTED"", ""MENTION_SELECTED"", ""MENTION_SELECTED"", ""ENTITY_GROUPED""]",MENTION_SELECTED,train,llm_synthetic_expanded,1.0
llm_synth_expanded_720,synthetic,41,4,5,"[""PROCESS_START"", ""MENTION_SELECTED"", ""MENTION_SELECTED"", ""ENTITY_GROUPED"", ""MENTION_SELECTED""]",MENTION_SELECTED,train,llm_synthetic_expanded,0.8
llm_synth_expanded_7,synthetic,43,1,2,"[""PROCESS_START"", ""ENTITY_GROUPED""]",MENTION_SELECTED,train,llm_synthetic_expanded,0.5
llm_synth_expanded_230,synthetic,44,2,3,"[""PROCESS_START"", ""STEP_RELATIONS"", ""MENTION_SELECTED""]",MENTION_SELECTED,train,llm_synthetic_expanded,0.6666666666666666
llm_synth_expanded_740,synthetic,23,19,20,"[""PROCESS_START"", ""MENTION_CREATED"", ""TOKEN_SELECTED"", ""TOKEN_SELECTED"", ""MENTION_CREATED"", ""TOKEN_SELECTED"", ""TOKEN_SELECTED"", ""MENTION_CREATED"", ""TOKEN_SELECTED"", ""TOKEN_SELECTED"", ""MENTION_CREATED"", ""STEP_ENTITIES"", ""MENTION_SELECTED"", ""MENTION_SELECTED"", ""ENTITY_GROUPED"", ""MENTION_SELECTED"", ""MENTION_SELECTED"", ""ENTITY_GROUPED"", ""STEP_RELATION_SUGGESTION"", ""STEP_RELATIONS""]",MENTION_SELECTED,train,llm_synthetic_expanded,0.95
llm_synth_expanded_209,synthetic,41,7,8,"[""PROCESS_START"", ""ENTITY_GROUPED"", ""MENTION_SELECTED"", ""MENTION_SELECTED"", ""ENTITY_GROUPED"", ""STEP_RELATION_SUGGESTION"", ""STEP_RELATIONS"", ""MENTION_SELECTED""]",MENTION_SELECTED,train,llm_synthetic_expanded,0.875
llm_synth_expanded_1012,synthetic,13,6,7,"[""MENTION_SELECTED"", ""MENTION_SELECTED"", ""ENTITY_GROUPED"", ""MENTION_DESELECTED"", ""MENTION_DESELECTED"", ""STEP_RELATION_SUGGESTION"", ""STEP_RELATIONS""]",MENTION_SELECTED,train,llm_synthetic_expanded,1.0
llm_synth_expanded_705,synthetic,41,16,17,"[""MENTION_SELECTED"", ""MENTION_SELECTED"", ""ENTITY_GROUPED"", ""STEP_RELATION_SUGGESTION"", ""STEP_RELATIONS"", ""MENTION_SELECTED"", ""MENTION_SELECTED"", ""RELATION_CREATED"", ""MENTION_SELECTED"", ""MENTION_SELECTED"", ""RELATION_CREATED"", ""MENTION_SELECTED"", ""MENTION_SELECTED"", ""RELATION_CREATED"", ""MENTION_SELECTED"", ""MENTION_SELECTED"", ""RELATION_CREATED""]",MENTION_SELECTED,train,llm_synthetic_expanded,1.0
llm_synth_expanded_881,synthetic,19,8,9,"[""PROCESS_START"", ""STEP_RELATION_SUGGESTION"", ""STEP_RELATIONS"", ""MENTION_SELECTED"", ""MENTION_SUGGESTION_BOUNDS_UPDATED"", ""MENTION_SELECTED"", ""MENTION_SELECTED"", ""RELATION_CREATED"", ""MENTION_SELECTED""]",MENTION_SELECTED,train,llm_synthetic_expanded,0.8888888888888888
llm_synth_expanded_335,synthetic,11,16,17,"[""MENTION_SELECTED"", ""MENTION_DESELECTED"", ""MENTION_SELECTED"", ""MENTION_SELECTED"", ""RELATION_CREATED"", ""MENTION_SELECTED"", ""MENTION_SELECTED"", ""RELATION_CREATED"", ""MENTION_SELECTED"", ""MENTION_SELECTED"", ""RELATION_CREATED"", ""MENTION_SELECTED"", ""MENTION_SELECTED"", ""RELATION_CREATED"", ""MENTION_SELECTED"", ""MENTION_SELECTED"", ""RELATION_CREATED""]",MENTION_SELECTED,train,llm_synthetic_expanded,1.0
llm_synth_expanded_903,synthetic,41,18,19,"[""MENTION_SELECTED"", ""MENTION_SELECTED"", ""RELATION_CREATED"", ""MENTION_SELECTED"", ""MENTION_SELECTED"", ""RELATION_CREATED"", ""RELATION_DELETED"", ""MENTION_SELECTED"", ""MENTION_SELECTED"", ""RELATION_CREATED"", ""MENTION_SELECTED"", ""MENTION_SELECTED"", ""RELATION_CREATED"", ""MENTION_SELECTED"", ""MENTION_SELECTED"", ""RELATION_CREATED"", ""MENTION_SELECTED"", ""MENTION_SELECTED"", ""RELATION_CREATED""]",MENTION_SELECTED,train,llm_synthetic_expanded,1.0
llm_synth_expanded_122,synthetic,41,2,3,"[""PROCESS_START"", ""MENTION_SELECTED"", ""RELATION_CREATED""]",MENTION_SELECTED,train,llm_synthetic_expanded,0.6666666666666666
llm_synth_expanded_279,synthetic,33,1,2,"[""PROCESS_START"", ""ENTITY_GROUPED""]",MENTION_SELECTED,train,llm_synthetic_expanded,0.5
llm_synth_expanded_658,synthetic,23,11,12,"[""PROCESS_START"", ""MENTION_DELETED"", ""TOKEN_SELECTED"", ""TOKEN_SELECTED"", ""TOKEN_SELECTED"", ""TOKEN_DESELECTED"", ""TOKEN_DESELECTED"", ""TOKEN_DESELECTED"", ""TOKEN_SELECTED"", ""MENTION_CREATED"", ""STEP_ENTITIES"", ""MENTION_SELECTED""]",MENTION_SELECTED,train,llm_synthetic_expanded,0.9166666666666666
llm_synth_expanded_280,synthetic,33,2,3,"[""PROCESS_START"", ""TOKEN_SELECTED"", ""MENTION_SELECTED""]",MENTION_SELECTED,train,llm_synthetic_expanded,0.6666666666666666
llm_synth_expanded_123,synthetic,41,14,15,"[""PROCESS_START"", ""MENTION_SELECTED"", ""RELATION_CREATED"", ""MENTION_SELECTED"", ""MENTION_SELECTED"", ""RELATION_CREATED"", ""MENTION_SELECTED"", ""MENTION_SELECTED"", ""RELATION_CREATED"", ""MENTION_SELECTED"", ""MENTION_SELECTED"", ""RELATION_CREATED"", ""MENTION_SELECTED"", ""MENTION_SELECTED"", ""RELATION_CREATED""]",MENTION_SELECTED,train,llm_synthetic_expanded,0.9333333333333333
llm_synth_expanded_876,synthetic,14,14,15,"[""PROCESS_START"", ""STEP_RELATION_SUGGESTION"", ""STEP_RELATIONS"", ""MENTION_SELECTED"", ""MENTION_SUGGESTION_BOUNDS_UPDATED"", ""MENTION_SELECTED"", ""MENTION_SELECTED"", ""RELATION_CREATED"", ""MENTION_SELECTED"", ""MENTION_SELECTED"", ""RELATION_CREATED"", ""MENTION_SELECTED"", ""MENTION_SELECTED"", ""RELATION_CREATED"", ""MENTION_SELECTED""]",MENTION_SELECTED,train,llm_synthetic_expanded,0.9333333333333333
llm_synth_expanded_625,synthetic,41,17,18,"[""PROCESS_START"", ""MENTION_CREATED"", ""TOKEN_SELECTED"", ""MENTION_CREATED"", ""TOKEN_SELECTED"", ""MENTION_CREATED"", ""TOKEN_SELECTED"", ""MENTION_CREATED"", ""TOKEN_SELECTED"", ""MENTION_CREATED"", ""TOKEN_SELECTED"", ""MENTION_CREATED"", ""TOKEN_SELECTED"", ""MENTION_CREATED"", ""TOKEN_SELECTED"", ""MENTION_CREATED"", ""STEP_ENTITIES"", ""MENTION_SELECTED""]",MENTION_SELECTED,train,llm_synthetic_expanded,0.9444444444444444
llm_synth_expanded_837,synthetic,23,2,3,"[""MENTION_SELECTED"", ""ENTITY_GROUPED"", ""MENTION_SELECTED""]",MENTION_SELECTED,train,llm_synthetic_expanded,1.0
llm_synth_expanded_1182,synthetic,31,6,7,"[""PROCESS_START"", ""MENTION_SELECTED"", ""MENTION_SELECTED"", ""RELATION_CREATED"", ""MENTION_SELECTED"", ""MENTION_SELECTED"", ""RELATION_CREATED""]",MENTION_SELECTED,train,llm_synthetic_expanded,0.8571428571428571
llm_synth_expanded_210,synthetic,41,4,5,"[""PROCESS_START"", ""MENTION_SELECTED"", ""MENTION_SELECTED"", ""RELATION_CREATED"", ""MENTION_SELECTED""]",MENTION_SELECTED,train,llm_synthetic_expanded,0.8
llm_synth_expanded_123,synthetic,41,6,7,"[""PROCESS_START"", ""MENTION_SELECTED"", ""RELATION_CREATED"", ""MENTION_SELECTED"", ""MENTION_SELECTED"", ""RELATION_CREATED"", ""MENTION_SELECTED""]",MENTION_SELECTED,train,llm_synthetic_expanded,0.8571428571428571
llm_synth_expanded_327,synthetic,24,4,5,"[""RELATION_CREATED"", ""MENTION_SELECTED"", ""MENTION_SELECTED"", ""RELATION_CREATED"", ""MENTION_SELECTED""]",MENTION_SELECTED,train,llm_synthetic_expanded,1.0
llm_synth_expanded_361,synthetic,22,4,5,"[""PROCESS_START"", ""MENTION_SUGGESTION_BOUNDS_UPDATED"", ""MENTION_SUGGESTION_BOUNDS_UPDATED"", ""MENTION_SUGGESTION_BOUNDS_UPDATED"", ""STEP_ENTITIES""]",MENTION_SELECTED,train,llm_synthetic_expanded,0.8
llm_synth_expanded_122,synthetic,41,19,20,"[""PROCESS_START"", ""MENTION_SELECTED"", ""RELATION_CREATED"", ""MENTION_SELECTED"", ""MENTION_DESELECTED"", ""TOKEN_SELECTED"", ""TOKEN_SELECTED"", ""TOKEN_DESELECTED"", ""TOKEN_DESELECTED"", ""TOKEN_SELECTED"", ""MENTION_CREATED"", ""MENTION_SELECTED"", ""MENTION_SELECTED"", ""RELATION_CREATED"", ""MENTION_SELECTED"", ""MENTION_SELECTED"", ""RELATION_CREATED"", ""MENTION_SELECTED"", ""MENTION_SELECTED"", ""RELATION_CREATED""]",MENTION_SELECTED,train,llm_synthetic_expanded,0.95
llm_synth_expanded_880,synthetic,18,5,6,"[""PROCESS_START"", ""STEP_RELATION_SUGGESTION"", ""STEP_RELATIONS"", ""MENTION_SELECTED"", ""MENTION_SUGGESTION_BOUNDS_UPDATED"", ""MENTION_SELECTED""]",MENTION_SELECTED,train,llm_synthetic_expanded,0.8333333333333334
llm_synth_expanded_1012,synthetic,13,11,12,"[""MENTION_SELECTED"", ""MENTION_SELECTED"", ""ENTITY_GROUPED"", ""MENTION_DESELECTED"", ""MENTION_DESELECTED"", ""STEP_RELATION_SUGGESTION"", ""STEP_RELATIONS"", ""MENTION_SELECTED"", ""MENTION_SELECTED"", ""MENTION_SELECTED"", ""STEP_RELATION_SUGGESTION"", ""STEP_RELATIONS""]",MENTION_SELECTED,train,llm_synthetic_expanded,1.0
llm_synth_expanded_839,synthetic,23,4,5,"[""MENTION_SELECTED"", ""MENTION_SELECTED"", ""MENTION_SELECTED"", ""ENTITY_GROUPED"", ""MENTION_SELECTED""]",MENTION_SELECTED,train,llm_synthetic_expanded,1.0
llm_synth_expanded_121,synthetic,41,16,17,"[""PROCESS_START"", ""MENTION_CREATED"", ""MENTION_SELECTED"", ""MENTION_DELETED"", ""TOKEN_SELECTED"", ""TOKEN_SELECTED"", ""TOKEN_SELECTED"", ""MENTION_CREATED"", ""MENTION_SELECTED"", ""MENTION_SELECTED"", ""MENTION_SELECTED"", ""ENTITY_GROUPED"", ""MENTION_SELECTED"", ""MENTION_SELECTED"", ""ENTITY_GROUPED"", ""STEP_MENTION_SUGGESTION"", ""STEP_RELATIONS""]",MENTION_SELECTED,train,llm_synthetic_expanded,0.8235294117647058
llm_synth_expanded_904,synthetic,41,15,16,"[""MENTION_DESELECTED"", ""MENTION_SELECTED"", ""MENTION_SELECTED"", ""RELATION_CREATED"", ""MENTION_SELECTED"", ""MENTION_SELECTED"", ""RELATION_CREATED"", ""MENTION_SELECTED"", ""MENTION_SELECTED"", ""RELATION_CREATED"", ""MENTION_SELECTED"", ""MENTION_SELECTED"", ""RELATION_CREATED"", ""MENTION_SELECTED"", ""MENTION_SELECTED"", ""RELATION_CREATED""]",MENTION_SELECTED,train,llm_synthetic_expanded,1.0
llm_synth_expanded_701,synthetic,41,17,18,"[""RELATION_CREATED"", ""MENTION_SELECTED"", ""MENTION_SELECTED"", ""RELATION_CREATED"", ""MENTION_SELECTED"", ""MENTION_SELECTED"", ""RELATION_CREATED"", ""MENTION_SELECTED"", ""MENTION_SELECTED"", ""RELATION_CREATED"", ""MENTION_SELECTED"", ""MENTION_SELECTED"", ""RELATION_CREATED"", ""MENTION_SELECTED"", ""MENTION_SELECTED"", ""RELATION_CREATED"", ""MENTION_SELECTED"", ""MENTION_SELECTED""]",MENTION_SELECTED,train,llm_synthetic_expanded,1.0
llm_synth_expanded_152,synthetic,22,1,2,"[""PROCESS_START"", ""MENTION_CREATED""]",MENTION_SELECTED,train,llm_synthetic_expanded,0.5
llm_synth_expanded_879,synthetic,17,19,20,"[""PROCESS_START"", ""STEP_RELATION_SUGGESTION"", ""STEP_RELATIONS"", ""MENTION_SELECTED"", ""MENTION_SUGGESTION_BOUNDS_UPDATED"", ""MENTION_SELECTED"", ""MENTION_SELECTED"", ""RELATION_CREATED"", ""MENTION_SELECTED"", ""MENTION_SELECTED"", ""RELATION_CREATED"", ""MENTION_SELECTED"", ""MENTION_SELECTED"", ""RELATION_CREATED"", ""MENTION_SELECTED"", ""MENTION_SELECTED"", ""RELATION_CREATED"", ""MENTION_SELECTED"", ""MENTION_SELECTED"", ""RELATION_CREATED""]",MENTION_SELECTED,train,llm_synthetic_expanded,0.95
llm_synth_expanded_100,synthetic,41,15,16,"[""PROCESS_START"", ""TOKEN_SELECTED"", ""TOKEN_SELECTED"", ""MENTION_CREATED"", ""TOKEN_SELECTED"", ""MENTION_CREATED"", ""TOKEN_SELECTED"", ""MENTION_CREATED"", ""TOKEN_SELECTED"", ""TOKEN_SELECTED"", ""MENTION_CREATED"", ""TOKEN_SELECTED"", ""TOKEN_SELECTED"", ""MENTION_CREATED"", ""STEP_ENTITIES"", ""MENTION_SELECTED""]",MENTION_SELECTED,train,llm_synthetic_expanded,0.9375
llm_synth_expanded_879,synthetic,17,17,18,"[""PROCESS_START"", ""STEP_RELATION_SUGGESTION"", ""STEP_RELATIONS"", ""MENTION_SELECTED"", ""MENTION_SUGGESTION_BOUNDS_UPDATED"", ""MENTION_SELECTED"", ""MENTION_SELECTED"", ""RELATION_CREATED"", ""MENTION_SELECTED"", ""MENTION_SELECTED"", ""RELATION_CREATED"", ""MENTION_SELECTED"", ""MENTION_SELECTED"", ""RELATION_CREATED"", ""MENTION_SELECTED"", ""MENTION_SELECTED"", ""RELATION_CREATED"", ""MENTION_SELECTED""]",MENTION_SELECTED,train,llm_synthetic_expanded,0.9444444444444444
llm_synth_expanded_991,synthetic,11,18,19,"[""TOKEN_SELECTED"", ""MENTION_CREATED"", ""TOKEN_SELECTED"", ""TOKEN_SELECTED"", ""MENTION_CREATED"", ""TOKEN_SELECTED"", ""TOKEN_SELECTED"", ""TOKEN_SELECTED"", ""MENTION_CREATED"", ""TOKEN_SELECTED"", ""TOKEN_SELECTED"", ""TOKEN_SELECTED"", ""MENTION_CREATED"", ""TOKEN_SELECTED"", ""TOKEN_SELECTED"", ""TOKEN_SELECTED"", ""MENTION_CREATED"", ""MENTION_SELECTED"", ""TOKEN_SELECTED""]",MENTION_SELECTED,train,llm_synthetic_expanded,1.0
llm_synth_expanded_1054,synthetic,43,4,5,"[""TOKEN_SELECTED"", ""TOKEN_SELECTED"", ""TOKEN_SELECTED"", ""MENTION_CREATED"", ""STEP_ENTITIES""]",MENTION_SELECTED,train,llm_synthetic_expanded,1.0
llm_synth_expanded_996,synthetic,11,13,14,"[""MENTION_SELECTED"", ""ENTITY_REMOVED"", ""MENTION_SELECTED"", ""MENTION_SELECTED"", ""RELATION_CREATED"", ""MENTION_SELECTED"", ""MENTION_SELECTED"", ""RELATION_CREATED"", ""MENTION_SELECTED"", ""MENTION_SELECTED"", ""RELATION_CREATED"", ""MENTION_SELECTED"", ""MENTION_SELECTED"", ""RELATION_CREATED""]",MENTION_SELECTED,train,llm_synthetic_expanded,0.9285714285714286
llm_synth_expanded_229,synthetic,44,1,2,"[""PROCESS_START"", ""ENTITY_GROUPED""]",MENTION_SELECTED,train,llm_synthetic_expanded,0.5
llm_synth_expanded_513,synthetic,11,8,9,"[""STEP_RELATION_SUGGESTION"", ""STEP_RELATIONS"", ""MENTION_SELECTED"", ""MENTION_SELECTED"", ""RELATION_CREATED"", ""MENTION_SELECTED"", ""MENTION_SELECTED"", ""RELATION_CREATED"", ""MENTION_SELECTED""]",MENTION_SELECTED,train,llm_synthetic_expanded,1.0
llm_synth_expanded_4,synthetic,43,2,3,"[""PROCESS_START"", ""MENTION_CREATED"", ""MENTION_SELECTED""]",MENTION_SELECTED,train,llm_synthetic_expanded,0.6666666666666666
llm_synth_expanded_513,synthetic,11,16,17,"[""STEP_RELATION_SUGGESTION"", ""STEP_RELATIONS"", ""MENTION_SELECTED"", ""MENTION_SELECTED"", ""RELATION_CREATED"", ""MENTION_SELECTED"", ""MENTION_SELECTED"", ""RELATION_CREATED"", ""MENTION_SELECTED"", ""MENTION_SELECTED"", ""RELATION_CREATED"", ""MENTION_SELECTED"", ""MENTION_SELECTED"", ""RELATION_CREATED"", ""MENTION_SELECTED"", ""MENTION_SELECTED"", ""RELATION_CREATED""]",MENTION_SELECTED,train,llm_synthetic_expanded,1.0
llm_synth_expanded_39,synthetic,12,8,9,"[""PROCESS_START"", ""MENTION_CREATED"", ""TOKEN_SELECTED"", ""MENTION_CREATED"", ""TOKEN_SELECTED"", ""MENTION_CREATED"", ""TOKEN_SELECTED"", ""MENTION_DELETED"", ""TOKEN_SELECTED""]",MENTION_SELECTED,train,llm_synthetic_expanded,0.7777777777777778
llm_synth_expanded_405,synthetic,43,12,13,"[""MENTION_SELECTED"", ""MENTION_SELECTED"", ""MENTION_SELECTED"", ""RELATION_CREATED"", ""MENTION_SELECTED"", ""MENTION_SELECTED"", ""RELATION_CREATED"", ""MENTION_SELECTED"", ""MENTION_SELECTED"", ""RELATION_CREATED"", ""MENTION_SELECTED"", ""MENTION_SELECTED"", ""RELATION_CREATED""]",MENTION_SELECTED,train,llm_synthetic_expanded,1.0
llm_synth_expanded_126,synthetic,41,10,11,"[""PROCESS_START"", ""TOKEN_SELECTED"", ""MENTION_SELECTED"", ""RELATION_CREATED"", ""MENTION_SELECTED"", ""MENTION_SELECTED"", ""RELATION_CREATED"", ""MENTION_SELECTED"", ""MENTION_SELECTED"", ""RELATION_CREATED"", ""MENTION_SELECTED""]",MENTION_SELECTED,train,llm_synthetic_expanded,0.9090909090909091
llm_synth_expanded_1219,synthetic,34,12,13,"[""PROCESS_START"", ""ENTITY_GROUPED"", ""MENTION_SUGGESTION_REJECTED"", ""MENTION_SELECTED"", ""MENTION_SELECTED"", ""MENTION_DESELECTED"", ""MENTION_SELECTED"", ""MENTION_SELECTED"", ""MENTION_DESELECTED"", ""MENTION_SELECTED"", ""MENTION_SELECTED"", ""MENTION_DESELECTED"", ""MENTION_SELECTED""]",MENTION_SELECTED,train,llm_synthetic_expanded,0.7692307692307693
llm_synth_expanded_876,synthetic,14,4,5,"[""PROCESS_START"", ""STEP_RELATION_SUGGESTION"", ""STEP_RELATIONS"", ""MENTION_SELECTED"", ""MENTION_SUGGESTION_BOUNDS_UPDATED""]",MENTION_SELECTED,train,llm_synthetic_expanded,0.8
llm_synth_expanded_839,synthetic,23,8,9,"[""MENTION_SELECTED"", ""MENTION_SELECTED"", ""MENTION_SELECTED"", ""ENTITY_GROUPED"", ""MENTION_SELECTED"", ""MENTION_SELECTED"", ""ENTITY_GROUPED"", ""STEP_RELATION_SUGGESTION"", ""STEP_RELATIONS""]",MENTION_SELECTED,train,llm_synthetic_expanded,1.0
llm_synth_expanded_838,synthetic,23,13,14,"[""STEP_RELATIONS"", ""MENTION_SELECTED"", ""MENTION_SELECTED"", ""RELATION_CREATED"", ""RELATION_DELETED"", ""MENTION_SELECTED"", ""MENTION_SELECTED"", ""RELATION_CREATED"", ""MENTION_SELECTED"", ""MENTION_SELECTED"", ""RELATION_CREATED"", ""MENTION_SELECTED"", ""MENTION_SELECTED"", ""RELATION_CREATED""]",MENTION_SELECTED,train,llm_synthetic_expanded,1.0
llm_synth_expanded_405,synthetic,43,1,2,"[""MENTION_SELECTED"", ""MENTION_SELECTED""]",MENTION_SELECTED,train,llm_synthetic_expanded,1.0
llm_synth_expanded_335,synthetic,11,7,8,"[""MENTION_SELECTED"", ""MENTION_DESELECTED"", ""MENTION_SELECTED"", ""MENTION_SELECTED"", ""RELATION_CREATED"", ""MENTION_SELECTED"", ""MENTION_SELECTED"", ""RELATION_CREATED""]",MENTION_SELECTED,train,llm_synthetic_expanded,1.0
llm_synth_expanded_877,synthetic,15,16,17,"[""PROCESS_START"", ""STEP_RELATION_SUGGESTION"", ""STEP_RELATIONS"", ""MENTION_SELECTED"", ""MENTION_SUGGESTION_BOUNDS_UPDATED"", ""MENTION_SELECTED"", ""MENTION_SELECTED"", ""RELATION_CREATED"", ""MENTION_SELECTED"", ""MENTION_SELECTED"", ""RELATION_CREATED"", ""MENTION_SELECTED"", ""MENTION_SELECTED"", ""RELATION_CREATED"", ""MENTION_SELECTED"", ""MENTION_SELECTED"", ""RELATION_CREATED""]",MENTION_SELECTED,train,llm_synthetic_expanded,0.9411764705882353
llm_synth_expanded_124,synthetic,41,15,16,"[""PROCESS_START"", ""TOKEN_SELECTED"", ""TOKEN_SELECTED"", ""TOKEN_SELECTED"", ""MENTION_CREATED"", ""TOKEN_SELECTED"", ""MENTION_CREATED"", ""TOKEN_SELECTED"", ""MENTION_CREATED"", ""TOKEN_SELECTED"", ""MENTION_CREATED"", ""TOKEN_SELECTED"", ""MENTION_CREATED"", ""TOKEN_SELECTED"", ""MENTION_CREATED"", ""TOKEN_SELECTED""]",MENTION_SELECTED,train,llm_synthetic_expanded,0.9375
llm_synth_expanded_405,synthetic,43,4,5,"[""MENTION_SELECTED"", ""MENTION_SELECTED"", ""MENTION_SELECTED"", ""RELATION_CREATED"", ""MENTION_SELECTED""]",MENTION_SELECTED,train,llm_synthetic_expanded,1.0
llm_synth_expanded_1,synthetic,43,1,2,"[""PROCESS_START"", ""STEP_MENTION_SUGGESTION""]",MENTION_SELECTED,train,llm_synthetic_expanded,0.5
llm_synth_expanded_742,synthetic,23,13,14,"[""PROCESS_START"", ""TOKEN_SELECTED"", ""TOKEN_SELECTED"", ""MENTION_CREATED"", ""TOKEN_SELECTED"", ""TOKEN_SELECTED"", ""MENTION_CREATED"", ""TOKEN_SELECTED"", ""TOKEN_SELECTED"", ""MENTION_CREATED"", ""TOKEN_SELECTED"", ""TOKEN_SELECTED"", ""MENTION_CREATED"", ""STEP_ENTITIES""]",MENTION_SELECTED,train,llm_synthetic_expanded,0.9285714285714286
llm_synth_expanded_659,synthetic,23,8,9,"[""PROCESS_START"", ""STEP_RELATION_SUGGESTION"", ""STEP_RELATIONS"", ""MENTION_SELECTED"", ""MENTION_SELECTED"", ""RELATION_CREATED"", ""MENTION_SELECTED"", ""MENTION_SELECTED"", ""RELATION_CREATED""]",MENTION_SELECTED,train,llm_synthetic_expanded,0.8888888888888888
llm_synth_expanded_868,synthetic,43,3,4,"[""MENTION_SELECTED"", ""MENTION_SELECTED"", ""MENTION_DESELECTED"", ""MENTION_DESELECTED""]",MENTION_SELECTED,train,llm_synthetic_expanded,1.0
llm_synth_expanded_742,synthetic,23,21,22,"[""PROCESS_START"", ""TOKEN_SELECTED"", ""TOKEN_SELECTED"", ""MENTION_CREATED"", ""TOKEN_SELECTED"", ""TOKEN_SELECTED"", ""MENTION_CREATED"", ""TOKEN_SELECTED"", ""TOKEN_SELECTED"", ""MENTION_CREATED"", ""TOKEN_SELECTED"", ""TOKEN_SELECTED"", ""MENTION_CREATED"", ""STEP_ENTITIES"", ""MENTION_SELECTED"", ""MENTION_SELECTED"", ""ENTITY_GROUPED"", ""MENTION_SELECTED"", ""MENTION_SELECTED"", ""ENTITY_GROUPED"", ""STEP_RELATION_SUGGESTION"", ""STEP_RELATIONS""]",MENTION_SELECTED,train,llm_synthetic_expanded,0.9545454545454546
llm_synth_expanded_1046,synthetic,11,15,16,"[""MENTION_CREATED"", ""TOKEN_SELECTED"", ""TOKEN_DESELECTED"", ""TOKEN_SELECTED"", ""MENTION_CREATED"", ""TOKEN_SELECTED"", ""MENTION_CREATED"", ""TOKEN_SELECTED"", ""TOKEN_DESELECTED"", ""TOKEN_SELECTED"", ""MENTION_CREATED"", ""TOKEN_SELECTED"", ""TOKEN_SELECTED"", ""TOKEN_SELECTED"", ""MENTION_CREATED"", ""STEP_ENTITIES""]",MENTION_SELECTED,train,llm_synthetic_expanded,1.0
llm_synth_expanded_838,synthetic,23,1,2,"[""STEP_RELATIONS"", ""MENTION_SELECTED""]",MENTION_SELECTED,train,llm_synthetic_expanded,1.0
llm_synth_expanded_884,synthetic,22,2,3,"[""PROCESS_START"", ""MENTION_SELECTED"", ""RELATION_CREATED""]",MENTION_SELECTED,train,llm_synthetic_expanded,0.6666666666666666
llm_synth_expanded_704,synthetic,41,4,5,"[""MENTION_SELECTED"", ""MENTION_SELECTED"", ""ENTITY_GROUPED"", ""STEP_RELATION_SUGGESTION"", ""STEP_RELATIONS""]",MENTION_SELECTED,train,llm_synthetic_expanded,1.0
llm_synth_expanded_547,synthetic,26,2,3,"[""TOKEN_SELECTED"", ""MENTION_CREATED"", ""STEP_ENTITIES""]",MENTION_SELECTED,train,llm_synthetic_expanded,1.0
llm_synth_expanded_123,synthetic,41,11,12,"[""PROCESS_START"", ""MENTION_SELECTED"", ""RELATION_CREATED"", ""MENTION_SELECTED"", ""MENTION_SELECTED"", ""RELATION_CREATED"", ""MENTION_SELECTED"", ""MENTION_SELECTED"", ""RELATION_CREATED"", ""MENTION_SELECTED"", ""MENTION_SELECTED"", ""RELATION_CREATED""]",MENTION_SELECTED,train,llm_synthetic_expanded,0.9166666666666666
llm_synth_expanded_585,synthetic,42,1,2,"[""PROCESS_START"", ""ENTITY_GROUPED""]",MENTION_SELECTED,train,llm_synthetic_expanded,0.5
llm_synth_expanded_207,synthetic,41,4,5,"[""PROCESS_START"", ""RELATION_CREATED"", ""MENTION_SELECTED"", ""MENTION_SELECTED"", ""RELATION_CREATED""]",MENTION_SELECTED,train,llm_synthetic_expanded,0.8
llm_synth_expanded_1182,synthetic,31,7,8,"[""PROCESS_START"", ""MENTION_SELECTED"", ""MENTION_SELECTED"", ""RELATION_CREATED"", ""MENTION_SELECTED"", ""MENTION_SELECTED"", ""RELATION_CREATED"", ""MENTION_SELECTED""]",MENTION_SELECTED,train,llm_synthetic_expanded,0.875
llm_synth_expanded_245,synthetic,23,4,5,"[""PROCESS_START"", ""MENTION_SELECTED"", ""MENTION_DESELECTED"", ""MENTION_SELECTED"", ""MENTION_DESELECTED""]",MENTION_SELECTED,train,llm_synthetic_expanded,0.8
llm_synth_expanded_205,synthetic,41,5,6,"[""PROCESS_START"", ""MENTION_SELECTED"", ""MENTION_SELECTED"", ""RELATION_CREATED"", ""MENTION_SELECTED"", ""MENTION_DESELECTED""]",MENTION_SELECTED,train,llm_synthetic_expanded,0.8333333333333334
llm_synth_expanded_281,synthetic,33,1,2,"[""PROCESS_START"", ""STEP_MENTION_SUGGESTION""]",MENTION_SELECTED,train,llm_synthetic_expanded,0.5
llm_synth_expanded_107,synthetic,23,8,9,"[""PROCESS_START"", ""STEP_RELATIONS"", ""RELATION_SUGGESTION_MARKED"", ""RELATION_SUGGESTION_REJECTED"", ""MENTION_DESELECTED"", ""MENTION_SELECTED"", ""MENTION_DESELECTED"", ""MENTION_SELECTED"", ""MENTION_DESELECTED""]",MENTION_SELECTED,train,llm_synthetic_expanded,0.6666666666666666
llm_synth_expanded_514,synthetic,11,17,18,"[""MENTION_SELECTED"", ""MENTION_SELECTED"", ""RELATION_CREATED"", ""MENTION_SELECTED"", ""MENTION_SELECTED"", ""RELATION_CREATED"", ""MENTION_SELECTED"", ""MENTION_DESELECTED"", ""MENTION_SELECTED"", ""MENTION_SELECTED"", ""RELATION_CREATED"", ""MENTION_SELECTED"", ""MENTION_SELECTED"", ""RELATION_CREATED"", ""MENTION_SELECTED"", ""MENTION_SELECTED"", ""RELATION_CREATED"", ""MENTION_SELECTED""]",MENTION_SELECTED,train,llm_synthetic_expanded,1.0
llm_synth_expanded_625,synthetic,41,16,17,"[""PROCESS_START"", ""MENTION_CREATED"", ""TOKEN_SELECTED"", ""MENTION_CREATED"", ""TOKEN_SELECTED"", ""MENTION_CREATED"", ""TOKEN_SELECTED"", ""MENTION_CREATED"", ""TOKEN_SELECTED"", ""MENTION_CREATED"", ""TOKEN_SELECTED"", ""MENTION_CREATED"", ""TOKEN_SELECTED"", ""MENTION_CREATED"", ""TOKEN_SELECTED"", ""MENTION_CREATED"", ""STEP_ENTITIES""]",MENTION_SELECTED,train,llm_synthetic_expanded,0.9411764705882353
llm_synth_expanded_874,synthetic,11,9,10,"[""PROCESS_START"", ""STEP_RELATION_SUGGESTION"", ""STEP_RELATIONS"", ""MENTION_SELECTED"", ""MENTION_SELECTED"", ""RELATION_CREATED"", ""MENTION_SELECTED"", ""MENTION_SELECTED"", ""RELATION_CREATED"", ""MENTION_SELECTED""]",MENTION_SELECTED,train,llm_synthetic_expanded,0.9
llm_synth_expanded_547,synthetic,26,9,10,"[""TOKEN_SELECTED"", ""MENTION_CREATED"", ""STEP_ENTITIES"", ""MENTION_SELECTED"", ""MENTION_SELECTED"", ""ENTITY_GROUPED"", ""MENTION_SELECTED"", ""MENTION_SELECTED"", ""ENTITY_GROUPED"", ""MENTION_SELECTED""]",MENTION_SELECTED,train,llm_synthetic_expanded,1.0
llm_synth_expanded_327,synthetic,24,12,13,"[""RELATION_CREATED"", ""MENTION_SELECTED"", ""MENTION_SELECTED"", ""RELATION_CREATED"", ""MENTION_SELECTED"", ""MENTION_SELECTED"", ""RELATION_CREATED"", ""MENTION_SELECTED"", ""MENTION_SELECTED"", ""RELATION_CREATED"", ""MENTION_SELECTED"", ""MENTION_SELECTED"", ""RELATION_CREATED""]",MENTION_SELECTED,train,llm_synthetic_expanded,1.0
llm_synth_expanded_547,synthetic,26,15,16,"[""TOKEN_SELECTED"", ""MENTION_CREATED"", ""STEP_ENTITIES"", ""MENTION_SELECTED"", ""MENTION_SELECTED"", ""ENTITY_GROUPED"", ""MENTION_SELECTED"", ""MENTION_SELECTED"", ""ENTITY_GROUPED"", ""MENTION_SELECTED"", ""MENTION_SELECTED"", ""ENTITY_GROUPED"", ""MENTION_SELECTED"", ""MENTION_SELECTED"", ""ENTITY_GROUPED"", ""MENTION_SELECTED""]",MENTION_SELECTED,train,llm_synthetic_expanded,1.0
llm_synth_expanded_121,synthetic,41,9,10,"[""PROCESS_START"", ""MENTION_CREATED"", ""MENTION_SELECTED"", ""MENTION_DELETED"", ""TOKEN_SELECTED"", ""TOKEN_SELECTED"", ""TOKEN_SELECTED"", ""MENTION_CREATED"", ""MENTION_SELECTED"", ""MENTION_SELECTED""]",MENTION_SELECTED,train,llm_synthetic_expanded,0.9
llm_synth_expanded_876,synthetic,14,5,6,"[""PROCESS_START"", ""STEP_RELATION_SUGGESTION"", ""STEP_RELATIONS"", ""MENTION_SELECTED"", ""MENTION_SUGGESTION_BOUNDS_UPDATED"", ""MENTION_SELECTED""]",MENTION_SELECTED,train,llm_synthetic_expanded,0.8333333333333334
llm_synth_expanded_547,synthetic,26,12,13,"[""TOKEN_SELECTED"", ""MENTION_CREATED"", ""STEP_ENTITIES"", ""MENTION_SELECTED"", ""MENTION_SELECTED"", ""ENTITY_GROUPED"", ""MENTION_SELECTED"", ""MENTION_SELECTED"", ""ENTITY_GROUPED"", ""MENTION_SELECTED"", ""MENTION_SELECTED"", ""ENTITY_GROUPED"", ""MENTION_SELECTED""]",MENTION_SELECTED,train,llm_synthetic_expanded,1.0
llm_synth_expanded_514,synthetic,11,5,6,"[""MENTION_SELECTED"", ""MENTION_SELECTED"", ""RELATION_CREATED"", ""MENTION_SELECTED"", ""MENTION_SELECTED"", ""RELATION_CREATED""]",MENTION_SELECTED,train,llm_synthetic_expanded,1.0
llm_synth_expanded_334,synthetic,11,2,3,"[""RELATION_CREATED"", ""MENTION_SELECTED"", ""MENTION_DESELECTED""]",MENTION_SELECTED,train,llm_synthetic_expanded,1.0
llm_synth_expanded_547,synthetic,26,3,4,"[""TOKEN_SELECTED"", ""MENTION_CREATED"", ""STEP_ENTITIES"", ""MENTION_SELECTED""]",MENTION_SELECTED,train,llm_synthetic_expanded,1.0
llm_synth_expanded_1011,synthetic,13,11,12,"[""MENTION_DESELECTED"", ""MENTION_SELECTED"", ""MENTION_SELECTED"", ""MENTION_DESELECTED"", ""ENTITY_GROUPED"", ""MENTION_DESELECTED"", ""MENTION_DESELECTED"", ""STEP_RELATION_SUGGESTION"", ""STEP_RELATIONS"", ""MENTION_SELECTED"", ""MENTION_SELECTED"", ""RELATION_CREATED""]",MENTION_SELECTED,train,llm_synthetic_expanded,1.0
llm_synth_expanded_386,synthetic,11,2,3,"[""PROCESS_START"", ""MENTION_SELECTED"", ""MENTION_DESELECTED""]",MENTION_SELECTED,train,llm_synthetic_expanded,0.6666666666666666
llm_synth_expanded_1182,synthetic,31,10,11,"[""PROCESS_START"", ""MENTION_SELECTED"", ""MENTION_SELECTED"", ""RELATION_CREATED"", ""MENTION_SELECTED"", ""MENTION_SELECTED"", ""RELATION_CREATED"", ""MENTION_SELECTED"", ""MENTION_SELECTED"", ""RELATION_CREATED"", ""MENTION_SELECTED""]",MENTION_SELECTED,train,llm_synthetic_expanded,0.9090909090909091
llm_synth_expanded_125,synthetic,41,3,4,"[""PROCESS_START"", ""TOKEN_SELECTED"", ""MENTION_SELECTED"", ""RELATION_CREATED""]",MENTION_SELECTED,train,llm_synthetic_expanded,0.75
llm_synth_expanded_837,synthetic,23,1,2,"[""MENTION_SELECTED"", ""ENTITY_GROUPED""]",MENTION_SELECTED,train,llm_synthetic_expanded,1.0
llm_synth_expanded_750,synthetic,22,10,11,"[""PROCESS_START"", ""MENTION_SELECTED"", ""MENTION_DESELECTED"", ""MENTION_SELECTED"", ""MENTION_DESELECTED"", ""MENTION_SELECTED"", ""MENTION_DESELECTED"", ""MENTION_SELECTED"", ""MENTION_DESELECTED"", ""MENTION_SELECTED"", ""MENTION_DESELECTED""]",MENTION_SELECTED,train,llm_synthetic_expanded,0.9090909090909091
llm_synth_expanded_208,synthetic,41,4,5,"[""PROCESS_START"", ""TOKEN_SELECTED"", ""TOKEN_SELECTED"", ""MENTION_CREATED"", ""STEP_ENTITIES""]",MENTION_SELECTED,train,llm_synthetic_expanded,0.8
llm_synth_expanded_122,synthetic,41,14,15,"[""PROCESS_START"", ""MENTION_SELECTED"", ""RELATION_CREATED"", ""MENTION_SELECTED"", ""MENTION_DESELECTED"", ""TOKEN_SELECTED"", ""TOKEN_SELECTED"", ""TOKEN_DESELECTED"", ""TOKEN_DESELECTED"", ""TOKEN_SELECTED"", ""MENTION_CREATED"", ""MENTION_SELECTED"", ""MENTION_SELECTED"", ""RELATION_CREATED"", ""MENTION_SELECTED""]",MENTION_SELECTED,train,llm_synthetic_expanded,0.9333333333333333
llm_synth_expanded_405,synthetic,43,7,8,"[""MENTION_SELECTED"", ""MENTION_SELECTED"", ""MENTION_SELECTED"", ""RELATION_CREATED"", ""MENTION_SELECTED"", ""MENTION_SELECTED"", ""RELATION_CREATED"", ""MENTION_SELECTED""]",MENTION_SELECTED,train,llm_synthetic_expanded,1.0
llm_synth_expanded_205,synthetic,41,1,2,"[""PROCESS_START"", ""MENTION_SELECTED""]",MENTION_SELECTED,train,llm_synthetic_expanded,0.5
llm_synth_expanded_57,synthetic,42,4,5,"[""STEP_ENTITIES"", ""MENTION_SELECTED"", ""MENTION_SELECTED"", ""ENTITY_GROUPED"", ""MENTION_SELECTED""]",MENTION_SELECTED,train,llm_synthetic_expanded,1.0
llm_synth_expanded_122,synthetic,41,16,17,"[""PROCESS_START"", ""MENTION_SELECTED"", ""RELATION_CREATED"", ""MENTION_SELECTED"", ""MENTION_DESELECTED"", ""TOKEN_SELECTED"", ""TOKEN_SELECTED"", ""TOKEN_DESELECTED"", ""TOKEN_DESELECTED"", ""TOKEN_SELECTED"", ""MENTION_CREATED"", ""MENTION_SELECTED"", ""MENTION_SELECTED"", ""RELATION_CREATED"", ""MENTION_SELECTED"", ""MENTION_SELECTED"", ""RELATION_CREATED""]",MENTION_SELECTED,train,llm_synthetic_expanded,0.9411764705882353
llm_synth_expanded_1215,synthetic,21,12,13,"[""PROCESS_START"", ""MENTION_SELECTED"", ""MENTION_SELECTED"", ""MENTION_DESELECTED"", ""MENTION_SELECTED"", ""MENTION_SELECTED"", ""MENTION_DESELECTED"", ""MENTION_SELECTED"", ""MENTION_SELECTED"", ""MENTION_DESELECTED"", ""MENTION_SELECTED"", ""MENTION_SELECTED"", ""MENTION_DESELECTED""]",MENTION_SELECTED,train,llm_synthetic_expanded,0.9230769230769231
llm_synth_expanded_299,synthetic,34,2,3,"[""PROCESS_START"", ""MENTION_SUGGESTION_ACCEPTED"", ""MENTION_SELECTED""]",MENTION_SELECTED,train,llm_synthetic_expanded,0.6666666666666666
llm_synth_expanded_839,synthetic,23,13,14,"[""MENTION_SELECTED"", ""MENTION_SELECTED"", ""MENTION_SELECTED"", ""ENTITY_GROUPED"", ""MENTION_SELECTED"", ""MENTION_SELECTED"", ""ENTITY_GROUPED"", ""STEP_RELATION_SUGGESTION"", ""STEP_RELATIONS"", ""MENTION_SELECTED"", ""MENTION_SELECTED"", ""RELATION_CREATED"", ""RELATION_DELETED"", ""MENTION_SELECTED""]",MENTION_SELECTED,train,llm_synthetic_expanded,1.0
llm_synth_expanded_1012,synthetic,13,15,16,"[""MENTION_SELECTED"", ""MENTION_SELECTED"", ""ENTITY_GROUPED"", ""MENTION_DESELECTED"", ""MENTION_DESELECTED"", ""STEP_RELATION_SUGGESTION"", ""STEP_RELATIONS"", ""MENTION_SELECTED"", ""MENTION_SELECTED"", ""MENTION_SELECTED"", ""STEP_RELATION_SUGGESTION"", ""STEP_RELATIONS"", ""MENTION_SELECTED"", ""MENTION_SELECTED"", ""RELATION_CREATED"", ""MENTION_SELECTED""]",MENTION_SELECTED,train,llm_synthetic_expanded,1.0
llm_synth_expanded_205,synthetic,41,8,9,"[""PROCESS_START"", ""MENTION_SELECTED"", ""MENTION_SELECTED"", ""RELATION_CREATED"", ""MENTION_SELECTED"", ""MENTION_DESELECTED"", ""MENTION_SELECTED"", ""MENTION_SELECTED"", ""RELATION_CREATED""]",MENTION_SELECTED,train,llm_synthetic_expanded,0.8888888888888888
llm_synth_expanded_282,synthetic,33,2,3,"[""PROCESS_START"", ""STEP_METION"", ""MENTION_SELECTED""]",MENTION_SELECTED,train,llm_synthetic_expanded,0.6666666666666666
llm_synth_expanded_208,synthetic,41,16,17,"[""PROCESS_START"", ""TOKEN_SELECTED"", ""TOKEN_SELECTED"", ""MENTION_CREATED"", ""STEP_ENTITIES"", ""MENTION_SELECTED"", ""MENTION_SELECTED"", ""ENTITY_GROUPED"", ""MENTION_SELECTED"", ""MENTION_SELECTED"", ""ENTITY_GROUPED"", ""STEP_RELATION_SUGGESTION"", ""STEP_RELATIONS"", ""MENTION_SELECTED"", ""MENTION_SELECTED"", ""RELATION_CREATED"", ""MENTION_SELECTED""]",MENTION_SELECTED,train,llm_synthetic_expanded,0.9411764705882353
llm_synth_expanded_208,synthetic,41,15,16,"[""PROCESS_START"", ""TOKEN_SELECTED"", ""TOKEN_SELECTED"", ""MENTION_CREATED"", ""STEP_ENTITIES"", ""MENTION_SELECTED"", ""MENTION_SELECTED"", ""ENTITY_GROUPED"", ""MENTION_SELECTED"", ""MENTION_SELECTED"", ""ENTITY_GROUPED"", ""STEP_RELATION_SUGGESTION"", ""STEP_RELATIONS"", ""MENTION_SELECTED"", ""MENTION_SELECTED"", ""RELATION_CREATED""]",MENTION_SELECTED,train,llm_synthetic_expanded,0.9375
llm_synth_expanded_48,synthetic,33,3,4,"[""PROCESS_START"", ""STEP_RELATION_SUGGESTION"", ""STEP_RELATIONS"", ""MENTION_SELECTED""]",MENTION_SELECTED,train,llm_synthetic_expanded,0.75
llm_synth_expanded_658,synthetic,23,16,17,"[""PROCESS_START"", ""MENTION_DELETED"", ""TOKEN_SELECTED"", ""TOKEN_SELECTED"", ""TOKEN_SELECTED"", ""TOKEN_DESELECTED"", ""TOKEN_DESELECTED"", ""TOKEN_DESELECTED"", ""TOKEN_SELECTED"", ""MENTION_CREATED"", ""STEP_ENTITIES"", ""MENTION_SELECTED"", ""MENTION_SELECTED"", ""ENTITY_GROUPED"", ""MENTION_SELECTED"", ""MENTION_TYPE_UPDATED"", ""MENTION_SELECTED""]",MENTION_SELECTED,train,llm_synthetic_expanded,0.9411764705882353
llm_synth_expanded_881,synthetic,19,5,6,"[""PROCESS_START"", ""STEP_RELATION_SUGGESTION"", ""STEP_RELATIONS"", ""MENTION_SELECTED"", ""MENTION_SUGGESTION_BOUNDS_UPDATED"", ""MENTION_SELECTED""]",MENTION_SELECTED,train,llm_synthetic_expanded,0.8333333333333334
llm_synth_expanded_839,synthetic,23,12,13,"[""MENTION_SELECTED"", ""MENTION_SELECTED"", ""MENTION_SELECTED"", ""ENTITY_GROUPED"", ""MENTION_SELECTED"", ""MENTION_SELECTED"", ""ENTITY_GROUPED"", ""STEP_RELATION_SUGGESTION"", ""STEP_RELATIONS"", ""MENTION_SELECTED"", ""MENTION_SELECTED"", ""RELATION_CREATED"", ""RELATION_DELETED""]",MENTION_SELECTED,train,llm_synthetic_expanded,1.0
llm_synth_expanded_654,synthetic,23,15,16,"[""PROCESS_START"", ""ENTITY_GROUPED"", ""STEP_RELATION_SUGGESTION"", ""STEP_RELATIONS"", ""MENTION_SELECTED"", ""MENTION_SELECTED"", ""RELATION_CREATED"", ""MENTION_SELECTED"", ""MENTION_SELECTED"", ""RELATION_CREATED"", ""MENTION_SELECTED"", ""MENTION_SELECTED"", ""RELATION_CREATED"", ""RELATION_DELETED"", ""RELATION_DELETED"", ""MENTION_SELECTED""]",MENTION_SELECTED,train,llm_synthetic_expanded,0.9375
llm_synth_expanded_205,synthetic,41,9,10,"[""PROCESS_START"", ""MENTION_SELECTED"", ""MENTION_SELECTED"", ""RELATION_CREATED"", ""MENTION_SELECTED"", ""MENTION_DESELECTED"", ""MENTION_SELECTED"", ""MENTION_SELECTED"", ""RELATION_CREATED"", ""MENTION_SELECTED""]",MENTION_SELECTED,train,llm_synthetic_expanded,0.9
llm_synth_expanded_659,synthetic,23,12,13,"[""PROCESS_START"", ""STEP_RELATION_SUGGESTION"", ""STEP_RELATIONS"", ""MENTION_SELECTED"", ""MENTION_SELECTED"", ""RELATION_CREATED"", ""MENTION_SELECTED"", ""MENTION_SELECTED"", ""RELATION_CREATED"", ""MENTION_SELECTED"", ""MENTION_SELECTED"", ""RELATION_CREATED"", ""MENTION_SELECTED""]",MENTION_SELECTED,train,llm_synthetic_expanded,0.9230769230769231
llm_synth_expanded_340,synthetic,44,8,9,"[""PROCESS_START"", ""MENTION_CREATED"", ""TOKEN_SELECTED"", ""TOKEN_SELECTED"", ""TOKEN_SELECTED"", ""MENTION_CREATED"", ""STEP_ENTITIES"", ""MENTION_SELECTED"", ""MENTION_SELECTED""]",MENTION_SELECTED,train,llm_synthetic_expanded,0.8888888888888888
llm_synth_expanded_513,synthetic,11,1,2,"[""STEP_RELATION_SUGGESTION"", ""STEP_RELATIONS""]",MENTION_SELECTED,train,llm_synthetic_expanded,1.0
llm_synth_expanded_721,synthetic,11,12,13,"[""PROCESS_START"", ""MENTION_SELECTED"", ""MENTION_SELECTED"", ""MENTION_SELECTED"", ""RELATION_CREATED"", ""MENTION_SELECTED"", ""MENTION_SELECTED"", ""RELATION_CREATED"", ""MENTION_SELECTED"", ""MENTION_SELECTED"", ""RELATION_CREATED"", ""MENTION_SELECTED"", ""MENTION_DESELECTED""]",MENTION_SELECTED,train,llm_synthetic_expanded,0.9230769230769231
llm_synth_expanded_4,synthetic,43,1,2,"[""PROCESS_START"", ""MENTION_CREATED""]",MENTION_SELECTED,train,llm_synthetic_expanded,0.5
llm_synth_expanded_653,synthetic,23,18,19,"[""PROCESS_START"", ""MENTION_CREATED"", ""TOKEN_SELECTED"", ""MENTION_CREATED"", ""TOKEN_SELECTED"", ""TOKEN_SELECTED"", ""MENTION_CREATED"", ""TOKEN_SELECTED"", ""TOKEN_SELECTED"", ""MENTION_CREATED"", ""TOKEN_SELECTED"", ""TOKEN_SELECTED"", ""MENTION_CREATED"", ""TOKEN_SELECTED"", ""MENTION_CREATED"", ""TOKEN_SELECTED"", ""TOKEN_SELECTED"", ""MENTION_CREATED"", ""STEP_ENTITIES""]",MENTION_SELECTED,train,llm_synthetic_expanded,0.9473684210526315
llm_synth_expanded_1045,synthetic,11,16,17,"[""TOKEN_SELECTED"", ""MENTION_CREATED"", ""TOKEN_SELECTED"", ""MENTION_CREATED"", ""TOKEN_SELECTED"", ""TOKEN_SELECTED"", ""TOKEN_SELECTED"", ""MENTION_CREATED"", ""TOKEN_SELECTED"", ""TOKEN_SELECTED"", ""TOKEN_SELECTED"", ""MENTION_CREATED"", ""TOKEN_SELECTED"", ""MENTION_CREATED"", ""MENTION_SELECTED"", ""MENTION_SELECTED"", ""ENTITY_GROUPED""]",MENTION_SELECTED,train,llm_synthetic_expanded,1.0
llm_synth_expanded_122,synthetic,41,20,21,"[""PROCESS_START"", ""MENTION_SELECTED"", ""RELATION_CREATED"", ""MENTION_SELECTED"", ""MENTION_DESELECTED"", ""TOKEN_SELECTED"", ""TOKEN_SELECTED"", ""TOKEN_DESELECTED"", ""TOKEN_DESELECTED"", ""TOKEN_SELECTED"", ""MENTION_CREATED"", ""MENTION_SELECTED"", ""MENTION_SELECTED"", ""RELATION_CREATED"", ""MENTION_SELECTED"", ""MENTION_SELECTED"", ""RELATION_CREATED"", ""MENTION_SELECTED"", ""MENTION_SELECTED"", ""RELATION_CREATED"", ""MENTION_SELECTED""]",MENTION_SELECTED,train,llm_synthetic_expanded,0.9523809523809523
llm_synth_expanded_1218,synthetic,34,1,2,"[""PROCESS_START"", ""MENTION_SUGGESTION_BOUNDS_UPDATED""]",MENTION_SELECTED,train,llm_synthetic_expanded,0.5
llm_synth_expanded_405,synthetic,43,13,14,"[""MENTION_SELECTED"", ""MENTION_SELECTED"", ""MENTION_SELECTED"", ""RELATION_CREATED"", ""MENTION_SELECTED"", ""MENTION_SELECTED"", ""RELATION_CREATED"", ""MENTION_SELECTED"", ""MENTION_SELECTED"", ""RELATION_CREATED"", ""MENTION_SELECTED"", ""MENTION_SELECTED"", ""RELATION_CREATED"", ""MENTION_SELECTED""]",MENTION_SELECTED,train,llm_synthetic_expanded,1.0
llm_synth_expanded_206,synthetic,41,15,16,"[""PROCESS_START"", ""ENTITY_GROUPED"", ""MENTION_SELECTED"", ""MENTION_SELECTED"", ""ENTITY_GROUPED"", ""MENTION_SELECTED"", ""ENTITY_GROUPED"", ""STEP_RELATION_SUGGESTION"", ""STEP_RELATIONS"", ""MENTION_SELECTED"", ""MENTION_SELECTED"", ""RELATION_CREATED"", ""MENTION_SELECTED"", ""MENTION_SELECTED"", ""RELATION_CREATED"", ""MENTION_SELECTED""]",MENTION_SELECTED,train,llm_synthetic_expanded,0.9375
llm_synth_expanded_335,synthetic,11,13,14,"[""MENTION_SELECTED"", ""MENTION_DESELECTED"", ""MENTION_SELECTED"", ""MENTION_SELECTED"", ""RELATION_CREATED"", ""MENTION_SELECTED"", ""MENTION_SELECTED"", ""RELATION_CREATED"", ""MENTION_SELECTED"", ""MENTION_SELECTED"", ""RELATION_CREATED"", ""MENTION_SELECTED"", ""MENTION_SELECTED"", ""RELATION_CREATED""]",MENTION_SELECTED,train,llm_synthetic_expanded,1.0
llm_synth_expanded_701,synthetic,41,4,5,"[""RELATION_CREATED"", ""MENTION_SELECTED"", ""MENTION_SELECTED"", ""RELATION_CREATED"", ""MENTION_SELECTED""]",MENTION_SELECTED,train,llm_synthetic_expanded,1.0
llm_synth_expanded_205,synthetic,41,3,4,"[""PROCESS_START"", ""MENTION_SELECTED"", ""MENTION_SELECTED"", ""RELATION_CREATED""]",MENTION_SELECTED,train,llm_synthetic_expanded,0.75
llm_synth_expanded_1013,synthetic,13,14,15,"[""MENTION_SELECTED"", ""MENTION_SELECTED"", ""MENTION_DESELECTED"", ""MENTION_SELECTED"", ""MENTION_SELECTED"", ""ENTITY_GROUPED"", ""MENTION_DESELECTED"", ""MENTION_DESELECTED"", ""MENTION_DESELECTED"", ""ENTITY_GROUPED"", ""MENTION_DESELECTED"", ""MENTION_DESELECTED"", ""STEP_RELATION_SUGGESTION"", ""STEP_RELATIONS"", ""MENTION_SELECTED""]",MENTION_SELECTED,train,llm_synthetic_expanded,1.0
llm_synth_expanded_1011,synthetic,13,15,16,"[""MENTION_DESELECTED"", ""MENTION_SELECTED"", ""MENTION_SELECTED"", ""MENTION_DESELECTED"", ""ENTITY_GROUPED"", ""MENTION_DESELECTED"", ""MENTION_DESELECTED"", ""STEP_RELATION_SUGGESTION"", ""STEP_RELATIONS"", ""MENTION_SELECTED"", ""MENTION_SELECTED"", ""RELATION_CREATED"", ""MENTION_SELECTED"", ""MENTION_SELECTED"", ""RELATION_CREATED"", ""MENTION_SELECTED""]",MENTION_SELECTED,train,llm_synthetic_expanded,1.0
llm_synth_expanded_1054,synthetic,43,5,6,"[""TOKEN_SELECTED"", ""TOKEN_SELECTED"", ""TOKEN_SELECTED"", ""MENTION_CREATED"", ""STEP_ENTITIES"", ""MENTION_SELECTED""]",MENTION_SELECTED,train,llm_synthetic_expanded,1.0
llm_synth_expanded_704,synthetic,41,10,11,"[""MENTION_SELECTED"", ""MENTION_SELECTED"", ""ENTITY_GROUPED"", ""STEP_RELATION_SUGGESTION"", ""STEP_RELATIONS"", ""MENTION_SELECTED"", ""MENTION_SELECTED"", ""RELATION_CREATED"", ""MENTION_SELECTED"", ""MENTION_DESELECTED"", ""MENTION_SELECTED""]",MENTION_SELECTED,train,llm_synthetic_expanded,1.0
llm_synth_expanded_56,synthetic,42,7,8,"[""STEP_RELATION_SUGGESTION"", ""RELATION_SUGGESTION_REJECTED"", ""RELATION_SUGGESTION_MARKED"", ""RELATION_SUGGESTION_ACCEPTED"", ""RELATION_SUGGESTION_ACCEPTED"", ""RELATION_SUGGESTION_ACCEPTED"", ""STEP_RELATIONS"", ""MENTION_SELECTED""]",MENTION_SELECTED,train,llm_synthetic_expanded,1.0
llm_synth_expanded_1046,synthetic,11,18,19,"[""MENTION_CREATED"", ""TOKEN_SELECTED"", ""TOKEN_DESELECTED"", ""TOKEN_SELECTED"", ""MENTION_CREATED"", ""TOKEN_SELECTED"", ""MENTION_CREATED"", ""TOKEN_SELECTED"", ""TOKEN_DESELECTED"", ""TOKEN_SELECTED"", ""MENTION_CREATED"", ""TOKEN_SELECTED"", ""TOKEN_SELECTED"", ""TOKEN_SELECTED"", ""MENTION_CREATED"", ""STEP_ENTITIES"", ""MENTION_SELECTED"", ""MENTION_SELECTED"", ""ENTITY_GROUPED""]",MENTION_SELECTED,train,llm_synthetic_expanded,1.0
llm_synth_expanded_126,synthetic,41,21,22,"[""PROCESS_START"", ""TOKEN_SELECTED"", ""MENTION_SELECTED"", ""RELATION_CREATED"", ""MENTION_SELECTED"", ""MENTION_SELECTED"", ""RELATION_CREATED"", ""MENTION_SELECTED"", ""MENTION_SELECTED"", ""RELATION_CREATED"", ""MENTION_SELECTED"", ""MENTION_SELECTED"", ""RELATION_CREATED"", ""MENTION_SELECTED"", ""MENTION_SELECTED"", ""RELATION_CREATED"", ""MENTION_SELECTED"", ""MENTION_SELECTED"", ""RELATION_CREATED"", ""MENTION_SELECTED"", ""MENTION_SELECTED"", ""RELATION_CREATED""]",MENTION_SELECTED,train,llm_synthetic_expanded,0.9545454545454546
llm_synth_expanded_1213,synthetic,21,10,11,"[""PROCESS_START"", ""MENTION_SELECTED"", ""MENTION_SELECTED"", ""MENTION_DESELECTED"", ""MENTION_SELECTED"", ""MENTION_SELECTED"", ""MENTION_DESELECTED"", ""MENTION_SELECTED"", ""MENTION_SELECTED"", ""MENTION_DESELECTED"", ""MENTION_SELECTED""]",MENTION_SELECTED,train,llm_synthetic_expanded,0.9090909090909091
llm_synth_expanded_109,synthetic,23,10,11,"[""PROCESS_START"", ""STEP_RELATIONS"", ""RELATION_SUGGESTION_MARKED"", ""RELATION_SUGGESTION_REJECTED"", ""MENTION_DESELECTED"", ""MENTION_SELECTED"", ""MENTION_DESELECTED"", ""MENTION_SELECTED"", ""MENTION_DESELECTED"", ""MENTION_SELECTED"", ""MENTION_DESELECTED""]",MENTION_SELECTED,train,llm_synthetic_expanded,0.7272727272727273
llm_synth_expanded_281,synthetic,33,2,3,"[""PROCESS_START"", ""STEP_MENTION_SUGGESTION"", ""MENTION_SELECTED""]",MENTION_SELECTED,train,llm_synthetic_expanded,0.6666666666666666
llm_synth_expanded_334,synthetic,11,11,12,"[""RELATION_CREATED"", ""MENTION_SELECTED"", ""MENTION_DESELECTED"", ""MENTION_SELECTED"", ""MENTION_SELECTED"", ""RELATION_CREATED"", ""MENTION_SELECTED"", ""MENTION_SELECTED"", ""RELATION_CREATED"", ""MENTION_SELECTED"", ""MENTION_SELECTED"", ""RELATION_CREATED""]",MENTION_SELECTED,train,llm_synthetic_expanded,1.0
llm_synth_expanded_879,synthetic,17,11,12,"[""PROCESS_START"", ""STEP_RELATION_SUGGESTION"", ""STEP_RELATIONS"", ""MENTION_SELECTED"", ""MENTION_SUGGESTION_BOUNDS_UPDATED"", ""MENTION_SELECTED"", ""MENTION_SELECTED"", ""RELATION_CREATED"", ""MENTION_SELECTED"", ""MENTION_SELECTED"", ""RELATION_CREATED"", ""MENTION_SELECTED""]",MENTION_SELECTED,train,llm_synthetic_expanded,0.9166666666666666
llm_synth_expanded_877,synthetic,15,13,14,"[""PROCESS_START"", ""STEP_RELATION_SUGGESTION"", ""STEP_RELATIONS"", ""MENTION_SELECTED"", ""MENTION_SUGGESTION_BOUNDS_UPDATED"", ""MENTION_SELECTED"", ""MENTION_SELECTED"", ""RELATION_CREATED"", ""MENTION_SELECTED"", ""MENTION_SELECTED"", ""RELATION_CREATED"", ""MENTION_SELECTED"", ""MENTION_SELECTED"", ""RELATION_CREATED""]",MENTION_SELECTED,train,llm_synthetic_expanded,0.9285714285714286
llm_synth_expanded_750,synthetic,22,8,9,"[""PROCESS_START"", ""MENTION_SELECTED"", ""MENTION_DESELECTED"", ""MENTION_SELECTED"", ""MENTION_DESELECTED"", ""MENTION_SELECTED"", ""MENTION_DESELECTED"", ""MENTION_SELECTED"", ""MENTION_DESELECTED""]",MENTION_SELECTED,train,llm_synthetic_expanded,0.8888888888888888
llm_synth_expanded_39,synthetic,12,9,10,"[""PROCESS_START"", ""MENTION_CREATED"", ""TOKEN_SELECTED"", ""MENTION_CREATED"", ""TOKEN_SELECTED"", ""MENTION_CREATED"", ""TOKEN_SELECTED"", ""MENTION_DELETED"", ""TOKEN_SELECTED"", ""MENTION_SELECTED""]",MENTION_SELECTED,train,llm_synthetic_expanded,0.8
llm_synth_expanded_884,synthetic,22,6,7,"[""PROCESS_START"", ""MENTION_SELECTED"", ""RELATION_CREATED"", ""MENTION_SELECTED"", ""MENTION_SELECTED"", ""RELATION_CREATED"", ""MENTION_SELECTED""]",MENTION_SELECTED,train,llm_synthetic_expanded,0.8571428571428571
llm_synth_expanded_334,synthetic,11,17,18,"[""RELATION_CREATED"", ""MENTION_SELECTED"", ""MENTION_DESELECTED"", ""MENTION_SELECTED"", ""MENTION_SELECTED"", ""RELATION_CREATED"", ""MENTION_SELECTED"", ""MENTION_SELECTED"", ""RELATION_CREATED"", ""MENTION_SELECTED"", ""MENTION_SELECTED"", ""RELATION_CREATED"", ""MENTION_SELECTED"", ""MENTION_SELECTED"", ""RELATION_CREATED"", ""MENTION_SELECTED"", ""MENTION_SELECTED"", ""RELATION_CREATED""]",MENTION_SELECTED,train,llm_synthetic_expanded,1.0
llm_synth_expanded_868,synthetic,43,13,14,"[""MENTION_SELECTED"", ""MENTION_SELECTED"", ""MENTION_DESELECTED"", ""MENTION_DESELECTED"", ""MENTION_SELECTED"", ""MENTION_SELECTED"", ""RELATION_CREATED"", ""MENTION_SELECTED"", ""MENTION_SELECTED"", ""MENTION_DESELECTED"", ""MENTION_DESELECTED"", ""MENTION_SELECTED"", ""MENTION_SELECTED"", ""RELATION_CREATED""]",MENTION_SELECTED,train,llm_synthetic_expanded,1.0
llm_synth_expanded_881,synthetic,19,4,5,"[""PROCESS_START"", ""STEP_RELATION_SUGGESTION"", ""STEP_RELATIONS"", ""MENTION_SELECTED"", ""MENTION_SUGGESTION_BOUNDS_UPDATED""]",MENTION_SELECTED,train,llm_synthetic_expanded,0.8
llm_synth_expanded_514,synthetic,11,3,4,"[""MENTION_SELECTED"", ""MENTION_SELECTED"", ""RELATION_CREATED"", ""MENTION_SELECTED""]",MENTION_SELECTED,train,llm_synthetic_expanded,1.0
llm_synth_expanded_152,synthetic,22,3,4,"[""PROCESS_START"", ""MENTION_CREATED"", ""MENTION_SELECTED"", ""MENTION_DESELECTED""]",MENTION_SELECTED,train,llm_synthetic_expanded,0.75
llm_synth_expanded_123,synthetic,41,15,16,"[""PROCESS_START"", ""MENTION_SELECTED"", ""RELATION_CREATED"", ""MENTION_SELECTED"", ""MENTION_SELECTED"", ""RELATION_CREATED"", ""MENTION_SELECTED"", ""MENTION_SELECTED"", ""RELATION_CREATED"", ""MENTION_SELECTED"", ""MENTION_SELECTED"", ""RELATION_CREATED"", ""MENTION_SELECTED"", ""MENTION_SELECTED"", ""RELATION_CREATED"", ""MENTION_SELECTED""]",MENTION_SELECTED,train,llm_synthetic_expanded,0.9375
llm_synth_expanded_100,synthetic,41,18,19,"[""PROCESS_START"", ""TOKEN_SELECTED"", ""TOKEN_SELECTED"", ""MENTION_CREATED"", ""TOKEN_SELECTED"", ""MENTION_CREATED"", ""TOKEN_SELECTED"", ""MENTION_CREATED"", ""TOKEN_SELECTED"", ""TOKEN_SELECTED"", ""MENTION_CREATED"", ""TOKEN_SELECTED"", ""TOKEN_SELECTED"", ""MENTION_CREATED"", ""STEP_ENTITIES"", ""MENTION_SELECTED"", ""MENTION_SELECTED"", ""MENTION_SELECTED"", ""ENTITY_GROUPED""]",MENTION_SELECTED,train,llm_synthetic_expanded,0.9473684210526315
llm_synth_expanded_741,synthetic,23,21,22,"[""PROCESS_START"", ""MENTION_CREATED"", ""TOKEN_SELECTED"", ""TOKEN_SELECTED"", ""MENTION_CREATED"", ""TOKEN_SELECTED"", ""TOKEN_SELECTED"", ""MENTION_CREATED"", ""TOKEN_SELECTED"", ""TOKEN_SELECTED"", ""MENTION_CREATED"", ""STEP_ENTITIES"", ""MENTION_SELECTED"", ""MENTION_SELECTED"", ""ENTITY_GROUPED"", ""MENTION_SELECTED"", ""MENTION_SELECTED"", ""ENTITY_GROUPED"", ""TOKEN_SELECTED"", ""MENTION_CREATED"", ""STEP_RELATION_SUGGESTION"", ""STEP_RELATIONS""]",MENTION_SELECTED,train,llm_synthetic_expanded,0.9545454545454546
llm_synth_expanded_1182,synthetic,31,13,14,"[""PROCESS_START"", ""MENTION_SELECTED"", ""MENTION_SELECTED"", ""RELATION_CREATED"", ""MENTION_SELECTED"", ""MENTION_SELECTED"", ""RELATION_CREATED"", ""MENTION_SELECTED"", ""MENTION_SELECTED"", ""RELATION_CREATED"", ""MENTION_SELECTED"", ""MENTION_SELECTED"", ""RELATION_CREATED"", ""MENTION_SELECTED""]",MENTION_SELECTED,train,llm_synthetic_expanded,0.9285714285714286
llm_synth_expanded_881,synthetic,19,11,12,"[""PROCESS_START"", ""STEP_RELATION_SUGGESTION"", ""STEP_RELATIONS"", ""MENTION_SELECTED"", ""MENTION_SUGGESTION_BOUNDS_UPDATED"", ""MENTION_SELECTED"", ""MENTION_SELECTED"", ""RELATION_CREATED"", ""MENTION_SELECTED"", ""MENTION_SELECTED"", ""RELATION_CREATED"", ""MENTION_SELECTED""]",MENTION_SELECTED,train,llm_synthetic_expanded,0.9166666666666666
llm_synth_expanded_231,synthetic,44,3,4,"[""PROCESS_START"", ""MENTION_SELECTED"", ""MENTION_SELECTED"", ""RELATION_CREATED""]",MENTION_SELECTED,train,llm_synthetic_expanded,0.75
llm_synth_expanded_874,synthetic,11,15,16,"[""PROCESS_START"", ""STEP_RELATION_SUGGESTION"", ""STEP_RELATIONS"", ""MENTION_SELECTED"", ""MENTION_SELECTED"", ""RELATION_CREATED"", ""MENTION_SELECTED"", ""MENTION_SELECTED"", ""RELATION_CREATED"", ""MENTION_SELECTED"", ""MENTION_SELECTED"", ""RELATION_CREATED"", ""MENTION_SELECTED"", ""MENTION_SELECTED"", ""RELATION_CREATED"", ""MENTION_SELECTED""]",MENTION_SELECTED,train,llm_synthetic_expanded,0.9375
llm_synth_expanded_903,synthetic,41,15,16,"[""MENTION_SELECTED"", ""MENTION_SELECTED"", ""RELATION_CREATED"", ""MENTION_SELECTED"", ""MENTION_SELECTED"", ""RELATION_CREATED"", ""RELATION_DELETED"", ""MENTION_SELECTED"", ""MENTION_SELECTED"", ""RELATION_CREATED"", ""MENTION_SELECTED"", ""MENTION_SELECTED"", ""RELATION_CREATED"", ""MENTION_SELECTED"", ""MENTION_SELECTED"", ""RELATION_CREATED""]",MENTION_SELECTED,train,llm_synthetic_expanded,1.0
llm_synth_expanded_715,synthetic,33,18,19,"[""PROCESS_START"", ""STEP_MENTION_SUGGESTION"", ""STEP_METION"", ""TOKEN_SELECTED"", ""MENTION_CREATED"", ""TOKEN_SELECTED"", ""TOKEN_SELECTED"", ""TOKEN_SELECTED"", ""TOKEN_DESELECTED"", ""TOKEN_DESELECTED"", ""TOKEN_DESELECTED"", ""TOKEN_SELECTED"", ""TOKEN_SELECTED"", ""MENTION_CREATED"", ""TOKEN_SELECTED"", ""TOKEN_SELECTED"", ""TOKEN_DESELECTED"", ""MENTION_CREATED"", ""TOKEN_SELECTED""]",MENTION_SELECTED,train,llm_synthetic_expanded,1.0
llm_synth_expanded_903,synthetic,41,16,17,"[""MENTION_SELECTED"", ""MENTION_SELECTED"", ""RELATION_CREATED"", ""MENTION_SELECTED"", ""MENTION_SELECTED"", ""RELATION_CREATED"", ""RELATION_DELETED"", ""MENTION_SELECTED"", ""MENTION_SELECTED"", ""RELATION_CREATED"", ""MENTION_SELECTED"", ""MENTION_SELECTED"", ""RELATION_CREATED"", ""MENTION_SELECTED"", ""MENTION_SELECTED"", ""RELATION_CREATED"", ""MENTION_SELECTED""]",MENTION_SELECTED,train,llm_synthetic_expanded,1.0
llm_synth_expanded_206,synthetic,41,4,5,"[""PROCESS_START"", ""ENTITY_GROUPED"", ""MENTION_SELECTED"", ""MENTION_SELECTED"", ""ENTITY_GROUPED""]",MENTION_SELECTED,train,llm_synthetic_expanded,0.8
llm_synth_expanded_1182,synthetic,31,15,16,"[""PROCESS_START"", ""MENTION_SELECTED"", ""MENTION_SELECTED"", ""RELATION_CREATED"", ""MENTION_SELECTED"", ""MENTION_SELECTED"", ""RELATION_CREATED"", ""MENTION_SELECTED"", ""MENTION_SELECTED"", ""RELATION_CREATED"", ""MENTION_SELECTED"", ""MENTION_SELECTED"", ""RELATION_CREATED"", ""MENTION_SELECTED"", ""MENTION_SELECTED"", ""RELATION_CREATED""]",MENTION_SELECTED,train,llm_synthetic_expanded,0.9375
llm_synth_expanded_880,synthetic,18,10,11,"[""PROCESS_START"", ""STEP_RELATION_SUGGESTION"", ""STEP_RELATIONS"", ""MENTION_SELECTED"", ""MENTION_SUGGESTION_BOUNDS_UPDATED"", ""MENTION_SELECTED"", ""MENTION_SELECTED"", ""RELATION_CREATED"", ""MENTION_SELECTED"", ""MENTION_SELECTED"", ""RELATION_CREATED""]",MENTION_SELECTED,train,llm_synthetic_expanded,0.9090909090909091
llm_synth_expanded_30,synthetic,33,3,4,"[""MENTION_SELECTED"", ""MENTION_SELECTED"", ""ENTITY_GROUPED"", ""MENTION_SELECTED""]",MENTION_SELECTED,train,llm_synthetic_expanded,1.0
llm_synth_expanded_876,synthetic,14,17,18,"[""PROCESS_START"", ""STEP_RELATION_SUGGESTION"", ""STEP_RELATIONS"", ""MENTION_SELECTED"", ""MENTION_SUGGESTION_BOUNDS_UPDATED"", ""MENTION_SELECTED"", ""MENTION_SELECTED"", ""RELATION_CREATED"", ""MENTION_SELECTED"", ""MENTION_SELECTED"", ""RELATION_CREATED"", ""MENTION_SELECTED"", ""MENTION_SELECTED"", ""RELATION_CREATED"", ""MENTION_SELECTED"", ""MENTION_SELECTED"", ""RELATION_CREATED"", ""MENTION_SELECTED""]",MENTION_SELECTED,train,llm_synthetic_expanded,0.9444444444444444
llm_synth_expanded_206,synthetic,41,8,9,"[""PROCESS_START"", ""ENTITY_GROUPED"", ""MENTION_SELECTED"", ""MENTION_SELECTED"", ""ENTITY_GROUPED"", ""MENTION_SELECTED"", ""ENTITY_GROUPED"", ""STEP_RELATION_SUGGESTION"", ""STEP_RELATIONS""]",MENTION_SELECTED,train,llm_synthetic_expanded,0.8888888888888888
llm_synth_expanded_877,synthetic,15,17,18,"[""PROCESS_START"", ""STEP_RELATION_SUGGESTION"", ""STEP_RELATIONS"", ""MENTION_SELECTED"", ""MENTION_SUGGESTION_BOUNDS_UPDATED"", ""MENTION_SELECTED"", ""MENTION_SELECTED"", ""RELATION_CREATED"", ""MENTION_SELECTED"", ""MENTION_SELECTED"", ""RELATION_CREATED"", ""MENTION_SELECTED"", ""MENTION_SELECTED"", ""RELATION_CREATED"", ""MENTION_SELECTED"", ""MENTION_SELECTED"", ""RELATION_CREATED"", ""MENTION_SELECTED""]",MENTION_SELECTED,train,llm_synthetic_expanded,0.9444444444444444
llm_synth_expanded_339,synthetic,44,7,8,"[""PROCESS_START"", ""TOKEN_SELECTED"", ""TOKEN_SELECTED"", ""TOKEN_SELECTED"", ""MENTION_CREATED"", ""STEP_ENTITIES"", ""MENTION_SELECTED"", ""MENTION_SELECTED""]",MENTION_SELECTED,train,llm_synthetic_expanded,0.875
llm_synth_expanded_871,synthetic,23,2,3,"[""PROCESS_START"", ""ENTITY_GROUPED"", ""MENTION_SELECTED""]",MENTION_SELECTED,train,llm_synthetic_expanded,0.6666666666666666
llm_synth_expanded_123,synthetic,41,17,18,"[""PROCESS_START"", ""MENTION_SELECTED"", ""RELATION_CREATED"", ""MENTION_SELECTED"", ""MENTION_SELECTED"", ""RELATION_CREATED"", ""MENTION_SELECTED"", ""MENTION_SELECTED"", ""RELATION_CREATED"", ""MENTION_SELECTED"", ""MENTION_SELECTED"", ""RELATION_CREATED"", ""MENTION_SELECTED"", ""MENTION_SELECTED"", ""RELATION_CREATED"", ""MENTION_SELECTED"", ""MENTION_SELECTED"", ""RELATION_CREATED""]",MENTION_SELECTED,train,llm_synthetic_expanded,0.9444444444444444
llm_synth_expanded_121,synthetic,41,11,12,"[""PROCESS_START"", ""MENTION_CREATED"", ""MENTION_SELECTED"", ""MENTION_DELETED"", ""TOKEN_SELECTED"", ""TOKEN_SELECTED"", ""TOKEN_SELECTED"", ""MENTION_CREATED"", ""MENTION_SELECTED"", ""MENTION_SELECTED"", ""MENTION_SELECTED"", ""ENTITY_GROUPED""]",MENTION_SELECTED,train,llm_synthetic_expanded,0.9166666666666666
llm_synth_expanded_659,synthetic,23,17,18,"[""PROCESS_START"", ""STEP_RELATION_SUGGESTION"", ""STEP_RELATIONS"", ""MENTION_SELECTED"", ""MENTION_SELECTED"", ""RELATION_CREATED"", ""MENTION_SELECTED"", ""MENTION_SELECTED"", ""RELATION_CREATED"", ""MENTION_SELECTED"", ""MENTION_SELECTED"", ""RELATION_CREATED"", ""MENTION_SELECTED"", ""MENTION_SELECTED"", ""RELATION_CREATED"", ""MENTION_SELECTED"", ""MENTION_TYPE_UPDATED"", ""TOKEN_SELECTED""]",MENTION_SELECTED,train,llm_synthetic_expanded,0.9444444444444444
llm_synth_expanded_841,synthetic,23,8,9,"[""MENTION_SELECTED"", ""MENTION_DESELECTED"", ""MENTION_SELECTED"", ""MENTION_SELECTED"", ""RELATION_CREATED"", ""MENTION_SELECTED"", ""MENTION_SELECTED"", ""RELATION_CREATED"", ""MENTION_SELECTED""]",MENTION_SELECTED,train,llm_synthetic_expanded,1.0
llm_synth_expanded_48,synthetic,33,5,6,"[""PROCESS_START"", ""STEP_RELATION_SUGGESTION"", ""STEP_RELATIONS"", ""MENTION_SELECTED"", ""MENTION_SELECTED"", ""RELATION_CREATED""]",MENTION_SELECTED,train,llm_synthetic_expanded,0.8333333333333334
llm_synth_expanded_839,synthetic,23,1,2,"[""MENTION_SELECTED"", ""MENTION_SELECTED""]",MENTION_SELECTED,train,llm_synthetic_expanded,1.0
llm_synth_expanded_386,synthetic,11,3,4,"[""PROCESS_START"", ""MENTION_SELECTED"", ""MENTION_DESELECTED"", ""MENTION_SELECTED""]",MENTION_SELECTED,train,llm_synthetic_expanded,0.75
llm_synth_expanded_514,synthetic,11,16,17,"[""MENTION_SELECTED"", ""MENTION_SELECTED"", ""RELATION_CREATED"", ""MENTION_SELECTED"", ""MENTION_SELECTED"", ""RELATION_CREATED"", ""MENTION_SELECTED"", ""MENTION_DESELECTED"", ""MENTION_SELECTED"", ""MENTION_SELECTED"", ""RELATION_CREATED"", ""MENTION_SELECTED"", ""MENTION_SELECTED"", ""RELATION_CREATED"", ""MENTION_SELECTED"", ""MENTION_SELECTED"", ""RELATION_CREATED""]",MENTION_SELECTED,train,llm_synthetic_expanded,1.0
llm_synth_expanded_654,synthetic,23,14,15,"[""PROCESS_START"", ""ENTITY_GROUPED"", ""STEP_RELATION_SUGGESTION"", ""STEP_RELATIONS"", ""MENTION_SELECTED"", ""MENTION_SELECTED"", ""RELATION_CREATED"", ""MENTION_SELECTED"", ""MENTION_SELECTED"", ""RELATION_CREATED"", ""MENTION_SELECTED"", ""MENTION_SELECTED"", ""RELATION_CREATED"", ""RELATION_DELETED"", ""RELATION_DELETED""]",MENTION_SELECTED,train,llm_synthetic_expanded,0.9333333333333333
llm_synth_expanded_704,synthetic,41,13,14,"[""MENTION_SELECTED"", ""MENTION_SELECTED"", ""ENTITY_GROUPED"", ""STEP_RELATION_SUGGESTION"", ""STEP_RELATIONS"", ""MENTION_SELECTED"", ""MENTION_SELECTED"", ""RELATION_CREATED"", ""MENTION_SELECTED"", ""MENTION_DESELECTED"", ""MENTION_SELECTED"", ""MENTION_SELECTED"", ""RELATION_CREATED"", ""MENTION_SELECTED""]",MENTION_SELECTED,train,llm_synthetic_expanded,1.0
llm_synth_expanded_210,synthetic,41,17,18,"[""PROCESS_START"", ""MENTION_SELECTED"", ""MENTION_SELECTED"", ""RELATION_CREATED"", ""MENTION_SELECTED"", ""MENTION_SELECTED"", ""RELATION_CREATED"", ""MENTION_SELECTED"", ""MENTION_SELECTED"", ""RELATION_CREATED"", ""MENTION_SELECTED"", ""MENTION_SUGGESTION_BOUNDS_UPDATED"", ""MENTION_SUGGESTION_BOUNDS_UPDATED"", ""MENTION_SELECTED"", ""MENTION_SELECTED"", ""RELATION_CREATED"", ""MENTION_SELECTED"", ""MENTION_SELECTED""]",MENTION_SELECTED,train,llm_synthetic_expanded,0.9444444444444444
llm_synth_expanded_878,synthetic,16,16,17,"[""PROCESS_START"", ""STEP_RELATION_SUGGESTION"", ""STEP_RELATIONS"", ""MENTION_SELECTED"", ""MENTION_SUGGESTION_BOUNDS_UPDATED"", ""MENTION_SELECTED"", ""MENTION_SELECTED"", ""RELATION_CREATED"", ""MENTION_SELECTED"", ""MENTION_SELECTED"", ""RELATION_CREATED"", ""MENTION_SELECTED"", ""MENTION_SELECTED"", ""RELATION_CREATED"", ""MENTION_SELECTED"", ""MENTION_SELECTED"", ""RELATION_CREATED""]",MENTION_SELECTED,train,llm_synthetic_expanded,0.9411764705882353
llm_synth_expanded_838,synthetic,23,16,17,"[""STEP_RELATIONS"", ""MENTION_SELECTED"", ""MENTION_SELECTED"", ""RELATION_CREATED"", ""RELATION_DELETED"", ""MENTION_SELECTED"", ""MENTION_SELECTED"", ""RELATION_CREATED"", ""MENTION_SELECTED"", ""MENTION_SELECTED"", ""RELATION_CREATED"", ""MENTION_SELECTED"", ""MENTION_SELECTED"", ""RELATION_CREATED"", ""MENTION_SELECTED"", ""MENTION_SELECTED"", ""RELATION_CREATED""]",MENTION_SELECTED,train,llm_synthetic_expanded,1.0
llm_synth_expanded_841,synthetic,23,13,14,"[""MENTION_SELECTED"", ""MENTION_DESELECTED"", ""MENTION_SELECTED"", ""MENTION_SELECTED"", ""RELATION_CREATED"", ""MENTION_SELECTED"", ""MENTION_SELECTED"", ""RELATION_CREATED"", ""MENTION_SELECTED"", ""MENTION_SELECTED"", ""RELATION_CREATED"", ""MENTION_SELECTED"", ""MENTION_SELECTED"", ""RELATION_CREATED""]",MENTION_SELECTED,train,llm_synthetic_expanded,1.0
llm_synth_expanded_294,synthetic,34,2,3,"[""PROCESS_START"", ""STEP_MENTION_SUGGESTION"", ""MENTION_SELECTED""]",MENTION_SELECTED,train,llm_synthetic_expanded,0.6666666666666666
llm_synth_expanded_698,synthetic,44,12,13,"[""TOKEN_SELECTED"", ""TOKEN_SELECTED"", ""TOKEN_SELECTED"", ""MENTION_CREATED"", ""TOKEN_SELECTED"", ""MENTION_CREATED"", ""TOKEN_SELECTED"", ""TOKEN_SELECTED"", ""TOKEN_SELECTED"", ""MENTION_CREATED"", ""STEP_ENTITIES"", ""MENTION_SELECTED"", ""MENTION_SELECTED""]",MENTION_SELECTED,train,llm_synthetic_expanded,1.0
llm_synth_expanded_721,synthetic,11,5,6,"[""PROCESS_START"", ""MENTION_SELECTED"", ""MENTION_SELECTED"", ""MENTION_SELECTED"", ""RELATION_CREATED"", ""MENTION_SELECTED""]",MENTION_SELECTED,train,llm_synthetic_expanded,0.8333333333333334
llm_synth_expanded_405,synthetic,43,18,19,"[""MENTION_SELECTED"", ""MENTION_SELECTED"", ""MENTION_SELECTED"", ""RELATION_CREATED"", ""MENTION_SELECTED"", ""MENTION_SELECTED"", ""RELATION_CREATED"", ""MENTION_SELECTED"", ""MENTION_SELECTED"", ""RELATION_CREATED"", ""MENTION_SELECTED"", ""MENTION_SELECTED"", ""RELATION_CREATED"", ""MENTION_SELECTED"", ""MENTION_SELECTED"", ""MENTION_SELECTED"", ""MENTION_SUGGESTION_BOUNDS_UPDATED"", ""TOKEN_SELECTED"", ""MENTION_CREATED""]",MENTION_SELECTED,train,llm_synthetic_expanded,1.0
llm_synth_expanded_875,synthetic,13,14,15,"[""PROCESS_START"", ""STEP_RELATION_SUGGESTION"", ""STEP_RELATIONS"", ""MENTION_SELECTED"", ""MENTION_SUGGESTION_BOUNDS_UPDATED"", ""MENTION_SELECTED"", ""MENTION_SELECTED"", ""RELATION_CREATED"", ""MENTION_SELECTED"", ""MENTION_SELECTED"", ""RELATION_CREATED"", ""MENTION_SELECTED"", ""MENTION_SELECTED"", ""RELATION_CREATED"", ""MENTION_SELECTED""]",MENTION_SELECTED,train,llm_synthetic_expanded,0.9333333333333333
llm_synth_expanded_880,synthetic,18,19,20,"[""PROCESS_START"", ""STEP_RELATION_SUGGESTION"", ""STEP_RELATIONS"", ""MENTION_SELECTED"", ""MENTION_SUGGESTION_BOUNDS_UPDATED"", ""MENTION_SELECTED"", ""MENTION_SELECTED"", ""RELATION_CREATED"", ""MENTION_SELECTED"", ""MENTION_SELECTED"", ""RELATION_CREATED"", ""MENTION_SELECTED"", ""MENTION_SELECTED"", ""RELATION_CREATED"", ""MENTION_SELECTED"", ""MENTION_SELECTED"", ""RELATION_CREATED"", ""MENTION_SELECTED"", ""MENTION_SELECTED"", ""RELATION_CREATED""]",MENTION_SELECTED,train,llm_synthetic_expanded,0.95
llm_synth_expanded_884,synthetic,22,12,13,"[""PROCESS_START"", ""MENTION_SELECTED"", ""RELATION_CREATED"", ""MENTION_SELECTED"", ""MENTION_SELECTED"", ""RELATION_CREATED"", ""MENTION_SELECTED"", ""MENTION_SELECTED"", ""RELATION_CREATED"", ""MENTION_SELECTED"", ""MENTION_DESELECTED"", ""MENTION_SELECTED"", ""MENTION_DESELECTED""]",MENTION_SELECTED,train,llm_synthetic_expanded,0.9230769230769231
llm_synth_expanded_279,synthetic,33,2,3,"[""PROCESS_START"", ""ENTITY_GROUPED"", ""MENTION_SELECTED""]",MENTION_SELECTED,train,llm_synthetic_expanded,0.6666666666666666
llm_synth_expanded_704,synthetic,41,15,16,"[""MENTION_SELECTED"", ""MENTION_SELECTED"", ""ENTITY_GROUPED"", ""STEP_RELATION_SUGGESTION"", ""STEP_RELATIONS"", ""MENTION_SELECTED"", ""MENTION_SELECTED"", ""RELATION_CREATED"", ""MENTION_SELECTED"", ""MENTION_DESELECTED"", ""MENTION_SELECTED"", ""MENTION_SELECTED"", ""RELATION_CREATED"", ""MENTION_SELECTED"", ""MENTION_SELECTED"", ""RELATION_CREATED""]",MENTION_SELECTED,train,llm_synthetic_expanded,1.0
llm_synth_expanded_749,synthetic,22,2,3,"[""PROCESS_START"", ""MENTION_SELECTED"", ""MENTION_DESELECTED""]",MENTION_SELECTED,train,llm_synthetic_expanded,0.6666666666666666
llm_synth_expanded_210,synthetic,41,7,8,"[""PROCESS_START"", ""MENTION_SELECTED"", ""MENTION_SELECTED"", ""RELATION_CREATED"", ""MENTION_SELECTED"", ""MENTION_SELECTED"", ""RELATION_CREATED"", ""MENTION_SELECTED""]",MENTION_SELECTED,train,llm_synthetic_expanded,0.875
llm_synth_expanded_872,synthetic,23,1,2,"[""PROCESS_START"", ""TOKEN_SELECTED""]",MENTION_SELECTED,train,llm_synthetic_expanded,0.5
llm_synth_expanded_514,synthetic,11,13,14,"[""MENTION_SELECTED"", ""MENTION_SELECTED"", ""RELATION_CREATED"", ""MENTION_SELECTED"", ""MENTION_SELECTED"", ""RELATION_CREATED"", ""MENTION_SELECTED"", ""MENTION_DESELECTED"", ""MENTION_SELECTED"", ""MENTION_SELECTED"", ""RELATION_CREATED"", ""MENTION_SELECTED"", ""MENTION_SELECTED"", ""RELATION_CREATED""]",MENTION_SELECTED,train,llm_synthetic_expanded,1.0
llm_synth_expanded_208,synthetic,41,13,14,"[""PROCESS_START"", ""TOKEN_SELECTED"", ""TOKEN_SELECTED"", ""MENTION_CREATED"", ""STEP_ENTITIES"", ""MENTION_SELECTED"", ""MENTION_SELECTED"", ""ENTITY_GROUPED"", ""MENTION_SELECTED"", ""MENTION_SELECTED"", ""ENTITY_GROUPED"", ""STEP_RELATION_SUGGESTION"", ""STEP_RELATIONS"", ""MENTION_SELECTED""]",MENTION_SELECTED,train,llm_synthetic_expanded,0.9285714285714286
llm_synth_expanded_334,synthetic,11,8,9,"[""RELATION_CREATED"", ""MENTION_SELECTED"", ""MENTION_DESELECTED"", ""MENTION_SELECTED"", ""MENTION_SELECTED"", ""RELATION_CREATED"", ""MENTION_SELECTED"", ""MENTION_SELECTED"", ""RELATION_CREATED""]",MENTION_SELECTED,train,llm_synthetic_expanded,1.0
llm_synth_expanded_1010,synthetic,13,3,4,"[""MENTION_SELECTED"", ""MENTION_SELECTED"", ""ENTITY_GROUPED"", ""MENTION_DESELECTED""]",MENTION_SELECTED,train,llm_synthetic_expanded,1.0
llm_synth_expanded_123,synthetic,41,3,4,"[""PROCESS_START"", ""MENTION_SELECTED"", ""RELATION_CREATED"", ""MENTION_SELECTED""]",MENTION_SELECTED,train,llm_synthetic_expanded,0.75
llm_synth_expanded_721,synthetic,11,8,9,"[""PROCESS_START"", ""MENTION_SELECTED"", ""MENTION_SELECTED"", ""MENTION_SELECTED"", ""RELATION_CREATED"", ""MENTION_SELECTED"", ""MENTION_SELECTED"", ""RELATION_CREATED"", ""MENTION_SELECTED""]",MENTION_SELECTED,train,llm_synthetic_expanded,0.8888888888888888
llm_synth_expanded_658,synthetic,23,13,14,"[""PROCESS_START"", ""MENTION_DELETED"", ""TOKEN_SELECTED"", ""TOKEN_SELECTED"", ""TOKEN_SELECTED"", ""TOKEN_DESELECTED"", ""TOKEN_DESELECTED"", ""TOKEN_DESELECTED"", ""TOKEN_SELECTED"", ""MENTION_CREATED"", ""STEP_ENTITIES"", ""MENTION_SELECTED"", ""MENTION_SELECTED"", ""ENTITY_GROUPED""]",MENTION_SELECTED,train,llm_synthetic_expanded,0.9285714285714286
llm_synth_expanded_126,synthetic,41,15,16,"[""PROCESS_START"", ""TOKEN_SELECTED"", ""MENTION_SELECTED"", ""RELATION_CREATED"", ""MENTION_SELECTED"", ""MENTION_SELECTED"", ""RELATION_CREATED"", ""MENTION_SELECTED"", ""MENTION_SELECTED"", ""RELATION_CREATED"", ""MENTION_SELECTED"", ""MENTION_SELECTED"", ""RELATION_CREATED"", ""MENTION_SELECTED"", ""MENTION_SELECTED"", ""RELATION_CREATED""]",MENTION_SELECTED,train,llm_synthetic_expanded,0.9375
llm_synth_expanded_152,synthetic,22,11,12,"[""PROCESS_START"", ""MENTION_CREATED"", ""MENTION_SELECTED"", ""MENTION_DESELECTED"", ""MENTION_SELECTED"", ""MENTION_DESELECTED"", ""MENTION_SELECTED"", ""MENTION_DESELECTED"", ""MENTION_SELECTED"", ""MENTION_DESELECTED"", ""MENTION_SELECTED"", ""MENTION_DESELECTED""]",MENTION_SELECTED,train,llm_synthetic_expanded,0.9166666666666666
llm_synth_expanded_720,synthetic,41,7,8,"[""PROCESS_START"", ""MENTION_SELECTED"", ""MENTION_SELECTED"", ""ENTITY_GROUPED"", ""MENTION_SELECTED"", ""MENTION_SELECTED"", ""MENTION_SUGGESTION_ACCEPTED"", ""MENTION_SELECTED""]",MENTION_SELECTED,train,llm_synthetic_expanded,0.75
llm_synth_expanded_125,synthetic,41,12,13,"[""PROCESS_START"", ""TOKEN_SELECTED"", ""MENTION_SELECTED"", ""RELATION_CREATED"", ""MENTION_SELECTED"", ""MENTION_DESELECTED"", ""TOKEN_SELECTED"", ""TOKEN_SELECTED"", ""TOKEN_DESELECTED"", ""TOKEN_DESELECTED"", ""TOKEN_SELECTED"", ""MENTION_CREATED"", ""MENTION_SELECTED""]",MENTION_SELECTED,train,llm_synthetic_expanded,0.9230769230769231
llm_synth_expanded_659,synthetic,23,5,6,"[""PROCESS_START"", ""STEP_RELATION_SUGGESTION"", ""STEP_RELATIONS"", ""MENTION_SELECTED"", ""MENTION_SELECTED"", ""RELATION_CREATED""]",MENTION_SELECTED,train,llm_synthetic_expanded,0.8333333333333334
llm_synth_expanded_125,synthetic,41,1,2,"[""PROCESS_START"", ""TOKEN_SELECTED""]",MENTION_SELECTED,train,llm_synthetic_expanded,0.5
llm_synth_expanded_701,synthetic,41,3,4,"[""RELATION_CREATED"", ""MENTION_SELECTED"", ""MENTION_SELECTED"", ""RELATION_CREATED""]",MENTION_SELECTED,train,llm_synthetic_expanded,1.0
llm_synth_expanded_869,synthetic,23,2,3,"[""PROCESS_START"", ""MENTION_CREATED"", ""MENTION_SELECTED""]",MENTION_SELECTED,train,llm_synthetic_expanded,0.6666666666666666
llm_synth_expanded_1045,synthetic,11,18,19,"[""TOKEN_SELECTED"", ""MENTION_CREATED"", ""TOKEN_SELECTED"", ""MENTION_CREATED"", ""TOKEN_SELECTED"", ""TOKEN_SELECTED"", ""TOKEN_SELECTED"", ""MENTION_CREATED"", ""TOKEN_SELECTED"", ""TOKEN_SELECTED"", ""TOKEN_SELECTED"", ""MENTION_CREATED"", ""TOKEN_SELECTED"", ""MENTION_CREATED"", ""MENTION_SELECTED"", ""MENTION_SELECTED"", ""ENTITY_GROUPED"", ""MENTION_SELECTED"", ""MENTION_SELECTED""]",MENTION_SELECTED,train,llm_synthetic_expanded,1.0
llm_synth_expanded_742,synthetic,23,17,18,"[""PROCESS_START"", ""TOKEN_SELECTED"", ""TOKEN_SELECTED"", ""MENTION_CREATED"", ""TOKEN_SELECTED"", ""TOKEN_SELECTED"", ""MENTION_CREATED"", ""TOKEN_SELECTED"", ""TOKEN_SELECTED"", ""MENTION_CREATED"", ""TOKEN_SELECTED"", ""TOKEN_SELECTED"", ""MENTION_CREATED"", ""STEP_ENTITIES"", ""MENTION_SELECTED"", ""MENTION_SELECTED"", ""ENTITY_GROUPED"", ""MENTION_SELECTED""]",MENTION_SELECTED,train,llm_synthetic_expanded,0.9444444444444444
llm_synth_expanded_1013,synthetic,13,17,18,"[""MENTION_SELECTED"", ""MENTION_SELECTED"", ""MENTION_DESELECTED"", ""MENTION_SELECTED"", ""MENTION_SELECTED"", ""ENTITY_GROUPED"", ""MENTION_DESELECTED"", ""MENTION_DESELECTED"", ""MENTION_DESELECTED"", ""ENTITY_GROUPED"", ""MENTION_DESELECTED"", ""MENTION_DESELECTED"", ""STEP_RELATION_SUGGESTION"", ""STEP_RELATIONS"", ""MENTION_SELECTED"", ""MENTION_SELECTED"", ""RELATION_CREATED"", ""MENTION_SELECTED""]",MENTION_SELECTED,train,llm_synthetic_expanded,1.0
llm_synth_expanded_7,synthetic,43,2,3,"[""PROCESS_START"", ""ENTITY_GROUPED"", ""MENTION_SELECTED""]",MENTION_SELECTED,train,llm_synthetic_expanded,0.6666666666666666
llm_synth_expanded_57,synthetic,42,3,4,"[""STEP_ENTITIES"", ""MENTION_SELECTED"", ""MENTION_SELECTED"", ""ENTITY_GROUPED""]",MENTION_SELECTED,train,llm_synthetic_expanded,1.0
llm_synth_expanded_57,synthetic,42,1,2,"[""STEP_ENTITIES"", ""MENTION_SELECTED""]",MENTION_SELECTED,train,llm_synthetic_expanded,1.0
llm_synth_expanded_209,synthetic,41,6,7,"[""PROCESS_START"", ""ENTITY_GROUPED"", ""MENTION_SELECTED"", ""MENTION_SELECTED"", ""ENTITY_GROUPED"", ""STEP_RELATION_SUGGESTION"", ""STEP_RELATIONS""]",MENTION_SELECTED,train,llm_synthetic_expanded,0.8571428571428571
llm_synth_expanded_996,synthetic,11,10,11,"[""MENTION_SELECTED"", ""ENTITY_REMOVED"", ""MENTION_SELECTED"", ""MENTION_SELECTED"", ""RELATION_CREATED"", ""MENTION_SELECTED"", ""MENTION_SELECTED"", ""RELATION_CREATED"", ""MENTION_SELECTED"", ""MENTION_SELECTED"", ""RELATION_CREATED""]",MENTION_SELECTED,train,llm_synthetic_expanded,0.9090909090909091
llm_synth_expanded_879,synthetic,17,7,8,"[""PROCESS_START"", ""STEP_RELATION_SUGGESTION"", ""STEP_RELATIONS"", ""MENTION_SELECTED"", ""MENTION_SUGGESTION_BOUNDS_UPDATED"", ""MENTION_SELECTED"", ""MENTION_SELECTED"", ""RELATION_CREATED""]",MENTION_SELECTED,train,llm_synthetic_expanded,0.875
llm_synth_expanded_880,synthetic,18,13,14,"[""PROCESS_START"", ""STEP_RELATION_SUGGESTION"", ""STEP_RELATIONS"", ""MENTION_SELECTED"", ""MENTION_SUGGESTION_BOUNDS_UPDATED"", ""MENTION_SELECTED"", ""MENTION_SELECTED"", ""RELATION_CREATED"", ""MENTION_SELECTED"", ""MENTION_SELECTED"", ""RELATION_CREATED"", ""MENTION_SELECTED"", ""MENTION_SELECTED"", ""RELATION_CREATED""]",MENTION_SELECTED,train,llm_synthetic_expanded,0.9285714285714286
llm_synth_expanded_210,synthetic,41,12,13,"[""PROCESS_START"", ""MENTION_SELECTED"", ""MENTION_SELECTED"", ""RELATION_CREATED"", ""MENTION_SELECTED"", ""MENTION_SELECTED"", ""RELATION_CREATED"", ""MENTION_SELECTED"", ""MENTION_SELECTED"", ""RELATION_CREATED"", ""MENTION_SELECTED"", ""MENTION_SUGGESTION_BOUNDS_UPDATED"", ""MENTION_SUGGESTION_BOUNDS_UPDATED""]",MENTION_SELECTED,train,llm_synthetic_expanded,0.9230769230769231
llm_synth_expanded_903,synthetic,41,9,10,"[""MENTION_SELECTED"", ""MENTION_SELECTED"", ""RELATION_CREATED"", ""MENTION_SELECTED"", ""MENTION_SELECTED"", ""RELATION_CREATED"", ""RELATION_DELETED"", ""MENTION_SELECTED"", ""MENTION_SELECTED"", ""RELATION_CREATED""]",MENTION_SELECTED,train,llm_synthetic_expanded,1.0
llm_synth_expanded_868,synthetic,43,16,17,"[""MENTION_SELECTED"", ""MENTION_SELECTED"", ""MENTION_DESELECTED"", ""MENTION_DESELECTED"", ""MENTION_SELECTED"", ""MENTION_SELECTED"", ""RELATION_CREATED"", ""MENTION_SELECTED"", ""MENTION_SELECTED"", ""MENTION_DESELECTED"", ""MENTION_DESELECTED"", ""MENTION_SELECTED"", ""MENTION_SELECTED"", ""RELATION_CREATED"", ""MENTION_SELECTED"", ""MENTION_SELECTED"", ""RELATION_CREATED""]",MENTION_SELECTED,train,llm_synthetic_expanded,1.0
llm_synth_expanded_210,synthetic,41,9,10,"[""PROCESS_START"", ""MENTION_SELECTED"", ""MENTION_SELECTED"", ""RELATION_CREATED"", ""MENTION_SELECTED"", ""MENTION_SELECTED"", ""RELATION_CREATED"", ""MENTION_SELECTED"", ""MENTION_SELECTED"", ""RELATION_CREATED""]",MENTION_SELECTED,train,llm_synthetic_expanded,0.9
llm_synth_expanded_874,synthetic,11,6,7,"[""PROCESS_START"", ""STEP_RELATION_SUGGESTION"", ""STEP_RELATIONS"", ""MENTION_SELECTED"", ""MENTION_SELECTED"", ""RELATION_CREATED"", ""MENTION_SELECTED""]",MENTION_SELECTED,train,llm_synthetic_expanded,0.8571428571428571
llm_synth_expanded_874,synthetic,11,17,18,"[""PROCESS_START"", ""STEP_RELATION_SUGGESTION"", ""STEP_RELATIONS"", ""MENTION_SELECTED"", ""MENTION_SELECTED"", ""RELATION_CREATED"", ""MENTION_SELECTED"", ""MENTION_SELECTED"", ""RELATION_CREATED"", ""MENTION_SELECTED"", ""MENTION_SELECTED"", ""RELATION_CREATED"", ""MENTION_SELECTED"", ""MENTION_SELECTED"", ""RELATION_CREATED"", ""MENTION_SELECTED"", ""MENTION_SELECTED"", ""RELATION_CREATED""]",MENTION_SELECTED,train,llm_synthetic_expanded,0.9444444444444444
llm_synth_expanded_335,synthetic,11,2,3,"[""MENTION_SELECTED"", ""MENTION_DESELECTED"", ""MENTION_SELECTED""]",MENTION_SELECTED,train,llm_synthetic_expanded,1.0
llm_synth_expanded_514,synthetic,11,8,9,"[""MENTION_SELECTED"", ""MENTION_SELECTED"", ""RELATION_CREATED"", ""MENTION_SELECTED"", ""MENTION_SELECTED"", ""RELATION_CREATED"", ""MENTION_SELECTED"", ""MENTION_DESELECTED"", ""MENTION_SELECTED""]",MENTION_SELECTED,train,llm_synthetic_expanded,1.0
llm_synth_expanded_1237,synthetic,43,1,2,"[""PROCESS_START"", ""MENTION_SELECTED""]",MENTION_SELECTED,train,llm_synthetic_expanded,0.5
llm_synth_expanded_29,synthetic,33,3,4,"[""MENTION_SELECTED"", ""MENTION_SELECTED"", ""ENTITY_GROUPED"", ""MENTION_DESELECTED""]",MENTION_SELECTED,train,llm_synthetic_expanded,1.0
llm_synth_expanded_838,synthetic,23,7,8,"[""STEP_RELATIONS"", ""MENTION_SELECTED"", ""MENTION_SELECTED"", ""RELATION_CREATED"", ""RELATION_DELETED"", ""MENTION_SELECTED"", ""MENTION_SELECTED"", ""RELATION_CREATED""]",MENTION_SELECTED,train,llm_synthetic_expanded,1.0
llm_synth_expanded_335,synthetic,11,1,2,"[""MENTION_SELECTED"", ""MENTION_DESELECTED""]",MENTION_SELECTED,train,llm_synthetic_expanded,1.0
llm_synth_expanded_868,synthetic,43,17,18,"[""MENTION_SELECTED"", ""MENTION_SELECTED"", ""MENTION_DESELECTED"", ""MENTION_DESELECTED"", ""MENTION_SELECTED"", ""MENTION_SELECTED"", ""RELATION_CREATED"", ""MENTION_SELECTED"", ""MENTION_SELECTED"", ""MENTION_DESELECTED"", ""MENTION_DESELECTED"", ""MENTION_SELECTED"", ""MENTION_SELECTED"", ""RELATION_CREATED"", ""MENTION_SELECTED"", ""MENTION_SELECTED"", ""RELATION_CREATED"", ""MENTION_SELECTED""]",MENTION_SELECTED,train,llm_synthetic_expanded,1.0
llm_synth_expanded_654,synthetic,23,3,4,"[""PROCESS_START"", ""ENTITY_GROUPED"", ""STEP_RELATION_SUGGESTION"", ""STEP_RELATIONS""]",MENTION_SELECTED,train,llm_synthetic_expanded,0.75
llm_synth_expanded_483,synthetic,44,11,12,"[""PROCESS_START"", ""MENTION_SELECTED"", ""MENTION_SELECTED"", ""ENTITY_GROUPED"", ""STEP_RELATION_SUGGESTION"", ""RELATION_SUGGESTION_REJECTED"", ""RELATION_SUGGESTION_REJECTED"", ""RELATION_SUGGESTION_ACCEPTED"", ""RELATION_SUGGESTION_ACCEPTED"", ""STEP_RELATIONS"", ""MENTION_SELECTED"", ""MENTION_DELETED""]",MENTION_SELECTED,train,llm_synthetic_expanded,0.9166666666666666
llm_synth_expanded_879,synthetic,17,10,11,"[""PROCESS_START"", ""STEP_RELATION_SUGGESTION"", ""STEP_RELATIONS"", ""MENTION_SELECTED"", ""MENTION_SUGGESTION_BOUNDS_UPDATED"", ""MENTION_SELECTED"", ""MENTION_SELECTED"", ""RELATION_CREATED"", ""MENTION_SELECTED"", ""MENTION_SELECTED"", ""RELATION_CREATED""]",MENTION_SELECTED,train,llm_synthetic_expanded,0.9090909090909091
llm_synth_expanded_659,synthetic,23,14,15,"[""PROCESS_START"", ""STEP_RELATION_SUGGESTION"", ""STEP_RELATIONS"", ""MENTION_SELECTED"", ""MENTION_SELECTED"", ""RELATION_CREATED"", ""MENTION_SELECTED"", ""MENTION_SELECTED"", ""RELATION_CREATED"", ""MENTION_SELECTED"", ""MENTION_SELECTED"", ""RELATION_CREATED"", ""MENTION_SELECTED"", ""MENTION_SELECTED"", ""RELATION_CREATED""]",MENTION_SELECTED,train,llm_synthetic_expanded,0.9333333333333333
llm_synth_expanded_547,synthetic,26,6,7,"[""TOKEN_SELECTED"", ""MENTION_CREATED"", ""STEP_ENTITIES"", ""MENTION_SELECTED"", ""MENTION_SELECTED"", ""ENTITY_GROUPED"", ""MENTION_SELECTED""]",MENTION_SELECTED,train,llm_synthetic_expanded,1.0
llm_synth_expanded_513,synthetic,11,4,5,"[""STEP_RELATION_SUGGESTION"", ""STEP_RELATIONS"", ""MENTION_SELECTED"", ""MENTION_SELECTED"", ""RELATION_CREATED""]",MENTION_SELECTED,train,llm_synthetic_expanded,1.0
llm_synth_expanded_873,synthetic,23,2,3,"[""PROCESS_START"", ""STEP_ENTITIES"", ""MENTION_SELECTED""]",MENTION_SELECTED,train,llm_synthetic_expanded,0.6666666666666666
llm_synth_expanded_5,synthetic,43,2,3,"[""PROCESS_START"", ""STEP_METION"", ""MENTION_SELECTED""]",MENTION_SELECTED,train,llm_synthetic_expanded,0.6666666666666666
llm_synth_expanded_334,synthetic,11,9,10,"[""RELATION_CREATED"", ""MENTION_SELECTED"", ""MENTION_DESELECTED"", ""MENTION_SELECTED"", ""MENTION_SELECTED"", ""RELATION_CREATED"", ""MENTION_SELECTED"", ""MENTION_SELECTED"", ""RELATION_CREATED"", ""MENTION_SELECTED""]",MENTION_SELECTED,train,llm_synthetic_expanded,1.0
llm_synth_expanded_38,synthetic,12,7,8,"[""PROCESS_START"", ""MENTION_CREATED"", ""TOKEN_SELECTED"", ""MENTION_CREATED"", ""TOKEN_SELECTED"", ""MENTION_CREATED"", ""TOKEN_SELECTED"", ""MENTION_SELECTED""]",MENTION_SELECTED,train,llm_synthetic_expanded,0.875
llm_synth_expanded_293,synthetic,34,2,3,"[""PROCESS_START"", ""MENTION_CREATED"", ""MENTION_SELECTED""]",MENTION_SELECTED,train,llm_synthetic_expanded,0.6666666666666666
llm_synth_expanded_872,synthetic,23,2,3,"[""PROCESS_START"", ""TOKEN_SELECTED"", ""MENTION_SELECTED""]",MENTION_SELECTED,train,llm_synthetic_expanded,0.6666666666666666
llm_synth_expanded_930,synthetic,41,1,2,"[""PROCESS_START"", ""STEP_MENTION_SUGGESTION""]",MENTION_SELECTED,train,llm_synthetic_expanded,0.5
llm_synth_expanded_1218,synthetic,34,7,8,"[""PROCESS_START"", ""MENTION_SUGGESTION_BOUNDS_UPDATED"", ""MENTION_SELECTED"", ""MENTION_SELECTED"", ""TOKEN_DESELECTED"", ""MENTION_SELECTED"", ""MENTION_SELECTED"", ""MENTION_DESELECTED""]",MENTION_SELECTED,train,llm_synthetic_expanded,0.75
llm_synth_expanded_874,synthetic,11,2,3,"[""PROCESS_START"", ""STEP_RELATION_SUGGESTION"", ""STEP_RELATIONS""]",MENTION_SELECTED,train,llm_synthetic_expanded,0.6666666666666666
llm_synth_expanded_903,synthetic,41,10,11,"[""MENTION_SELECTED"", ""MENTION_SELECTED"", ""RELATION_CREATED"", ""MENTION_SELECTED"", ""MENTION_SELECTED"", ""RELATION_CREATED"", ""RELATION_DELETED"", ""MENTION_SELECTED"", ""MENTION_SELECTED"", ""RELATION_CREATED"", ""MENTION_SELECTED""]",MENTION_SELECTED,train,llm_synthetic_expanded,1.0
llm_synth_expanded_245,synthetic,23,2,3,"[""PROCESS_START"", ""MENTION_SELECTED"", ""MENTION_DESELECTED""]",MENTION_SELECTED,train,llm_synthetic_expanded,0.6666666666666666
llm_synth_expanded_841,synthetic,23,4,5,"[""MENTION_SELECTED"", ""MENTION_DESELECTED"", ""MENTION_SELECTED"", ""MENTION_SELECTED"", ""RELATION_CREATED""]",MENTION_SELECTED,train,llm_synthetic_expanded,1.0
llm_synth_expanded_125,synthetic,41,14,15,"[""PROCESS_START"", ""TOKEN_SELECTED"", ""MENTION_SELECTED"", ""RELATION_CREATED"", ""MENTION_SELECTED"", ""MENTION_DESELECTED"", ""TOKEN_SELECTED"", ""TOKEN_SELECTED"", ""TOKEN_DESELECTED"", ""TOKEN_DESELECTED"", ""TOKEN_SELECTED"", ""MENTION_CREATED"", ""MENTION_SELECTED"", ""MENTION_SELECTED"", ""ENTITY_GROUPED""]",MENTION_SELECTED,train,llm_synthetic_expanded,0.9333333333333333
llm_synth_expanded_654,synthetic,23,18,19,"[""PROCESS_START"", ""ENTITY_GROUPED"", ""STEP_RELATION_SUGGESTION"", ""STEP_RELATIONS"", ""MENTION_SELECTED"", ""MENTION_SELECTED"", ""RELATION_CREATED"", ""MENTION_SELECTED"", ""MENTION_SELECTED"", ""RELATION_CREATED"", ""MENTION_SELECTED"", ""MENTION_SELECTED"", ""RELATION_CREATED"", ""RELATION_DELETED"", ""RELATION_DELETED"", ""MENTION_SELECTED"", ""MENTION_SELECTED"", ""RELATION_CREATED"", ""MENTION_SELECTED""]",MENTION_SELECTED,train,llm_synthetic_expanded,0.9473684210526315
llm_synth_expanded_514,synthetic,11,11,12,"[""MENTION_SELECTED"", ""MENTION_SELECTED"", ""RELATION_CREATED"", ""MENTION_SELECTED"", ""MENTION_SELECTED"", ""RELATION_CREATED"", ""MENTION_SELECTED"", ""MENTION_DESELECTED"", ""MENTION_SELECTED"", ""MENTION_SELECTED"", ""RELATION_CREATED"", ""MENTION_SELECTED""]",MENTION_SELECTED,train,llm_synthetic_expanded,1.0
llm_synth_expanded_837,synthetic,23,9,10,"[""MENTION_SELECTED"", ""ENTITY_GROUPED"", ""MENTION_SELECTED"", ""MENTION_SELECTED"", ""ENTITY_GROUPED"", ""TOKEN_SELECTED"", ""MENTION_CREATED"", ""STEP_RELATION_SUGGESTION"", ""STEP_RELATIONS"", ""MENTION_SELECTED""]",MENTION_SELECTED,train,llm_synthetic_expanded,1.0
llm_synth_expanded_352,synthetic,34,3,4,"[""STEP_ENTITIES"", ""STEP_RELATION_SUGGESTION"", ""RELATION_SUGGESTION_ACCEPTED"", ""STEP_RELATIONS""]",MENTION_SELECTED,train,llm_synthetic_expanded,1.0
llm_synth_expanded_211,synthetic,41,14,15,"[""PROCESS_START"", ""ENTITY_GROUPED"", ""MENTION_SELECTED"", ""MENTION_SELECTED"", ""ENTITY_GROUPED"", ""MENTION_SELECTED"", ""ENTITY_GROUPED"", ""STEP_RELATION_SUGGESTION"", ""STEP_RELATIONS"", ""MENTION_SELECTED"", ""MENTION_SELECTED"", ""MENTION_DESELECTED"", ""MENTION_DESELECTED"", ""MENTION_SELECTED"", ""MENTION_DESELECTED""]",MENTION_SELECTED,train,llm_synthetic_expanded,0.9333333333333333
llm_synth_expanded_881,synthetic,19,17,18,"[""PROCESS_START"", ""STEP_RELATION_SUGGESTION"", ""STEP_RELATIONS"", ""MENTION_SELECTED"", ""MENTION_SUGGESTION_BOUNDS_UPDATED"", ""MENTION_SELECTED"", ""MENTION_SELECTED"", ""RELATION_CREATED"", ""MENTION_SELECTED"", ""MENTION_SELECTED"", ""RELATION_CREATED"", ""MENTION_SELECTED"", ""MENTION_SELECTED"", ""RELATION_CREATED"", ""MENTION_SELECTED"", ""MENTION_SELECTED"", ""RELATION_CREATED"", ""MENTION_SELECTED""]",MENTION_SELECTED,train,llm_synthetic_expanded,0.9444444444444444
llm_synth_expanded_654,synthetic,23,10,11,"[""PROCESS_START"", ""ENTITY_GROUPED"", ""STEP_RELATION_SUGGESTION"", ""STEP_RELATIONS"", ""MENTION_SELECTED"", ""MENTION_SELECTED"", ""RELATION_CREATED"", ""MENTION_SELECTED"", ""MENTION_SELECTED"", ""RELATION_CREATED"", ""MENTION_SELECTED""]",MENTION_SELECTED,train,llm_synthetic_expanded,0.9090909090909091
llm_synth_expanded_207,synthetic,41,11,12,"[""PROCESS_START"", ""RELATION_CREATED"", ""MENTION_SELECTED"", ""MENTION_SELECTED"", ""RELATION_CREATED"", ""MENTION_SELECTED"", ""MENTION_SELECTED"", ""RELATION_CREATED"", ""MENTION_SELECTED"", ""MENTION_SELECTED"", ""RELATION_CREATED"", ""MENTION_SELECTED""]",MENTION_SELECTED,train,llm_synthetic_expanded,0.9166666666666666
llm_synth_expanded_123,synthetic,41,5,6,"[""PROCESS_START"", ""MENTION_SELECTED"", ""RELATION_CREATED"", ""MENTION_SELECTED"", ""MENTION_SELECTED"", ""RELATION_CREATED""]",MENTION_SELECTED,train,llm_synthetic_expanded,0.8333333333333334
llm_synth_expanded_705,synthetic,41,11,12,"[""MENTION_SELECTED"", ""MENTION_SELECTED"", ""ENTITY_GROUPED"", ""STEP_RELATION_SUGGESTION"", ""STEP_RELATIONS"", ""MENTION_SELECTED"", ""MENTION_SELECTED"", ""RELATION_CREATED"", ""MENTION_SELECTED"", ""MENTION_SELECTED"", ""RELATION_CREATED"", ""MENTION_SELECTED""]",MENTION_SELECTED,train,llm_synthetic_expanded,1.0
llm_synth_expanded_339,synthetic,44,10,11,"[""PROCESS_START"", ""TOKEN_SELECTED"", ""TOKEN_SELECTED"", ""TOKEN_SELECTED"", ""MENTION_CREATED"", ""STEP_ENTITIES"", ""MENTION_SELECTED"", ""MENTION_SELECTED"", ""MENTION_SELECTED"", ""ENTITY_GROUPED"", ""MENTION_SELECTED""]",MENTION_SELECTED,train,llm_synthetic_expanded,0.9090909090909091
llm_synth_expanded_122,synthetic,41,13,14,"[""PROCESS_START"", ""MENTION_SELECTED"", ""RELATION_CREATED"", ""MENTION_SELECTED"", ""MENTION_DESELECTED"", ""TOKEN_SELECTED"", ""TOKEN_SELECTED"", ""TOKEN_DESELECTED"", ""TOKEN_DESELECTED"", ""TOKEN_SELECTED"", ""MENTION_CREATED"", ""MENTION_SELECTED"", ""MENTION_SELECTED"", ""RELATION_CREATED""]",MENTION_SELECTED,train,llm_synthetic_expanded,0.9285714285714286
llm_synth_expanded_879,synthetic,17,16,17,"[""PROCESS_START"", ""STEP_RELATION_SUGGESTION"", ""STEP_RELATIONS"", ""MENTION_SELECTED"", ""MENTION_SUGGESTION_BOUNDS_UPDATED"", ""MENTION_SELECTED"", ""MENTION_SELECTED"", ""RELATION_CREATED"", ""MENTION_SELECTED"", ""MENTION_SELECTED"", ""RELATION_CREATED"", ""MENTION_SELECTED"", ""MENTION_SELECTED"", ""RELATION_CREATED"", ""MENTION_SELECTED"", ""MENTION_SELECTED"", ""RELATION_CREATED""]",MENTION_SELECTED,train,llm_synthetic_expanded,0.9411764705882353
llm_synth_expanded_227,synthetic,44,1,2,"[""PROCESS_START"", ""MENTION_SELECTED""]",MENTION_SELECTED,train,llm_synthetic_expanded,0.5
llm_synth_expanded_338,synthetic,44,11,12,"[""PROCESS_START"", ""MENTION_CREATED"", ""TOKEN_SELECTED"", ""MENTION_CREATED"", ""TOKEN_SELECTED"", ""TOKEN_SELECTED"", ""MENTION_CREATED"", ""STEP_ENTITIES"", ""MENTION_SELECTED"", ""MENTION_SELECTED"", ""MENTION_SELECTED"", ""ENTITY_GROUPED""]",MENTION_SELECTED,train,llm_synthetic_expanded,0.9166666666666666
llm_synth_expanded_327,synthetic,24,7,8,"[""RELATION_CREATED"", ""MENTION_SELECTED"", ""MENTION_SELECTED"", ""RELATION_CREATED"", ""MENTION_SELECTED"", ""MENTION_SELECTED"", ""RELATION_CREATED"", ""MENTION_SELECTED""]",MENTION_SELECTED,train,llm_synthetic_expanded,1.0
llm_synth_expanded_124,synthetic,41,19,20,"[""PROCESS_START"", ""TOKEN_SELECTED"", ""TOKEN_SELECTED"", ""TOKEN_SELECTED"", ""MENTION_CREATED"", ""TOKEN_SELECTED"", ""MENTION_CREATED"", ""TOKEN_SELECTED"", ""MENTION_CREATED"", ""TOKEN_SELECTED"", ""MENTION_CREATED"", ""TOKEN_SELECTED"", ""MENTION_CREATED"", ""TOKEN_SELECTED"", ""MENTION_CREATED"", ""TOKEN_SELECTED"", ""MENTION_SELECTED"", ""MENTION_SUGGESTION_BOUNDS_UPDATED"", ""STEP_ENTITIES"", ""MENTION_SELECTED""]",MENTION_SELECTED,train,llm_synthetic_expanded,0.95
llm_synth_expanded_904,synthetic,41,7,8,"[""MENTION_DESELECTED"", ""MENTION_SELECTED"", ""MENTION_SELECTED"", ""RELATION_CREATED"", ""MENTION_SELECTED"", ""MENTION_SELECTED"", ""RELATION_CREATED"", ""MENTION_SELECTED""]",MENTION_SELECTED,train,llm_synthetic_expanded,1.0
llm_synth_expanded_152,synthetic,22,17,18,"[""PROCESS_START"", ""MENTION_CREATED"", ""MENTION_SELECTED"", ""MENTION_DESELECTED"", ""MENTION_SELECTED"", ""MENTION_DESELECTED"", ""MENTION_SELECTED"", ""MENTION_DESELECTED"", ""MENTION_SELECTED"", ""MENTION_DESELECTED"", ""MENTION_SELECTED"", ""MENTION_DESELECTED"", ""MENTION_SELECTED"", ""MENTION_DESELECTED"", ""MENTION_SELECTED"", ""MENTION_DESELECTED"", ""MENTION_SELECTED"", ""MENTION_DESELECTED""]",MENTION_SELECTED,train,llm_synthetic_expanded,0.9444444444444444
llm_synth_expanded_164,synthetic,33,1,2,"[""PROCESS_START"", ""MENTION_SELECTED""]",MENTION_SELECTED,train,llm_synthetic_expanded,0.5
llm_synth_expanded_884,synthetic,22,8,9,"[""PROCESS_START"", ""MENTION_SELECTED"", ""RELATION_CREATED"", ""MENTION_SELECTED"", ""MENTION_SELECTED"", ""RELATION_CREATED"", ""MENTION_SELECTED"", ""MENTION_SELECTED"", ""RELATION_CREATED""]",MENTION_SELECTED,train,llm_synthetic_expanded,0.8888888888888888
llm_synth_expanded_385,synthetic,11,3,4,"[""PROCESS_START"", ""MENTION_CREATED"", ""MENTION_SELECTED"", ""MENTION_DELETED""]",MENTION_SELECTED,train,llm_synthetic_expanded,0.75
llm_synth_expanded_327,synthetic,24,10,11,"[""RELATION_CREATED"", ""MENTION_SELECTED"", ""MENTION_SELECTED"", ""RELATION_CREATED"", ""MENTION_SELECTED"", ""MENTION_SELECTED"", ""RELATION_CREATED"", ""MENTION_SELECTED"", ""MENTION_SELECTED"", ""RELATION_CREATED"", ""MENTION_SELECTED""]",MENTION_SELECTED,train,llm_synthetic_expanded,1.0
llm_synth_expanded_0,synthetic,43,1,2,"[""PROCESS_START"", ""STEP_ENTITIES""]",MENTION_SELECTED,train,llm_synthetic_expanded,0.5
llm_synth_expanded_1219,synthetic,34,6,7,"[""PROCESS_START"", ""ENTITY_GROUPED"", ""MENTION_SUGGESTION_REJECTED"", ""MENTION_SELECTED"", ""MENTION_SELECTED"", ""MENTION_DESELECTED"", ""MENTION_SELECTED""]",MENTION_SELECTED,train,llm_synthetic_expanded,0.5714285714285714
llm_synth_expanded_613,synthetic,21,3,4,"[""PROCESS_START"", ""MENTION_SELECTED"", ""MENTION_SELECTED"", ""MENTION_SELECTED""]",MENTION_SELECTED,train,llm_synthetic_expanded,0.75
llm_synth_expanded_996,synthetic,11,5,6,"[""MENTION_SELECTED"", ""ENTITY_REMOVED"", ""MENTION_SELECTED"", ""MENTION_SELECTED"", ""RELATION_CREATED"", ""MENTION_SELECTED""]",MENTION_SELECTED,train,llm_synthetic_expanded,0.8333333333333334
llm_synth_expanded_721,synthetic,11,1,2,"[""PROCESS_START"", ""MENTION_SELECTED""]",MENTION_SELECTED,train,llm_synthetic_expanded,0.5
llm_synth_expanded_339,synthetic,44,11,12,"[""PROCESS_START"", ""TOKEN_SELECTED"", ""TOKEN_SELECTED"", ""TOKEN_SELECTED"", ""MENTION_CREATED"", ""STEP_ENTITIES"", ""MENTION_SELECTED"", ""MENTION_SELECTED"", ""MENTION_SELECTED"", ""ENTITY_GROUPED"", ""MENTION_SELECTED"", ""MENTION_SELECTED""]",MENTION_SELECTED,train,llm_synthetic_expanded,0.9166666666666666
llm_synth_expanded_880,synthetic,18,4,5,"[""PROCESS_START"", ""STEP_RELATION_SUGGESTION"", ""STEP_RELATIONS"", ""MENTION_SELECTED"", ""MENTION_SUGGESTION_BOUNDS_UPDATED""]",MENTION_SELECTED,train,llm_synthetic_expanded,0.8
llm_synth_expanded_152,synthetic,22,15,16,"[""PROCESS_START"", ""MENTION_CREATED"", ""MENTION_SELECTED"", ""MENTION_DESELECTED"", ""MENTION_SELECTED"", ""MENTION_DESELECTED"", ""MENTION_SELECTED"", ""MENTION_DESELECTED"", ""MENTION_SELECTED"", ""MENTION_DESELECTED"", ""MENTION_SELECTED"", ""MENTION_DESELECTED"", ""MENTION_SELECTED"", ""MENTION_DESELECTED"", ""MENTION_SELECTED"", ""MENTION_DESELECTED""]",MENTION_SELECTED,train,llm_synthetic_expanded,0.9375
llm_synth_expanded_298,synthetic,34,1,2,"[""PROCESS_START"", ""TOKEN_SELECTED""]",MENTION_SELECTED,train,llm_synthetic_expanded,0.5
llm_synth_expanded_875,synthetic,13,10,11,"[""PROCESS_START"", ""STEP_RELATION_SUGGESTION"", ""STEP_RELATIONS"", ""MENTION_SELECTED"", ""MENTION_SUGGESTION_BOUNDS_UPDATED"", ""MENTION_SELECTED"", ""MENTION_SELECTED"", ""RELATION_CREATED"", ""MENTION_SELECTED"", ""MENTION_SELECTED"", ""RELATION_CREATED""]",MENTION_SELECTED,train,llm_synthetic_expanded,0.9090909090909091
llm_synth_expanded_881,synthetic,19,16,17,"[""PROCESS_START"", ""STEP_RELATION_SUGGESTION"", ""STEP_RELATIONS"", ""MENTION_SELECTED"", ""MENTION_SUGGESTION_BOUNDS_UPDATED"", ""MENTION_SELECTED"", ""MENTION_SELECTED"", ""RELATION_CREATED"", ""MENTION_SELECTED"", ""MENTION_SELECTED"", ""RELATION_CREATED"", ""MENTION_SELECTED"", ""MENTION_SELECTED"", ""RELATION_CREATED"", ""MENTION_SELECTED"", ""MENTION_SELECTED"", ""RELATION_CREATED""]",MENTION_SELECTED,train,llm_synthetic_expanded,0.9411764705882353
llm_synth_expanded_701,synthetic,41,9,10,"[""RELATION_CREATED"", ""MENTION_SELECTED"", ""MENTION_SELECTED"", ""RELATION_CREATED"", ""MENTION_SELECTED"", ""MENTION_SELECTED"", ""RELATION_CREATED"", ""MENTION_SELECTED"", ""MENTION_SELECTED"", ""RELATION_CREATED""]",MENTION_SELECTED,train,llm_synthetic_expanded,1.0
llm_synth_expanded_339,synthetic,44,6,7,"[""PROCESS_START"", ""TOKEN_SELECTED"", ""TOKEN_SELECTED"", ""TOKEN_SELECTED"", ""MENTION_CREATED"", ""STEP_ENTITIES"", ""MENTION_SELECTED""]",MENTION_SELECTED,train,llm_synthetic_expanded,0.8571428571428571
llm_synth_expanded_513,synthetic,11,14,15,"[""STEP_RELATION_SUGGESTION"", ""STEP_RELATIONS"", ""MENTION_SELECTED"", ""MENTION_SELECTED"", ""RELATION_CREATED"", ""MENTION_SELECTED"", ""MENTION_SELECTED"", ""RELATION_CREATED"", ""MENTION_SELECTED"", ""MENTION_SELECTED"", ""RELATION_CREATED"", ""MENTION_SELECTED"", ""MENTION_SELECTED"", ""RELATION_CREATED"", ""MENTION_SELECTED""]",MENTION_SELECTED,train,llm_synthetic_expanded,1.0
llm_synth_expanded_874,synthetic,11,3,4,"[""PROCESS_START"", ""STEP_RELATION_SUGGESTION"", ""STEP_RELATIONS"", ""MENTION_SELECTED""]",MENTION_SELECTED,train,llm_synthetic_expanded,0.75
llm_synth_expanded_206,synthetic,41,14,15,"[""PROCESS_START"", ""ENTITY_GROUPED"", ""MENTION_SELECTED"", ""MENTION_SELECTED"", ""ENTITY_GROUPED"", ""MENTION_SELECTED"", ""ENTITY_GROUPED"", ""STEP_RELATION_SUGGESTION"", ""STEP_RELATIONS"", ""MENTION_SELECTED"", ""MENTION_SELECTED"", ""RELATION_CREATED"", ""MENTION_SELECTED"", ""MENTION_SELECTED"", ""RELATION_CREATED""]",MENTION_SELECTED,train,llm_synthetic_expanded,0.9333333333333333
llm_synth_expanded_1201,synthetic,41,13,14,"[""PROCESS_START"", ""RELATION_CREATED"", ""MENTION_SELECTED"", ""MENTION_SELECTED"", ""RELATION_CREATED"", ""MENTION_SELECTED"", ""MENTION_SELECTED"", ""RELATION_CREATED"", ""MENTION_SELECTED"", ""MENTION_SELECTED"", ""RELATION_CREATED"", ""MENTION_SELECTED"", ""MENTION_SELECTED"", ""MENTION_DESELECTED""]",MENTION_SELECTED,train,llm_synthetic_expanded,0.9285714285714286
llm_synth_expanded_1219,synthetic,34,5,6,"[""PROCESS_START"", ""ENTITY_GROUPED"", ""MENTION_SUGGESTION_REJECTED"", ""MENTION_SELECTED"", ""MENTION_SELECTED"", ""MENTION_DESELECTED""]",MENTION_SELECTED,train,llm_synthetic_expanded,0.5
llm_synth_expanded_1012,synthetic,13,7,8,"[""MENTION_SELECTED"", ""MENTION_SELECTED"", ""ENTITY_GROUPED"", ""MENTION_DESELECTED"", ""MENTION_DESELECTED"", ""STEP_RELATION_SUGGESTION"", ""STEP_RELATIONS"", ""MENTION_SELECTED""]",MENTION_SELECTED,train,llm_synthetic_expanded,1.0
llm_synth_expanded_1201,synthetic,41,15,16,"[""PROCESS_START"", ""RELATION_CREATED"", ""MENTION_SELECTED"", ""MENTION_SELECTED"", ""RELATION_CREATED"", ""MENTION_SELECTED"", ""MENTION_SELECTED"", ""RELATION_CREATED"", ""MENTION_SELECTED"", ""MENTION_SELECTED"", ""RELATION_CREATED"", ""MENTION_SELECTED"", ""MENTION_SELECTED"", ""MENTION_DESELECTED"", ""MENTION_SELECTED"", ""RELATION_CREATED""]",MENTION_SELECTED,train,llm_synthetic_expanded,0.9375
llm_synth_expanded_338,synthetic,44,7,8,"[""PROCESS_START"", ""MENTION_CREATED"", ""TOKEN_SELECTED"", ""MENTION_CREATED"", ""TOKEN_SELECTED"", ""TOKEN_SELECTED"", ""MENTION_CREATED"", ""STEP_ENTITIES""]",MENTION_SELECTED,train,llm_synthetic_expanded,0.875
llm_synth_expanded_875,synthetic,13,11,12,"[""PROCESS_START"", ""STEP_RELATION_SUGGESTION"", ""STEP_RELATIONS"", ""MENTION_SELECTED"", ""MENTION_SUGGESTION_BOUNDS_UPDATED"", ""MENTION_SELECTED"", ""MENTION_SELECTED"", ""RELATION_CREATED"", ""MENTION_SELECTED"", ""MENTION_SELECTED"", ""RELATION_CREATED"", ""MENTION_SELECTED""]",MENTION_SELECTED,train,llm_synthetic_expanded,0.9166666666666666
llm_synth_expanded_483,synthetic,44,13,14,"[""PROCESS_START"", ""MENTION_SELECTED"", ""MENTION_SELECTED"", ""ENTITY_GROUPED"", ""STEP_RELATION_SUGGESTION"", ""RELATION_SUGGESTION_REJECTED"", ""RELATION_SUGGESTION_REJECTED"", ""RELATION_SUGGESTION_ACCEPTED"", ""RELATION_SUGGESTION_ACCEPTED"", ""STEP_RELATIONS"", ""MENTION_SELECTED"", ""MENTION_DELETED"", ""MENTION_SELECTED"", ""MENTION_DELETED""]",MENTION_SELECTED,train,llm_synthetic_expanded,0.9285714285714286
llm_synth_expanded_513,synthetic,11,2,3,"[""STEP_RELATION_SUGGESTION"", ""STEP_RELATIONS"", ""MENTION_SELECTED""]",MENTION_SELECTED,train,llm_synthetic_expanded,1.0
llm_synth_expanded_742,synthetic,23,16,17,"[""PROCESS_START"", ""TOKEN_SELECTED"", ""TOKEN_SELECTED"", ""MENTION_CREATED"", ""TOKEN_SELECTED"", ""TOKEN_SELECTED"", ""MENTION_CREATED"", ""TOKEN_SELECTED"", ""TOKEN_SELECTED"", ""MENTION_CREATED"", ""TOKEN_SELECTED"", ""TOKEN_SELECTED"", ""MENTION_CREATED"", ""STEP_ENTITIES"", ""MENTION_SELECTED"", ""MENTION_SELECTED"", ""ENTITY_GROUPED""]",MENTION_SELECTED,train,llm_synthetic_expanded,0.9411764705882353
llm_synth_expanded_57,synthetic,42,7,8,"[""STEP_ENTITIES"", ""MENTION_SELECTED"", ""MENTION_SELECTED"", ""ENTITY_GROUPED"", ""MENTION_SELECTED"", ""MENTION_SELECTED"", ""ENTITY_GROUPED"", ""MENTION_SELECTED""]",MENTION_SELECTED,train,llm_synthetic_expanded,1.0
llm_synth_expanded_612,synthetic,21,2,3,"[""PROCESS_START"", ""MENTION_SELECTED"", ""MENTION_SELECTED""]",MENTION_SELECTED,train,llm_synthetic_expanded,0.6666666666666666
llm_synth_expanded_840,synthetic,23,16,17,"[""TOKEN_SELECTED"", ""MENTION_CREATED"", ""TOKEN_SELECTED"", ""MENTION_CREATED"", ""TOKEN_SELECTED"", ""TOKEN_SELECTED"", ""TOKEN_DESELECTED"", ""TOKEN_DESELECTED"", ""TOKEN_SELECTED"", ""MENTION_CREATED"", ""TOKEN_SELECTED"", ""MENTION_CREATED"", ""TOKEN_SELECTED"", ""TOKEN_SELECTED"", ""MENTION_CREATED"", ""MENTION_SELECTED"", ""MENTION_TYPE_UPDATED""]",MENTION_SELECTED,train,llm_synthetic_expanded,1.0
llm_synth_expanded_335,synthetic,11,8,9,"[""MENTION_SELECTED"", ""MENTION_DESELECTED"", ""MENTION_SELECTED"", ""MENTION_SELECTED"", ""RELATION_CREATED"", ""MENTION_SELECTED"", ""MENTION_SELECTED"", ""RELATION_CREATED"", ""MENTION_SELECTED""]",MENTION_SELECTED,train,llm_synthetic_expanded,1.0
llm_synth_expanded_230,synthetic,44,1,2,"[""PROCESS_START"", ""STEP_RELATIONS""]",MENTION_SELECTED,train,llm_synthetic_expanded,0.5
llm_synth_expanded_1239,synthetic,43,2,3,"[""PROCESS_START"", ""MENTION_SELECTED"", ""MENTION_SELECTED""]",MENTION_SELECTED,train,llm_synthetic_expanded,0.6666666666666666
llm_synth_expanded_903,synthetic,41,12,13,"[""MENTION_SELECTED"", ""MENTION_SELECTED"", ""RELATION_CREATED"", ""MENTION_SELECTED"", ""MENTION_SELECTED"", ""RELATION_CREATED"", ""RELATION_DELETED"", ""MENTION_SELECTED"", ""MENTION_SELECTED"", ""RELATION_CREATED"", ""MENTION_SELECTED"", ""MENTION_SELECTED"", ""RELATION_CREATED""]",MENTION_SELECTED,train,llm_synthetic_expanded,1.0
llm_synth_expanded_126,synthetic,41,19,20,"[""PROCESS_START"", ""TOKEN_SELECTED"", ""MENTION_SELECTED"", ""RELATION_CREATED"", ""MENTION_SELECTED"", ""MENTION_SELECTED"", ""RELATION_CREATED"", ""MENTION_SELECTED"", ""MENTION_SELECTED"", ""RELATION_CREATED"", ""MENTION_SELECTED"", ""MENTION_SELECTED"", ""RELATION_CREATED"", ""MENTION_SELECTED"", ""MENTION_SELECTED"", ""RELATION_CREATED"", ""MENTION_SELECTED"", ""MENTION_SELECTED"", ""RELATION_CREATED"", ""MENTION_SELECTED""]",MENTION_SELECTED,train,llm_synthetic_expanded,0.95
llm_synth_expanded_121,synthetic,41,8,9,"[""PROCESS_START"", ""MENTION_CREATED"", ""MENTION_SELECTED"", ""MENTION_DELETED"", ""TOKEN_SELECTED"", ""TOKEN_SELECTED"", ""TOKEN_SELECTED"", ""MENTION_CREATED"", ""MENTION_SELECTED""]",MENTION_SELECTED,train,llm_synthetic_expanded,0.8888888888888888
llm_synth_expanded_884,synthetic,22,14,15,"[""PROCESS_START"", ""MENTION_SELECTED"", ""RELATION_CREATED"", ""MENTION_SELECTED"", ""MENTION_SELECTED"", ""RELATION_CREATED"", ""MENTION_SELECTED"", ""MENTION_SELECTED"", ""RELATION_CREATED"", ""MENTION_SELECTED"", ""MENTION_DESELECTED"", ""MENTION_SELECTED"", ""MENTION_DESELECTED"", ""MENTION_SELECTED"", ""MENTION_DESELECTED""]",MENTION_SELECTED,train,llm_synthetic_expanded,0.9333333333333333
llm_synth_expanded_884,synthetic,22,18,19,"[""PROCESS_START"", ""MENTION_SELECTED"", ""RELATION_CREATED"", ""MENTION_SELECTED"", ""MENTION_SELECTED"", ""RELATION_CREATED"", ""MENTION_SELECTED"", ""MENTION_SELECTED"", ""RELATION_CREATED"", ""MENTION_SELECTED"", ""MENTION_DESELECTED"", ""MENTION_SELECTED"", ""MENTION_DESELECTED"", ""MENTION_SELECTED"", ""MENTION_DESELECTED"", ""MENTION_SELECTED"", ""MENTION_DESELECTED"", ""MENTION_SELECTED"", ""MENTION_DESELECTED""]",MENTION_SELECTED,train,llm_synthetic_expanded,0.9473684210526315
llm_synth_expanded_126,synthetic,41,9,10,"[""PROCESS_START"", ""TOKEN_SELECTED"", ""MENTION_SELECTED"", ""RELATION_CREATED"", ""MENTION_SELECTED"", ""MENTION_SELECTED"", ""RELATION_CREATED"", ""MENTION_SELECTED"", ""MENTION_SELECTED"", ""RELATION_CREATED""]",MENTION_SELECTED,train,llm_synthetic_expanded,0.9
llm_synth_expanded_740,synthetic,23,12,13,"[""PROCESS_START"", ""MENTION_CREATED"", ""TOKEN_SELECTED"", ""TOKEN_SELECTED"", ""MENTION_CREATED"", ""TOKEN_SELECTED"", ""TOKEN_SELECTED"", ""MENTION_CREATED"", ""TOKEN_SELECTED"", ""TOKEN_SELECTED"", ""MENTION_CREATED"", ""STEP_ENTITIES"", ""MENTION_SELECTED""]",MENTION_SELECTED,train,llm_synthetic_expanded,0.9230769230769231
llm_synth_expanded_1011,synthetic,13,8,9,"[""MENTION_DESELECTED"", ""MENTION_SELECTED"", ""MENTION_SELECTED"", ""MENTION_DESELECTED"", ""ENTITY_GROUPED"", ""MENTION_DESELECTED"", ""MENTION_DESELECTED"", ""STEP_RELATION_SUGGESTION"", ""STEP_RELATIONS""]",MENTION_SELECTED,train,llm_synthetic_expanded,1.0
llm_synth_expanded_876,synthetic,14,16,17,"[""PROCESS_START"", ""STEP_RELATION_SUGGESTION"", ""STEP_RELATIONS"", ""MENTION_SELECTED"", ""MENTION_SUGGESTION_BOUNDS_UPDATED"", ""MENTION_SELECTED"", ""MENTION_SELECTED"", ""RELATION_CREATED"", ""MENTION_SELECTED"", ""MENTION_SELECTED"", ""RELATION_CREATED"", ""MENTION_SELECTED"", ""MENTION_SELECTED"", ""RELATION_CREATED"", ""MENTION_SELECTED"", ""MENTION_SELECTED"", ""RELATION_CREATED""]",MENTION_SELECTED,train,llm_synthetic_expanded,0.9411764705882353
llm_synth_expanded_930,synthetic,41,2,3,"[""PROCESS_START"", ""STEP_MENTION_SUGGESTION"", ""MENTION_SELECTED""]",MENTION_SELECTED,train,llm_synthetic_expanded,0.6666666666666666
llm_synth_expanded_210,synthetic,41,13,14,"[""PROCESS_START"", ""MENTION_SELECTED"", ""MENTION_SELECTED"", ""RELATION_CREATED"", ""MENTION_SELECTED"", ""MENTION_SELECTED"", ""RELATION_CREATED"", ""MENTION_SELECTED"", ""MENTION_SELECTED"", ""RELATION_CREATED"", ""MENTION_SELECTED"", ""MENTION_SUGGESTION_BOUNDS_UPDATED"", ""MENTION_SUGGESTION_BOUNDS_UPDATED"", ""MENTION_SELECTED""]",MENTION_SELECTED,train,llm_synthetic_expanded,0.9285714285714286
llm_synth_expanded_477,synthetic,44,2,3,"[""PROCESS_START"", ""TOKEN_SELECTED"", ""TOKEN_SELECTED""]",MENTION_SELECTED,train,llm_synthetic_expanded,0.6666666666666666
llm_synth_expanded_701,synthetic,41,1,2,"[""RELATION_CREATED"", ""MENTION_SELECTED""]",MENTION_SELECTED,train,llm_synthetic_expanded,1.0
llm_synth_expanded_740,synthetic,23,11,12,"[""PROCESS_START"", ""MENTION_CREATED"", ""TOKEN_SELECTED"", ""TOKEN_SELECTED"", ""MENTION_CREATED"", ""TOKEN_SELECTED"", ""TOKEN_SELECTED"", ""MENTION_CREATED"", ""TOKEN_SELECTED"", ""TOKEN_SELECTED"", ""MENTION_CREATED"", ""STEP_ENTITIES""]",MENTION_SELECTED,train,llm_synthetic_expanded,0.9166666666666666
llm_synth_expanded_1201,synthetic,41,20,21,"[""PROCESS_START"", ""RELATION_CREATED"", ""MENTION_SELECTED"", ""MENTION_SELECTED"", ""RELATION_CREATED"", ""MENTION_SELECTED"", ""MENTION_SELECTED"", ""RELATION_CREATED"", ""MENTION_SELECTED"", ""MENTION_SELECTED"", ""RELATION_CREATED"", ""MENTION_SELECTED"", ""MENTION_SELECTED"", ""MENTION_DESELECTED"", ""MENTION_SELECTED"", ""RELATION_CREATED"", ""MENTION_SELECTED"", ""MENTION_SELECTED"", ""RELATION_CREATED"", ""MENTION_SELECTED"", ""MENTION_DESELECTED""]",MENTION_SELECTED,train,llm_synthetic_expanded,0.9523809523809523
llm_synth_expanded_207,synthetic,41,5,6,"[""PROCESS_START"", ""RELATION_CREATED"", ""MENTION_SELECTED"", ""MENTION_SELECTED"", ""RELATION_CREATED"", ""MENTION_SELECTED""]",MENTION_SELECTED,train,llm_synthetic_expanded,0.8333333333333334
llm_synth_expanded_162,synthetic,33,1,2,"[""PROCESS_START"", ""STEP_RELATIONS""]",MENTION_SELECTED,train,llm_synthetic_expanded,0.5
llm_synth_expanded_880,synthetic,18,17,18,"[""PROCESS_START"", ""STEP_RELATION_SUGGESTION"", ""STEP_RELATIONS"", ""MENTION_SELECTED"", ""MENTION_SUGGESTION_BOUNDS_UPDATED"", ""MENTION_SELECTED"", ""MENTION_SELECTED"", ""RELATION_CREATED"", ""MENTION_SELECTED"", ""MENTION_SELECTED"", ""RELATION_CREATED"", ""MENTION_SELECTED"", ""MENTION_SELECTED"", ""RELATION_CREATED"", ""MENTION_SELECTED"", ""MENTION_SELECTED"", ""RELATION_CREATED"", ""MENTION_SELECTED""]",MENTION_SELECTED,train,llm_synthetic_expanded,0.9444444444444444
llm_synth_expanded_996,synthetic,11,1,2,"[""MENTION_SELECTED"", ""ENTITY_REMOVED""]",MENTION_SELECTED,train,llm_synthetic_expanded,0.5
llm_synth_expanded_211,synthetic,41,15,16,"[""PROCESS_START"", ""ENTITY_GROUPED"", ""MENTION_SELECTED"", ""MENTION_SELECTED"", ""ENTITY_GROUPED"", ""MENTION_SELECTED"", ""ENTITY_GROUPED"", ""STEP_RELATION_SUGGESTION"", ""STEP_RELATIONS"", ""MENTION_SELECTED"", ""MENTION_SELECTED"", ""MENTION_DESELECTED"", ""MENTION_DESELECTED"", ""MENTION_SELECTED"", ""MENTION_DESELECTED"", ""MENTION_SELECTED""]",MENTION_SELECTED,train,llm_synthetic_expanded,0.9375
llm_synth_expanded_868,synthetic,43,18,19,"[""MENTION_SELECTED"", ""MENTION_SELECTED"", ""MENTION_DESELECTED"", ""MENTION_DESELECTED"", ""MENTION_SELECTED"", ""MENTION_SELECTED"", ""RELATION_CREATED"", ""MENTION_SELECTED"", ""MENTION_SELECTED"", ""MENTION_DESELECTED"", ""MENTION_DESELECTED"", ""MENTION_SELECTED"", ""MENTION_SELECTED"", ""RELATION_CREATED"", ""MENTION_SELECTED"", ""MENTION_SELECTED"", ""RELATION_CREATED"", ""MENTION_SELECTED"", ""MENTION_SELECTED""]",MENTION_SELECTED,train,llm_synthetic_expanded,1.0
llm_synth_expanded_904,synthetic,41,18,19,"[""MENTION_DESELECTED"", ""MENTION_SELECTED"", ""MENTION_SELECTED"", ""RELATION_CREATED"", ""MENTION_SELECTED"", ""MENTION_SELECTED"", ""RELATION_CREATED"", ""MENTION_SELECTED"", ""MENTION_SELECTED"", ""RELATION_CREATED"", ""MENTION_SELECTED"", ""MENTION_SELECTED"", ""RELATION_CREATED"", ""MENTION_SELECTED"", ""MENTION_SELECTED"", ""RELATION_CREATED"", ""MENTION_SELECTED"", ""MENTION_SELECTED"", ""RELATION_CREATED""]",MENTION_SELECTED,train,llm_synthetic_expanded,1.0
llm_synth_expanded_721,synthetic,11,4,5,"[""PROCESS_START"", ""MENTION_SELECTED"", ""MENTION_SELECTED"", ""MENTION_SELECTED"", ""RELATION_CREATED""]",MENTION_SELECTED,train,llm_synthetic_expanded,0.8
llm_synth_expanded_1218,synthetic,34,15,16,"[""PROCESS_START"", ""MENTION_SUGGESTION_BOUNDS_UPDATED"", ""MENTION_SELECTED"", ""MENTION_SELECTED"", ""TOKEN_DESELECTED"", ""MENTION_SELECTED"", ""MENTION_SELECTED"", ""MENTION_DESELECTED"", ""MENTION_SELECTED"", ""MENTION_SELECTED"", ""MENTION_DESELECTED"", ""MENTION_SELECTED"", ""MENTION_DESELECTED"", ""MENTION_SELECTED"", ""MENTION_SELECTED"", ""MENTION_DESELECTED""]",MENTION_SELECTED,train,llm_synthetic_expanded,0.875
llm_synth_expanded_721,synthetic,11,7,8,"[""PROCESS_START"", ""MENTION_SELECTED"", ""MENTION_SELECTED"", ""MENTION_SELECTED"", ""RELATION_CREATED"", ""MENTION_SELECTED"", ""MENTION_SELECTED"", ""RELATION_CREATED""]",MENTION_SELECTED,train,llm_synthetic_expanded,0.875
llm_synth_expanded_513,synthetic,11,20,21,"[""STEP_RELATION_SUGGESTION"", ""STEP_RELATIONS"", ""MENTION_SELECTED"", ""MENTION_SELECTED"", ""RELATION_CREATED"", ""MENTION_SELECTED"", ""MENTION_SELECTED"", ""RELATION_CREATED"", ""MENTION_SELECTED"", ""MENTION_SELECTED"", ""RELATION_CREATED"", ""MENTION_SELECTED"", ""MENTION_SELECTED"", ""RELATION_CREATED"", ""MENTION_SELECTED"", ""MENTION_SELECTED"", ""RELATION_CREATED"", ""MENTION_SELECTED"", ""MENTION_SELECTED"", ""RELATION_CREATED"", ""MENTION_SELECTED""]",MENTION_SELECTED,train,llm_synthetic_expanded,1.0
llm_synth_expanded_625,synthetic,41,18,19,"[""PROCESS_START"", ""MENTION_CREATED"", ""TOKEN_SELECTED"", ""MENTION_CREATED"", ""TOKEN_SELECTED"", ""MENTION_CREATED"", ""TOKEN_SELECTED"", ""MENTION_CREATED"", ""TOKEN_SELECTED"", ""MENTION_CREATED"", ""TOKEN_SELECTED"", ""MENTION_CREATED"", ""TOKEN_SELECTED"", ""MENTION_CREATED"", ""TOKEN_SELECTED"", ""MENTION_CREATED"", ""STEP_ENTITIES"", ""MENTION_SELECTED"", ""MENTION_SELECTED""]",MENTION_SELECTED,train,llm_synthetic_expanded,0.9473684210526315
llm_synth_expanded_1045,synthetic,11,13,14,"[""TOKEN_SELECTED"", ""MENTION_CREATED"", ""TOKEN_SELECTED"", ""MENTION_CREATED"", ""TOKEN_SELECTED"", ""TOKEN_SELECTED"", ""TOKEN_SELECTED"", ""MENTION_CREATED"", ""TOKEN_SELECTED"", ""TOKEN_SELECTED"", ""TOKEN_SELECTED"", ""MENTION_CREATED"", ""TOKEN_SELECTED"", ""MENTION_CREATED""]",MENTION_SELECTED,train,llm_synthetic_expanded,1.0
llm_synth_expanded_206,synthetic,41,11,12,"[""PROCESS_START"", ""ENTITY_GROUPED"", ""MENTION_SELECTED"", ""MENTION_SELECTED"", ""ENTITY_GROUPED"", ""MENTION_SELECTED"", ""ENTITY_GROUPED"", ""STEP_RELATION_SUGGESTION"", ""STEP_RELATIONS"", ""MENTION_SELECTED"", ""MENTION_SELECTED"", ""RELATION_CREATED""]",MENTION_SELECTED,train,llm_synthetic_expanded,0.9166666666666666
llm_synth_expanded_1218,synthetic,34,5,6,"[""PROCESS_START"", ""MENTION_SUGGESTION_BOUNDS_UPDATED"", ""MENTION_SELECTED"", ""MENTION_SELECTED"", ""TOKEN_DESELECTED"", ""MENTION_SELECTED""]",MENTION_SELECTED,train,llm_synthetic_expanded,0.6666666666666666
llm_synth_expanded_206,synthetic,41,9,10,"[""PROCESS_START"", ""ENTITY_GROUPED"", ""MENTION_SELECTED"", ""MENTION_SELECTED"", ""ENTITY_GROUPED"", ""MENTION_SELECTED"", ""ENTITY_GROUPED"", ""STEP_RELATION_SUGGESTION"", ""STEP_RELATIONS"", ""MENTION_SELECTED""]",MENTION_SELECTED,train,llm_synthetic_expanded,0.9
llm_synth_expanded_701,synthetic,41,10,11,"[""RELATION_CREATED"", ""MENTION_SELECTED"", ""MENTION_SELECTED"", ""RELATION_CREATED"", ""MENTION_SELECTED"", ""MENTION_SELECTED"", ""RELATION_CREATED"", ""MENTION_SELECTED"", ""MENTION_SELECTED"", ""RELATION_CREATED"", ""MENTION_SELECTED""]",MENTION_SELECTED,train,llm_synthetic_expanded,1.0
llm_synth_expanded_839,synthetic,23,15,16,"[""MENTION_SELECTED"", ""MENTION_SELECTED"", ""MENTION_SELECTED"", ""ENTITY_GROUPED"", ""MENTION_SELECTED"", ""MENTION_SELECTED"", ""ENTITY_GROUPED"", ""STEP_RELATION_SUGGESTION"", ""STEP_RELATIONS"", ""MENTION_SELECTED"", ""MENTION_SELECTED"", ""RELATION_CREATED"", ""RELATION_DELETED"", ""MENTION_SELECTED"", ""MENTION_SELECTED"", ""RELATION_CREATED""]",MENTION_SELECTED,train,llm_synthetic_expanded,1.0
llm_synth_expanded_513,synthetic,11,17,18,"[""STEP_RELATION_SUGGESTION"", ""STEP_RELATIONS"", ""MENTION_SELECTED"", ""MENTION_SELECTED"", ""RELATION_CREATED"", ""MENTION_SELECTED"", ""MENTION_SELECTED"", ""RELATION_CREATED"", ""MENTION_SELECTED"", ""MENTION_SELECTED"", ""RELATION_CREATED"", ""MENTION_SELECTED"", ""MENTION_SELECTED"", ""RELATION_CREATED"", ""MENTION_SELECTED"", ""MENTION_SELECTED"", ""RELATION_CREATED"", ""MENTION_SELECTED""]",MENTION_SELECTED,train,llm_synthetic_expanded,1.0
llm_synth_expanded_30,synthetic,33,5,6,"[""MENTION_SELECTED"", ""MENTION_SELECTED"", ""ENTITY_GROUPED"", ""MENTION_SELECTED"", ""MENTION_SELECTED"", ""RELATION_CREATED""]",MENTION_SELECTED,train,llm_synthetic_expanded,1.0
llm_synth_expanded_209,synthetic,41,15,16,"[""PROCESS_START"", ""ENTITY_GROUPED"", ""MENTION_SELECTED"", ""MENTION_SELECTED"", ""ENTITY_GROUPED"", ""STEP_RELATION_SUGGESTION"", ""STEP_RELATIONS"", ""MENTION_SELECTED"", ""MENTION_SELECTED"", ""MENTION_DESELECTED"", ""MENTION_DESELECTED"", ""MENTION_SELECTED"", ""MENTION_DESELECTED"", ""MENTION_SELECTED"", ""MENTION_SELECTED"", ""RELATION_CREATED""]",MENTION_SELECTED,train,llm_synthetic_expanded,0.9375
llm_synth_expanded_883,synthetic,22,18,19,"[""PROCESS_START"", ""MENTION_SELECTED"", ""MENTION_TYPE_UPDATED"", ""MENTION_SUGGESTION_ACCEPTED"", ""MENTION_SUGGESTION_REJECTED"", ""TOKEN_SELECTED"", ""TOKEN_SELECTED"", ""MENTION_CREATED"", ""TOKEN_SELECTED"", ""MENTION_CREATED"", ""MENTION_SUGGESTION_ACCEPTED"", ""STEP_METION"", ""TOKEN_SELECTED"", ""TOKEN_SELECTED"", ""MENTION_CREATED"", ""STEP_ENTITIES"", ""MENTION_SELECTED"", ""MENTION_SELECTED"", ""ENTITY_GROUPED""]",MENTION_SELECTED,train,llm_synthetic_expanded,0.9473684210526315
llm_synth_expanded_513,synthetic,11,5,6,"[""STEP_RELATION_SUGGESTION"", ""STEP_RELATIONS"", ""MENTION_SELECTED"", ""MENTION_SELECTED"", ""RELATION_CREATED"", ""MENTION_SELECTED""]",MENTION_SELECTED,train,llm_synthetic_expanded,1.0
llm_synth_expanded_698,synthetic,44,15,16,"[""TOKEN_SELECTED"", ""TOKEN_SELECTED"", ""TOKEN_SELECTED"", ""MENTION_CREATED"", ""TOKEN_SELECTED"", ""MENTION_CREATED"", ""TOKEN_SELECTED"", ""TOKEN_SELECTED"", ""TOKEN_SELECTED"", ""MENTION_CREATED"", ""STEP_ENTITIES"", ""MENTION_SELECTED"", ""MENTION_SELECTED"", ""MENTION_SELECTED"", ""ENTITY_GROUPED"", ""MENTION_SELECTED""]",MENTION_SELECTED,train,llm_synthetic_expanded,1.0
llm_synth_expanded_1046,synthetic,11,16,17,"[""MENTION_CREATED"", ""TOKEN_SELECTED"", ""TOKEN_DESELECTED"", ""TOKEN_SELECTED"", ""MENTION_CREATED"", ""TOKEN_SELECTED"", ""MENTION_CREATED"", ""TOKEN_SELECTED"", ""TOKEN_DESELECTED"", ""TOKEN_SELECTED"", ""MENTION_CREATED"", ""TOKEN_SELECTED"", ""TOKEN_SELECTED"", ""TOKEN_SELECTED"", ""MENTION_CREATED"", ""STEP_ENTITIES"", ""MENTION_SELECTED""]",MENTION_SELECTED,train,llm_synthetic_expanded,1.0
llm_synth_expanded_28,synthetic,33,1,2,"[""STEP_RELATIONS"", ""MENTION_SELECTED""]",MENTION_SELECTED,train,llm_synthetic_expanded,1.0
llm_synth_expanded_704,synthetic,41,7,8,"[""MENTION_SELECTED"", ""MENTION_SELECTED"", ""ENTITY_GROUPED"", ""STEP_RELATION_SUGGESTION"", ""STEP_RELATIONS"", ""MENTION_SELECTED"", ""MENTION_SELECTED"", ""RELATION_CREATED""]",MENTION_SELECTED,train,llm_synthetic_expanded,1.0
llm_synth_expanded_704,synthetic,41,9,10,"[""MENTION_SELECTED"", ""MENTION_SELECTED"", ""ENTITY_GROUPED"", ""STEP_RELATION_SUGGESTION"", ""STEP_RELATIONS"", ""MENTION_SELECTED"", ""MENTION_SELECTED"", ""RELATION_CREATED"", ""MENTION_SELECTED"", ""MENTION_DESELECTED""]",MENTION_SELECTED,train,llm_synthetic_expanded,1.0
llm_synth_expanded_483,synthetic,44,9,10,"[""PROCESS_START"", ""MENTION_SELECTED"", ""MENTION_SELECTED"", ""ENTITY_GROUPED"", ""STEP_RELATION_SUGGESTION"", ""RELATION_SUGGESTION_REJECTED"", ""RELATION_SUGGESTION_REJECTED"", ""RELATION_SUGGESTION_ACCEPTED"", ""RELATION_SUGGESTION_ACCEPTED"", ""STEP_RELATIONS""]",MENTION_SELECTED,train,llm_synthetic_expanded,0.9
llm_synth_expanded_626,synthetic,11,20,21,"[""PROCESS_START"", ""TOKEN_SELECTED"", ""TOKEN_SELECTED"", ""MENTION_CREATED"", ""TOKEN_SELECTED"", ""MENTION_CREATED"", ""TOKEN_SELECTED"", ""TOKEN_SELECTED"", ""TOKEN_DESELECTED"", ""MENTION_CREATED"", ""TOKEN_SELECTED"", ""TOKEN_SELECTED"", ""MENTION_CREATED"", ""TOKEN_SELECTED"", ""TOKEN_SELECTED"", ""MENTION_CREATED"", ""TOKEN_SELECTED"", ""TOKEN_SELECTED"", ""TOKEN_SELECTED"", ""MENTION_CREATED"", ""STEP_ENTITIES""]",MENTION_SELECTED,train,llm_synthetic_expanded,0.9523809523809523
llm_synth_expanded_40,synthetic,12,8,9,"[""PROCESS_START"", ""MENTION_CREATED"", ""TOKEN_SELECTED"", ""MENTION_CREATED"", ""TOKEN_SELECTED"", ""MENTION_CREATED"", ""TOKEN_SELECTED"", ""MENTION_SELECTED"", ""TOKEN_SELECTED""]",MENTION_SELECTED,train,llm_synthetic_expanded,0.8888888888888888
llm_synth_expanded_877,synthetic,15,19,20,"[""PROCESS_START"", ""STEP_RELATION_SUGGESTION"", ""STEP_RELATIONS"", ""MENTION_SELECTED"", ""MENTION_SUGGESTION_BOUNDS_UPDATED"", ""MENTION_SELECTED"", ""MENTION_SELECTED"", ""RELATION_CREATED"", ""MENTION_SELECTED"", ""MENTION_SELECTED"", ""RELATION_CREATED"", ""MENTION_SELECTED"", ""MENTION_SELECTED"", ""RELATION_CREATED"", ""MENTION_SELECTED"", ""MENTION_SELECTED"", ""RELATION_CREATED"", ""MENTION_SELECTED"", ""MENTION_SELECTED"", ""RELATION_CREATED""]",MENTION_SELECTED,train,llm_synthetic_expanded,0.95
llm_synth_expanded_209,synthetic,41,10,11,"[""PROCESS_START"", ""ENTITY_GROUPED"", ""MENTION_SELECTED"", ""MENTION_SELECTED"", ""ENTITY_GROUPED"", ""STEP_RELATION_SUGGESTION"", ""STEP_RELATIONS"", ""MENTION_SELECTED"", ""MENTION_SELECTED"", ""MENTION_DESELECTED"", ""MENTION_DESELECTED""]",MENTION_SELECTED,train,llm_synthetic_expanded,0.9090909090909091
llm_synth_expanded_48,synthetic,33,18,19,"[""PROCESS_START"", ""STEP_RELATION_SUGGESTION"", ""STEP_RELATIONS"", ""MENTION_SELECTED"", ""MENTION_SELECTED"", ""RELATION_CREATED"", ""MENTION_SELECTED"", ""MENTION_SELECTED"", ""RELATION_CREATED"", ""MENTION_SELECTED"", ""MENTION_SELECTED"", ""RELATION_CREATED"", ""MENTION_SELECTED"", ""MENTION_SELECTED"", ""RELATION_CREATED"", ""MENTION_SELECTED"", ""MENTION_SELECTED"", ""RELATION_CREATED"", ""MENTION_SELECTED""]",MENTION_SELECTED,train,llm_synthetic_expanded,0.9473684210526315
llm_synth_expanded_841,synthetic,23,14,15,"[""MENTION_SELECTED"", ""MENTION_DESELECTED"", ""MENTION_SELECTED"", ""MENTION_SELECTED"", ""RELATION_CREATED"", ""MENTION_SELECTED"", ""MENTION_SELECTED"", ""RELATION_CREATED"", ""MENTION_SELECTED"", ""MENTION_SELECTED"", ""RELATION_CREATED"", ""MENTION_SELECTED"", ""MENTION_SELECTED"", ""RELATION_CREATED"", ""MENTION_SELECTED""]",MENTION_SELECTED,train,llm_synthetic_expanded,1.0
llm_synth_expanded_334,synthetic,11,3,4,"[""RELATION_CREATED"", ""MENTION_SELECTED"", ""MENTION_DESELECTED"", ""MENTION_SELECTED""]",MENTION_SELECTED,train,llm_synthetic_expanded,1.0
llm_synth_expanded_405,synthetic,43,10,11,"[""MENTION_SELECTED"", ""MENTION_SELECTED"", ""MENTION_SELECTED"", ""RELATION_CREATED"", ""MENTION_SELECTED"", ""MENTION_SELECTED"", ""RELATION_CREATED"", ""MENTION_SELECTED"", ""MENTION_SELECTED"", ""RELATION_CREATED"", ""MENTION_SELECTED""]",MENTION_SELECTED,train,llm_synthetic_expanded,1.0
llm_synth_expanded_903,synthetic,41,6,7,"[""MENTION_SELECTED"", ""MENTION_SELECTED"", ""RELATION_CREATED"", ""MENTION_SELECTED"", ""MENTION_SELECTED"", ""RELATION_CREATED"", ""RELATION_DELETED""]",MENTION_SELECTED,train,llm_synthetic_expanded,1.0
llm_synth_expanded_705,synthetic,41,10,11,"[""MENTION_SELECTED"", ""MENTION_SELECTED"", ""ENTITY_GROUPED"", ""STEP_RELATION_SUGGESTION"", ""STEP_RELATIONS"", ""MENTION_SELECTED"", ""MENTION_SELECTED"", ""RELATION_CREATED"", ""MENTION_SELECTED"", ""MENTION_SELECTED"", ""RELATION_CREATED""]",MENTION_SELECTED,train,llm_synthetic_expanded,1.0
llm_synth_expanded_883,synthetic,22,16,17,"[""PROCESS_START"", ""MENTION_SELECTED"", ""MENTION_TYPE_UPDATED"", ""MENTION_SUGGESTION_ACCEPTED"", ""MENTION_SUGGESTION_REJECTED"", ""TOKEN_SELECTED"", ""TOKEN_SELECTED"", ""MENTION_CREATED"", ""TOKEN_SELECTED"", ""MENTION_CREATED"", ""MENTION_SUGGESTION_ACCEPTED"", ""STEP_METION"", ""TOKEN_SELECTED"", ""TOKEN_SELECTED"", ""MENTION_CREATED"", ""STEP_ENTITIES"", ""MENTION_SELECTED""]",MENTION_SELECTED,train,llm_synthetic_expanded,0.9411764705882353
llm_synth_expanded_338,synthetic,44,12,13,"[""PROCESS_START"", ""MENTION_CREATED"", ""TOKEN_SELECTED"", ""MENTION_CREATED"", ""TOKEN_SELECTED"", ""TOKEN_SELECTED"", ""MENTION_CREATED"", ""STEP_ENTITIES"", ""MENTION_SELECTED"", ""MENTION_SELECTED"", ""MENTION_SELECTED"", ""ENTITY_GROUPED"", ""MENTION_SELECTED""]",MENTION_SELECTED,train,llm_synthetic_expanded,0.9230769230769231
llm_synth_expanded_879,synthetic,17,4,5,"[""PROCESS_START"", ""STEP_RELATION_SUGGESTION"", ""STEP_RELATIONS"", ""MENTION_SELECTED"", ""MENTION_SUGGESTION_BOUNDS_UPDATED""]",MENTION_SELECTED,train,llm_synthetic_expanded,0.8
llm_synth_expanded_207,synthetic,41,13,14,"[""PROCESS_START"", ""RELATION_CREATED"", ""MENTION_SELECTED"", ""MENTION_SELECTED"", ""RELATION_CREATED"", ""MENTION_SELECTED"", ""MENTION_SELECTED"", ""RELATION_CREATED"", ""MENTION_SELECTED"", ""MENTION_SELECTED"", ""RELATION_CREATED"", ""MENTION_SELECTED"", ""MENTION_SELECTED"", ""RELATION_CREATED""]",MENTION_SELECTED,train,llm_synthetic_expanded,0.9285714285714286
llm_synth_expanded_171,synthetic,24,18,19,"[""PROCESS_START"", ""MENTION_CREATED"", ""TOKEN_SELECTED"", ""TOKEN_SELECTED"", ""MENTION_CREATED"", ""TOKEN_SELECTED"", ""TOKEN_SELECTED"", ""MENTION_CREATED"", ""TOKEN_SELECTED"", ""TOKEN_SELECTED"", ""MENTION_CREATED"", ""TOKEN_SELECTED"", ""TOKEN_SELECTED"", ""MENTION_CREATED"", ""TOKEN_SELECTED"", ""TOKEN_SELECTED"", ""MENTION_CREATED"", ""TOKEN_SELECTED"", ""TOKEN_SELECTED""]",MENTION_SELECTED,train,llm_synthetic_expanded,0.9473684210526315
llm_synth_expanded_875,synthetic,13,17,18,"[""PROCESS_START"", ""STEP_RELATION_SUGGESTION"", ""STEP_RELATIONS"", ""MENTION_SELECTED"", ""MENTION_SUGGESTION_BOUNDS_UPDATED"", ""MENTION_SELECTED"", ""MENTION_SELECTED"", ""RELATION_CREATED"", ""MENTION_SELECTED"", ""MENTION_SELECTED"", ""RELATION_CREATED"", ""MENTION_SELECTED"", ""MENTION_SELECTED"", ""RELATION_CREATED"", ""MENTION_SELECTED"", ""MENTION_SELECTED"", ""RELATION_CREATED"", ""MENTION_SELECTED""]",MENTION_SELECTED,train,llm_synthetic_expanded,0.9444444444444444
llm_synth_expanded_547,synthetic,26,11,12,"[""TOKEN_SELECTED"", ""MENTION_CREATED"", ""STEP_ENTITIES"", ""MENTION_SELECTED"", ""MENTION_SELECTED"", ""ENTITY_GROUPED"", ""MENTION_SELECTED"", ""MENTION_SELECTED"", ""ENTITY_GROUPED"", ""MENTION_SELECTED"", ""MENTION_SELECTED"", ""ENTITY_GROUPED""]",MENTION_SELECTED,train,llm_synthetic_expanded,1.0
llm_synth_expanded_721,synthetic,11,2,3,"[""PROCESS_START"", ""MENTION_SELECTED"", ""MENTION_SELECTED""]",MENTION_SELECTED,train,llm_synthetic_expanded,0.6666666666666666
llm_synth_expanded_361,synthetic,22,5,6,"[""PROCESS_START"", ""MENTION_SUGGESTION_BOUNDS_UPDATED"", ""MENTION_SUGGESTION_BOUNDS_UPDATED"", ""MENTION_SUGGESTION_BOUNDS_UPDATED"", ""STEP_ENTITIES"", ""MENTION_SELECTED""]",MENTION_SELECTED,train,llm_synthetic_expanded,0.8333333333333334
llm_synth_expanded_152,synthetic,22,9,10,"[""PROCESS_START"", ""MENTION_CREATED"", ""MENTION_SELECTED"", ""MENTION_DESELECTED"", ""MENTION_SELECTED"", ""MENTION_DESELECTED"", ""MENTION_SELECTED"", ""MENTION_DESELECTED"", ""MENTION_SELECTED"", ""MENTION_DESELECTED""]",MENTION_SELECTED,train,llm_synthetic_expanded,0.9
llm_synth_expanded_1218,synthetic,34,12,13,"[""PROCESS_START"", ""MENTION_SUGGESTION_BOUNDS_UPDATED"", ""MENTION_SELECTED"", ""MENTION_SELECTED"", ""TOKEN_DESELECTED"", ""MENTION_SELECTED"", ""MENTION_SELECTED"", ""MENTION_DESELECTED"", ""MENTION_SELECTED"", ""MENTION_SELECTED"", ""MENTION_DESELECTED"", ""MENTION_SELECTED"", ""MENTION_DESELECTED""]",MENTION_SELECTED,train,llm_synthetic_expanded,0.8461538461538461
llm_synth_expanded_209,synthetic,41,16,17,"[""PROCESS_START"", ""ENTITY_GROUPED"", ""MENTION_SELECTED"", ""MENTION_SELECTED"", ""ENTITY_GROUPED"", ""STEP_RELATION_SUGGESTION"", ""STEP_RELATIONS"", ""MENTION_SELECTED"", ""MENTION_SELECTED"", ""MENTION_DESELECTED"", ""MENTION_DESELECTED"", ""MENTION_SELECTED"", ""MENTION_DESELECTED"", ""MENTION_SELECTED"", ""MENTION_SELECTED"", ""RELATION_CREATED"", ""MENTION_SELECTED""]",MENTION_SELECTED,train,llm_synthetic_expanded,0.9411764705882353
llm_synth_expanded_654,synthetic,23,7,8,"[""PROCESS_START"", ""ENTITY_GROUPED"", ""STEP_RELATION_SUGGESTION"", ""STEP_RELATIONS"", ""MENTION_SELECTED"", ""MENTION_SELECTED"", ""RELATION_CREATED"", ""MENTION_SELECTED""]",MENTION_SELECTED,train,llm_synthetic_expanded,0.875
llm_synth_expanded_741,synthetic,23,22,23,"[""PROCESS_START"", ""MENTION_CREATED"", ""TOKEN_SELECTED"", ""TOKEN_SELECTED"", ""MENTION_CREATED"", ""TOKEN_SELECTED"", ""TOKEN_SELECTED"", ""MENTION_CREATED"", ""TOKEN_SELECTED"", ""TOKEN_SELECTED"", ""MENTION_CREATED"", ""STEP_ENTITIES"", ""MENTION_SELECTED"", ""MENTION_SELECTED"", ""ENTITY_GROUPED"", ""MENTION_SELECTED"", ""MENTION_SELECTED"", ""ENTITY_GROUPED"", ""TOKEN_SELECTED"", ""MENTION_CREATED"", ""STEP_RELATION_SUGGESTION"", ""STEP_RELATIONS"", ""MENTION_SELECTED""]",MENTION_SELECTED,train,llm_synthetic_expanded,0.9565217391304348
llm_synth_expanded_121,synthetic,41,1,2,"[""PROCESS_START"", ""MENTION_CREATED""]",MENTION_SELECTED,train,llm_synthetic_expanded,0.5
llm_synth_expanded_874,synthetic,11,5,6,"[""PROCESS_START"", ""STEP_RELATION_SUGGESTION"", ""STEP_RELATIONS"", ""MENTION_SELECTED"", ""MENTION_SELECTED"", ""RELATION_CREATED""]",MENTION_SELECTED,train,llm_synthetic_expanded,0.8333333333333334
llm_synth_expanded_294,synthetic,34,1,2,"[""PROCESS_START"", ""STEP_MENTION_SUGGESTION""]",MENTION_SELECTED,train,llm_synthetic_expanded,0.5
llm_synth_expanded_340,synthetic,44,7,8,"[""PROCESS_START"", ""MENTION_CREATED"", ""TOKEN_SELECTED"", ""TOKEN_SELECTED"", ""TOKEN_SELECTED"", ""MENTION_CREATED"", ""STEP_ENTITIES"", ""MENTION_SELECTED""]",MENTION_SELECTED,train,llm_synthetic_expanded,0.875
llm_synth_expanded_30,synthetic,33,2,3,"[""MENTION_SELECTED"", ""MENTION_SELECTED"", ""ENTITY_GROUPED""]",MENTION_SELECTED,train,llm_synthetic_expanded,1.0
llm_synth_expanded_996,synthetic,11,8,9,"[""MENTION_SELECTED"", ""ENTITY_REMOVED"", ""MENTION_SELECTED"", ""MENTION_SELECTED"", ""RELATION_CREATED"", ""MENTION_SELECTED"", ""MENTION_SELECTED"", ""RELATION_CREATED"", ""MENTION_SELECTED""]",MENTION_SELECTED,train,llm_synthetic_expanded,0.8888888888888888
llm_synth_expanded_514,synthetic,11,2,3,"[""MENTION_SELECTED"", ""MENTION_SELECTED"", ""RELATION_CREATED""]",MENTION_SELECTED,train,llm_synthetic_expanded,1.0
llm_synth_expanded_334,synthetic,11,18,19,"[""RELATION_CREATED"", ""MENTION_SELECTED"", ""MENTION_DESELECTED"", ""MENTION_SELECTED"", ""MENTION_SELECTED"", ""RELATION_CREATED"", ""MENTION_SELECTED"", ""MENTION_SELECTED"", ""RELATION_CREATED"", ""MENTION_SELECTED"", ""MENTION_SELECTED"", ""RELATION_CREATED"", ""MENTION_SELECTED"", ""MENTION_SELECTED"", ""RELATION_CREATED"", ""MENTION_SELECTED"", ""MENTION_SELECTED"", ""RELATION_CREATED"", ""MENTION_SELECTED""]",MENTION_SELECTED,train,llm_synthetic_expanded,1.0
llm_synth_expanded_868,synthetic,43,14,15,"[""MENTION_SELECTED"", ""MENTION_SELECTED"", ""MENTION_DESELECTED"", ""MENTION_DESELECTED"", ""MENTION_SELECTED"", ""MENTION_SELECTED"", ""RELATION_CREATED"", ""MENTION_SELECTED"", ""MENTION_SELECTED"", ""MENTION_DESELECTED"", ""MENTION_DESELECTED"", ""MENTION_SELECTED"", ""MENTION_SELECTED"", ""RELATION_CREATED"", ""MENTION_SELECTED""]",MENTION_SELECTED,train,llm_synthetic_expanded,1.0
llm_synth_expanded_881,synthetic,19,13,14,"[""PROCESS_START"", ""STEP_RELATION_SUGGESTION"", ""STEP_RELATIONS"", ""MENTION_SELECTED"", ""MENTION_SUGGESTION_BOUNDS_UPDATED"", ""MENTION_SELECTED"", ""MENTION_SELECTED"", ""RELATION_CREATED"", ""MENTION_SELECTED"", ""MENTION_SELECTED"", ""RELATION_CREATED"", ""MENTION_SELECTED"", ""MENTION_SELECTED"", ""RELATION_CREATED""]",MENTION_SELECTED,train,llm_synthetic_expanded,0.9285714285714286
llm_synth_expanded_1201,synthetic,41,16,17,"[""PROCESS_START"", ""RELATION_CREATED"", ""MENTION_SELECTED"", ""MENTION_SELECTED"", ""RELATION_CREATED"", ""MENTION_SELECTED"", ""MENTION_SELECTED"", ""RELATION_CREATED"", ""MENTION_SELECTED"", ""MENTION_SELECTED"", ""RELATION_CREATED"", ""MENTION_SELECTED"", ""MENTION_SELECTED"", ""MENTION_DESELECTED"", ""MENTION_SELECTED"", ""RELATION_CREATED"", ""MENTION_SELECTED""]",MENTION_SELECTED,train,llm_synthetic_expanded,0.9411764705882353
llm_synth_expanded_228,synthetic,44,3,4,"[""PROCESS_START"", ""STEP_RELATION_SUGGESTION"", ""RELATION_SUGGESTION_REJECTED"", ""MENTION_SELECTED""]",MENTION_SELECTED,train,llm_synthetic_expanded,0.5
llm_synth_expanded_152,synthetic,22,13,14,"[""PROCESS_START"", ""MENTION_CREATED"", ""MENTION_SELECTED"", ""MENTION_DESELECTED"", ""MENTION_SELECTED"", ""MENTION_DESELECTED"", ""MENTION_SELECTED"", ""MENTION_DESELECTED"", ""MENTION_SELECTED"", ""MENTION_DESELECTED"", ""MENTION_SELECTED"", ""MENTION_DESELECTED"", ""MENTION_SELECTED"", ""MENTION_DESELECTED""]",MENTION_SELECTED,train,llm_synthetic_expanded,0.9285714285714286
llm_synth_expanded_996,synthetic,11,19,20,"[""MENTION_SELECTED"", ""ENTITY_REMOVED"", ""MENTION_SELECTED"", ""MENTION_SELECTED"", ""RELATION_CREATED"", ""MENTION_SELECTED"", ""MENTION_SELECTED"", ""RELATION_CREATED"", ""MENTION_SELECTED"", ""MENTION_SELECTED"", ""RELATION_CREATED"", ""MENTION_SELECTED"", ""MENTION_SELECTED"", ""RELATION_CREATED"", ""MENTION_SELECTED"", ""MENTION_SELECTED"", ""RELATION_CREATED"", ""MENTION_SELECTED"", ""MENTION_SELECTED"", ""RELATION_CREATED""]",MENTION_SELECTED,train,llm_synthetic_expanded,0.95
llm_synth_expanded_836,synthetic,23,14,15,"[""TOKEN_SELECTED"", ""MENTION_CREATED"", ""TOKEN_SELECTED"", ""MENTION_CREATED"", ""TOKEN_SELECTED"", ""TOKEN_SELECTED"", ""TOKEN_DESELECTED"", ""TOKEN_DESELECTED"", ""TOKEN_SELECTED"", ""MENTION_CREATED"", ""TOKEN_SELECTED"", ""MENTION_CREATED"", ""TOKEN_SELECTED"", ""TOKEN_SELECTED"", ""MENTION_CREATED""]",MENTION_SELECTED,train,llm_synthetic_expanded,1.0
llm_synth_expanded_125,synthetic,41,15,16,"[""PROCESS_START"", ""TOKEN_SELECTED"", ""MENTION_SELECTED"", ""RELATION_CREATED"", ""MENTION_SELECTED"", ""MENTION_DESELECTED"", ""TOKEN_SELECTED"", ""TOKEN_SELECTED"", ""TOKEN_DESELECTED"", ""TOKEN_DESELECTED"", ""TOKEN_SELECTED"", ""MENTION_CREATED"", ""MENTION_SELECTED"", ""MENTION_SELECTED"", ""ENTITY_GROUPED"", ""MENTION_SELECTED""]",MENTION_SELECTED,train,llm_synthetic_expanded,0.9375
llm_synth_expanded_210,synthetic,41,15,16,"[""PROCESS_START"", ""MENTION_SELECTED"", ""MENTION_SELECTED"", ""RELATION_CREATED"", ""MENTION_SELECTED"", ""MENTION_SELECTED"", ""RELATION_CREATED"", ""MENTION_SELECTED"", ""MENTION_SELECTED"", ""RELATION_CREATED"", ""MENTION_SELECTED"", ""MENTION_SUGGESTION_BOUNDS_UPDATED"", ""MENTION_SUGGESTION_BOUNDS_UPDATED"", ""MENTION_SELECTED"", ""MENTION_SELECTED"", ""RELATION_CREATED""]",MENTION_SELECTED,train,llm_synthetic_expanded,0.9375
llm_synth_expanded_405,synthetic,43,14,15,"[""MENTION_SELECTED"", ""MENTION_SELECTED"", ""MENTION_SELECTED"", ""RELATION_CREATED"", ""MENTION_SELECTED"", ""MENTION_SELECTED"", ""RELATION_CREATED"", ""MENTION_SELECTED"", ""MENTION_SELECTED"", ""RELATION_CREATED"", ""MENTION_SELECTED"", ""MENTION_SELECTED"", ""RELATION_CREATED"", ""MENTION_SELECTED"", ""MENTION_SELECTED""]",MENTION_SELECTED,train,llm_synthetic_expanded,1.0
llm_synth_expanded_881,synthetic,19,14,15,"[""PROCESS_START"", ""STEP_RELATION_SUGGESTION"", ""STEP_RELATIONS"", ""MENTION_SELECTED"", ""MENTION_SUGGESTION_BOUNDS_UPDATED"", ""MENTION_SELECTED"", ""MENTION_SELECTED"", ""RELATION_CREATED"", ""MENTION_SELECTED"", ""MENTION_SELECTED"", ""RELATION_CREATED"", ""MENTION_SELECTED"", ""MENTION_SELECTED"", ""RELATION_CREATED"", ""MENTION_SELECTED""]",MENTION_SELECTED,train,llm_synthetic_expanded,0.9333333333333333
llm_synth_expanded_878,synthetic,16,11,12,"[""PROCESS_START"", ""STEP_RELATION_SUGGESTION"", ""STEP_RELATIONS"", ""MENTION_SELECTED"", ""MENTION_SUGGESTION_BOUNDS_UPDATED"", ""MENTION_SELECTED"", ""MENTION_SELECTED"", ""RELATION_CREATED"", ""MENTION_SELECTED"", ""MENTION_SELECTED"", ""RELATION_CREATED"", ""MENTION_SELECTED""]",MENTION_SELECTED,train,llm_synthetic_expanded,0.9166666666666666
llm_synth_expanded_875,synthetic,13,2,3,"[""PROCESS_START"", ""STEP_RELATION_SUGGESTION"", ""STEP_RELATIONS""]",MENTION_SELECTED,train,llm_synthetic_expanded,0.6666666666666666
llm_synth_expanded_874,synthetic,11,14,15,"[""PROCESS_START"", ""STEP_RELATION_SUGGESTION"", ""STEP_RELATIONS"", ""MENTION_SELECTED"", ""MENTION_SELECTED"", ""RELATION_CREATED"", ""MENTION_SELECTED"", ""MENTION_SELECTED"", ""RELATION_CREATED"", ""MENTION_SELECTED"", ""MENTION_SELECTED"", ""RELATION_CREATED"", ""MENTION_SELECTED"", ""MENTION_SELECTED"", ""RELATION_CREATED""]",MENTION_SELECTED,train,llm_synthetic_expanded,0.9333333333333333
llm_synth_expanded_996,synthetic,11,17,18,"[""MENTION_SELECTED"", ""ENTITY_REMOVED"", ""MENTION_SELECTED"", ""MENTION_SELECTED"", ""RELATION_CREATED"", ""MENTION_SELECTED"", ""MENTION_SELECTED"", ""RELATION_CREATED"", ""MENTION_SELECTED"", ""MENTION_SELECTED"", ""RELATION_CREATED"", ""MENTION_SELECTED"", ""MENTION_SELECTED"", ""RELATION_CREATED"", ""MENTION_SELECTED"", ""MENTION_SELECTED"", ""RELATION_CREATED"", ""MENTION_SELECTED""]",MENTION_SELECTED,train,llm_synthetic_expanded,0.9444444444444444
llm_synth_expanded_869,synthetic,23,1,2,"[""PROCESS_START"", ""MENTION_CREATED""]",MENTION_SELECTED,train,llm_synthetic_expanded,0.5
llm_synth_expanded_3,synthetic,43,2,3,"[""PROCESS_START"", ""STEP_RELATIONS"", ""MENTION_SELECTED""]",MENTION_SELECTED,train,llm_synthetic_expanded,0.6666666666666666
llm_synth_expanded_1218,synthetic,34,8,9,"[""PROCESS_START"", ""MENTION_SUGGESTION_BOUNDS_UPDATED"", ""MENTION_SELECTED"", ""MENTION_SELECTED"", ""TOKEN_DESELECTED"", ""MENTION_SELECTED"", ""MENTION_SELECTED"", ""MENTION_DESELECTED"", ""MENTION_SELECTED""]",MENTION_SELECTED,train,llm_synthetic_expanded,0.7777777777777778
llm_synth_expanded_57,synthetic,42,6,7,"[""STEP_ENTITIES"", ""MENTION_SELECTED"", ""MENTION_SELECTED"", ""ENTITY_GROUPED"", ""MENTION_SELECTED"", ""MENTION_SELECTED"", ""ENTITY_GROUPED""]",MENTION_SELECTED,train,llm_synthetic_expanded,1.0
llm_synth_expanded_841,synthetic,23,2,3,"[""MENTION_SELECTED"", ""MENTION_DESELECTED"", ""MENTION_SELECTED""]",MENTION_SELECTED,train,llm_synthetic_expanded,1.0
llm_synth_expanded_878,synthetic,16,13,14,"[""PROCESS_START"", ""STEP_RELATION_SUGGESTION"", ""STEP_RELATIONS"", ""MENTION_SELECTED"", ""MENTION_SUGGESTION_BOUNDS_UPDATED"", ""MENTION_SELECTED"", ""MENTION_SELECTED"", ""RELATION_CREATED"", ""MENTION_SELECTED"", ""MENTION_SELECTED"", ""RELATION_CREATED"", ""MENTION_SELECTED"", ""MENTION_SELECTED"", ""RELATION_CREATED""]",MENTION_SELECTED,train,llm_synthetic_expanded,0.9285714285714286
llm_synth_expanded_209,synthetic,41,13,14,"[""PROCESS_START"", ""ENTITY_GROUPED"", ""MENTION_SELECTED"", ""MENTION_SELECTED"", ""ENTITY_GROUPED"", ""STEP_RELATION_SUGGESTION"", ""STEP_RELATIONS"", ""MENTION_SELECTED"", ""MENTION_SELECTED"", ""MENTION_DESELECTED"", ""MENTION_DESELECTED"", ""MENTION_SELECTED"", ""MENTION_DESELECTED"", ""MENTION_SELECTED""]",MENTION_SELECTED,train,llm_synthetic_expanded,0.9285714285714286
llm_synth_expanded_29,synthetic,33,4,5,"[""MENTION_SELECTED"", ""MENTION_SELECTED"", ""ENTITY_GROUPED"", ""MENTION_DESELECTED"", ""MENTION_SELECTED""]",MENTION_SELECTED,train,llm_synthetic_expanded,1.0
llm_synth_expanded_100,synthetic,41,14,15,"[""PROCESS_START"", ""TOKEN_SELECTED"", ""TOKEN_SELECTED"", ""MENTION_CREATED"", ""TOKEN_SELECTED"", ""MENTION_CREATED"", ""TOKEN_SELECTED"", ""MENTION_CREATED"", ""TOKEN_SELECTED"", ""TOKEN_SELECTED"", ""MENTION_CREATED"", ""TOKEN_SELECTED"", ""TOKEN_SELECTED"", ""MENTION_CREATED"", ""STEP_ENTITIES""]",MENTION_SELECTED,train,llm_synthetic_expanded,0.9333333333333333
llm_synth_expanded_1209,synthetic,21,7,8,"[""PROCESS_START"", ""MENTION_SELECTED"", ""MENTION_SELECTED"", ""MENTION_DESELECTED"", ""MENTION_SELECTED"", ""MENTION_SELECTED"", ""MENTION_DESELECTED"", ""MENTION_SELECTED""]",MENTION_SELECTED,train,llm_synthetic_expanded,0.875
llm_synth_expanded_1219,synthetic,34,11,12,"[""PROCESS_START"", ""ENTITY_GROUPED"", ""MENTION_SUGGESTION_REJECTED"", ""MENTION_SELECTED"", ""MENTION_SELECTED"", ""MENTION_DESELECTED"", ""MENTION_SELECTED"", ""MENTION_SELECTED"", ""MENTION_DESELECTED"", ""MENTION_SELECTED"", ""MENTION_SELECTED"", ""MENTION_DESELECTED""]",MENTION_SELECTED,train,llm_synthetic_expanded,0.75
llm_synth_expanded_1,synthetic,43,2,3,"[""PROCESS_START"", ""STEP_MENTION_SUGGESTION"", ""MENTION_SELECTED""]",MENTION_SELECTED,train,llm_synthetic_expanded,0.6666666666666666
llm_synth_expanded_876,synthetic,14,7,8,"[""PROCESS_START"", ""STEP_RELATION_SUGGESTION"", ""STEP_RELATIONS"", ""MENTION_SELECTED"", ""MENTION_SUGGESTION_BOUNDS_UPDATED"", ""MENTION_SELECTED"", ""MENTION_SELECTED"", ""RELATION_CREATED""]",MENTION_SELECTED,train,llm_synthetic_expanded,0.875
llm_synth_expanded_868,synthetic,43,10,11,"[""MENTION_SELECTED"", ""MENTION_SELECTED"", ""MENTION_DESELECTED"", ""MENTION_DESELECTED"", ""MENTION_SELECTED"", ""MENTION_SELECTED"", ""RELATION_CREATED"", ""MENTION_SELECTED"", ""MENTION_SELECTED"", ""MENTION_DESELECTED"", ""MENTION_DESELECTED""]",MENTION_SELECTED,train,llm_synthetic_expanded,1.0
llm_synth_expanded_513,synthetic,11,11,12,"[""STEP_RELATION_SUGGESTION"", ""STEP_RELATIONS"", ""MENTION_SELECTED"", ""MENTION_SELECTED"", ""RELATION_CREATED"", ""MENTION_SELECTED"", ""MENTION_SELECTED"", ""RELATION_CREATED"", ""MENTION_SELECTED"", ""MENTION_SELECTED"", ""RELATION_CREATED"", ""MENTION_SELECTED""]",MENTION_SELECTED,train,llm_synthetic_expanded,1.0
llm_synth_expanded_875,synthetic,13,4,5,"[""PROCESS_START"", ""STEP_RELATION_SUGGESTION"", ""STEP_RELATIONS"", ""MENTION_SELECTED"", ""MENTION_SUGGESTION_BOUNDS_UPDATED""]",MENTION_SELECTED,train,llm_synthetic_expanded,0.8
llm_synth_expanded_742,synthetic,23,14,15,"[""PROCESS_START"", ""TOKEN_SELECTED"", ""TOKEN_SELECTED"", ""MENTION_CREATED"", ""TOKEN_SELECTED"", ""TOKEN_SELECTED"", ""MENTION_CREATED"", ""TOKEN_SELECTED"", ""TOKEN_SELECTED"", ""MENTION_CREATED"", ""TOKEN_SELECTED"", ""TOKEN_SELECTED"", ""MENTION_CREATED"", ""STEP_ENTITIES"", ""MENTION_SELECTED""]",MENTION_SELECTED,train,llm_synthetic_expanded,0.9333333333333333
llm_synth_expanded_1022,synthetic,41,3,4,"[""PROCESS_START"", ""STEP_MENTION_SUGGESTION"", ""STEP_METION"", ""TOKEN_SELECTED""]",MENTION_SELECTED,train,llm_synthetic_expanded,1.0
llm_synth_expanded_340,synthetic,44,11,12,"[""PROCESS_START"", ""MENTION_CREATED"", ""TOKEN_SELECTED"", ""TOKEN_SELECTED"", ""TOKEN_SELECTED"", ""MENTION_CREATED"", ""STEP_ENTITIES"", ""MENTION_SELECTED"", ""MENTION_SELECTED"", ""MENTION_SELECTED"", ""ENTITY_GROUPED"", ""MENTION_SELECTED""]",MENTION_SELECTED,train,llm_synthetic_expanded,0.9166666666666666
llm_synth_expanded_125,synthetic,41,20,21,"[""PROCESS_START"", ""TOKEN_SELECTED"", ""MENTION_SELECTED"", ""RELATION_CREATED"", ""MENTION_SELECTED"", ""MENTION_DESELECTED"", ""TOKEN_SELECTED"", ""TOKEN_SELECTED"", ""TOKEN_DESELECTED"", ""TOKEN_DESELECTED"", ""TOKEN_SELECTED"", ""MENTION_CREATED"", ""MENTION_SELECTED"", ""MENTION_SELECTED"", ""ENTITY_GROUPED"", ""MENTION_SELECTED"", ""MENTION_SELECTED"", ""ENTITY_GROUPED"", ""STEP_MENTION_SUGGESTION"", ""STEP_RELATIONS"", ""MENTION_SELECTED""]",MENTION_SELECTED,train,llm_synthetic_expanded,0.8571428571428571
llm_synth_expanded_352,synthetic,34,4,5,"[""STEP_ENTITIES"", ""STEP_RELATION_SUGGESTION"", ""RELATION_SUGGESTION_ACCEPTED"", ""STEP_RELATIONS"", ""MENTION_SELECTED""]",MENTION_SELECTED,train,llm_synthetic_expanded,1.0
llm_synth_expanded_868,synthetic,43,11,12,"[""MENTION_SELECTED"", ""MENTION_SELECTED"", ""MENTION_DESELECTED"", ""MENTION_DESELECTED"", ""MENTION_SELECTED"", ""MENTION_SELECTED"", ""RELATION_CREATED"", ""MENTION_SELECTED"", ""MENTION_SELECTED"", ""MENTION_DESELECTED"", ""MENTION_DESELECTED"", ""MENTION_SELECTED""]",MENTION_SELECTED,train,llm_synthetic_expanded,1.0
llm_synth_expanded_296,synthetic,34,2,3,"[""PROCESS_START"", ""STEP_RELATIONS"", ""MENTION_SELECTED""]",MENTION_SELECTED,train,llm_synthetic_expanded,0.6666666666666666
llm_synth_expanded_40,synthetic,12,9,10,"[""PROCESS_START"", ""MENTION_CREATED"", ""TOKEN_SELECTED"", ""MENTION_CREATED"", ""TOKEN_SELECTED"", ""MENTION_CREATED"", ""TOKEN_SELECTED"", ""MENTION_SELECTED"", ""TOKEN_SELECTED"", ""MENTION_SELECTED""]",MENTION_SELECTED,train,llm_synthetic_expanded,0.9
llm_synth_expanded_880,synthetic,18,11,12,"[""PROCESS_START"", ""STEP_RELATION_SUGGESTION"", ""STEP_RELATIONS"", ""MENTION_SELECTED"", ""MENTION_SUGGESTION_BOUNDS_UPDATED"", ""MENTION_SELECTED"", ""MENTION_SELECTED"", ""RELATION_CREATED"", ""MENTION_SELECTED"", ""MENTION_SELECTED"", ""RELATION_CREATED"", ""MENTION_SELECTED""]",MENTION_SELECTED,train,llm_synthetic_expanded,0.9166666666666666
llm_synth_expanded_335,synthetic,11,11,12,"[""MENTION_SELECTED"", ""MENTION_DESELECTED"", ""MENTION_SELECTED"", ""MENTION_SELECTED"", ""RELATION_CREATED"", ""MENTION_SELECTED"", ""MENTION_SELECTED"", ""RELATION_CREATED"", ""MENTION_SELECTED"", ""MENTION_SELECTED"", ""RELATION_CREATED"", ""MENTION_SELECTED""]",MENTION_SELECTED,train,llm_synthetic_expanded,1.0
llm_synth_expanded_721,synthetic,11,14,15,"[""PROCESS_START"", ""MENTION_SELECTED"", ""MENTION_SELECTED"", ""MENTION_SELECTED"", ""RELATION_CREATED"", ""MENTION_SELECTED"", ""MENTION_SELECTED"", ""RELATION_CREATED"", ""MENTION_SELECTED"", ""MENTION_SELECTED"", ""RELATION_CREATED"", ""MENTION_SELECTED"", ""MENTION_DESELECTED"", ""MENTION_SELECTED"", ""MENTION_DESELECTED""]",MENTION_SELECTED,train,llm_synthetic_expanded,0.9333333333333333
llm_synth_expanded_100,synthetic,41,16,17,"[""PROCESS_START"", ""TOKEN_SELECTED"", ""TOKEN_SELECTED"", ""MENTION_CREATED"", ""TOKEN_SELECTED"", ""MENTION_CREATED"", ""TOKEN_SELECTED"", ""MENTION_CREATED"", ""TOKEN_SELECTED"", ""TOKEN_SELECTED"", ""MENTION_CREATED"", ""TOKEN_SELECTED"", ""TOKEN_SELECTED"", ""MENTION_CREATED"", ""STEP_ENTITIES"", ""MENTION_SELECTED"", ""MENTION_SELECTED""]",MENTION_SELECTED,train,llm_synthetic_expanded,0.9411764705882353
llm_synth_expanded_654,synthetic,23,17,18,"[""PROCESS_START"", ""ENTITY_GROUPED"", ""STEP_RELATION_SUGGESTION"", ""STEP_RELATIONS"", ""MENTION_SELECTED"", ""MENTION_SELECTED"", ""RELATION_CREATED"", ""MENTION_SELECTED"", ""MENTION_SELECTED"", ""RELATION_CREATED"", ""MENTION_SELECTED"", ""MENTION_SELECTED"", ""RELATION_CREATED"", ""RELATION_DELETED"", ""RELATION_DELETED"", ""MENTION_SELECTED"", ""MENTION_SELECTED"", ""RELATION_CREATED""]",MENTION_SELECTED,train,llm_synthetic_expanded,0.9444444444444444
llm_synth_expanded_298,synthetic,34,2,3,"[""PROCESS_START"", ""TOKEN_SELECTED"", ""MENTION_SELECTED""]",MENTION_SELECTED,train,llm_synthetic_expanded,0.6666666666666666
llm_synth_expanded_48,synthetic,33,17,18,"[""PROCESS_START"", ""STEP_RELATION_SUGGESTION"", ""STEP_RELATIONS"", ""MENTION_SELECTED"", ""MENTION_SELECTED"", ""RELATION_CREATED"", ""MENTION_SELECTED"", ""MENTION_SELECTED"", ""RELATION_CREATED"", ""MENTION_SELECTED"", ""MENTION_SELECTED"", ""RELATION_CREATED"", ""MENTION_SELECTED"", ""MENTION_SELECTED"", ""RELATION_CREATED"", ""MENTION_SELECTED"", ""MENTION_SELECTED"", ""RELATION_CREATED""]",MENTION_SELECTED,train,llm_synthetic_expanded,0.9444444444444444
llm_synth_expanded_207,synthetic,41,17,18,"[""PROCESS_START"", ""RELATION_CREATED"", ""MENTION_SELECTED"", ""MENTION_SELECTED"", ""RELATION_CREATED"", ""MENTION_SELECTED"", ""MENTION_SELECTED"", ""RELATION_CREATED"", ""MENTION_SELECTED"", ""MENTION_SELECTED"", ""RELATION_CREATED"", ""MENTION_SELECTED"", ""MENTION_SELECTED"", ""RELATION_CREATED"", ""MENTION_SELECTED"", ""MENTION_SELECTED"", ""RELATION_CREATED"", ""MENTION_SELECTED""]",MENTION_SELECTED,train,llm_synthetic_expanded,0.9444444444444444
llm_synth_expanded_327,synthetic,24,9,10,"[""RELATION_CREATED"", ""MENTION_SELECTED"", ""MENTION_SELECTED"", ""RELATION_CREATED"", ""MENTION_SELECTED"", ""MENTION_SELECTED"", ""RELATION_CREATED"", ""MENTION_SELECTED"", ""MENTION_SELECTED"", ""RELATION_CREATED""]",MENTION_SELECTED,train,llm_synthetic_expanded,1.0
llm_synth_expanded_1201,synthetic,41,18,19,"[""PROCESS_START"", ""RELATION_CREATED"", ""MENTION_SELECTED"", ""MENTION_SELECTED"", ""RELATION_CREATED"", ""MENTION_SELECTED"", ""MENTION_SELECTED"", ""RELATION_CREATED"", ""MENTION_SELECTED"", ""MENTION_SELECTED"", ""RELATION_CREATED"", ""MENTION_SELECTED"", ""MENTION_SELECTED"", ""MENTION_DESELECTED"", ""MENTION_SELECTED"", ""RELATION_CREATED"", ""MENTION_SELECTED"", ""MENTION_SELECTED"", ""RELATION_CREATED""]",MENTION_SELECTED,train,llm_synthetic_expanded,0.9473684210526315
llm_synth_expanded_659,synthetic,23,3,4,"[""PROCESS_START"", ""STEP_RELATION_SUGGESTION"", ""STEP_RELATIONS"", ""MENTION_SELECTED""]",MENTION_SELECTED,train,llm_synthetic_expanded,0.75
llm_synth_expanded_837,synthetic,23,13,14,"[""MENTION_SELECTED"", ""ENTITY_GROUPED"", ""MENTION_SELECTED"", ""MENTION_SELECTED"", ""ENTITY_GROUPED"", ""TOKEN_SELECTED"", ""MENTION_CREATED"", ""STEP_RELATION_SUGGESTION"", ""STEP_RELATIONS"", ""MENTION_SELECTED"", ""MENTION_SELECTED"", ""RELATION_CREATED"", ""RELATION_DELETED"", ""MENTION_SELECTED""]",MENTION_SELECTED,train,llm_synthetic_expanded,1.0
llm_synth_expanded_658,synthetic,23,15,16,"[""PROCESS_START"", ""MENTION_DELETED"", ""TOKEN_SELECTED"", ""TOKEN_SELECTED"", ""TOKEN_SELECTED"", ""TOKEN_DESELECTED"", ""TOKEN_DESELECTED"", ""TOKEN_DESELECTED"", ""TOKEN_SELECTED"", ""MENTION_CREATED"", ""STEP_ENTITIES"", ""MENTION_SELECTED"", ""MENTION_SELECTED"", ""ENTITY_GROUPED"", ""MENTION_SELECTED"", ""MENTION_TYPE_UPDATED""]",MENTION_SELECTED,train,llm_synthetic_expanded,0.9375
llm_synth_expanded_740,synthetic,23,15,16,"[""PROCESS_START"", ""MENTION_CREATED"", ""TOKEN_SELECTED"", ""TOKEN_SELECTED"", ""MENTION_CREATED"", ""TOKEN_SELECTED"", ""TOKEN_SELECTED"", ""MENTION_CREATED"", ""TOKEN_SELECTED"", ""TOKEN_SELECTED"", ""MENTION_CREATED"", ""STEP_ENTITIES"", ""MENTION_SELECTED"", ""MENTION_SELECTED"", ""ENTITY_GROUPED"", ""MENTION_SELECTED""]",MENTION_SELECTED,train,llm_synthetic_expanded,0.9375
llm_synth_expanded_1208,synthetic,21,3,4,"[""PROCESS_START"", ""MENTION_SELECTED"", ""MENTION_SELECTED"", ""MENTION_DESELECTED""]",MENTION_SELECTED,train,llm_synthetic_expanded,0.75
llm_synth_expanded_210,synthetic,41,6,7,"[""PROCESS_START"", ""MENTION_SELECTED"", ""MENTION_SELECTED"", ""RELATION_CREATED"", ""MENTION_SELECTED"", ""MENTION_SELECTED"", ""RELATION_CREATED""]",MENTION_SELECTED,train,llm_synthetic_expanded,0.8571428571428571
llm_synth_expanded_904,synthetic,41,9,10,"[""MENTION_DESELECTED"", ""MENTION_SELECTED"", ""MENTION_SELECTED"", ""RELATION_CREATED"", ""MENTION_SELECTED"", ""MENTION_SELECTED"", ""RELATION_CREATED"", ""MENTION_SELECTED"", ""MENTION_SELECTED"", ""RELATION_CREATED""]",MENTION_SELECTED,train,llm_synthetic_expanded,1.0
llm_synth_expanded_171,synthetic,24,19,20,"[""PROCESS_START"", ""MENTION_CREATED"", ""TOKEN_SELECTED"", ""TOKEN_SELECTED"", ""MENTION_CREATED"", ""TOKEN_SELECTED"", ""TOKEN_SELECTED"", ""MENTION_CREATED"", ""TOKEN_SELECTED"", ""TOKEN_SELECTED"", ""MENTION_CREATED"", ""TOKEN_SELECTED"", ""TOKEN_SELECTED"", ""MENTION_CREATED"", ""TOKEN_SELECTED"", ""TOKEN_SELECTED"", ""MENTION_CREATED"", ""TOKEN_SELECTED"", ""TOKEN_SELECTED"", ""MENTION_SELECTED""]",MENTION_SELECTED,train,llm_synthetic_expanded,0.95
llm_synth_expanded_877,synthetic,15,11,12,"[""PROCESS_START"", ""STEP_RELATION_SUGGESTION"", ""STEP_RELATIONS"", ""MENTION_SELECTED"", ""MENTION_SUGGESTION_BOUNDS_UPDATED"", ""MENTION_SELECTED"", ""MENTION_SELECTED"", ""RELATION_CREATED"", ""MENTION_SELECTED"", ""MENTION_SELECTED"", ""RELATION_CREATED"", ""MENTION_SELECTED""]",MENTION_SELECTED,train,llm_synthetic_expanded,0.9166666666666666
llm_synth_expanded_229,synthetic,44,3,4,"[""PROCESS_START"", ""ENTITY_GROUPED"", ""MENTION_SELECTED"", ""MENTION_SELECTED""]",MENTION_SELECTED,train,llm_synthetic_expanded,0.75
llm_synth_expanded_904,synthetic,41,12,13,"[""MENTION_DESELECTED"", ""MENTION_SELECTED"", ""MENTION_SELECTED"", ""RELATION_CREATED"", ""MENTION_SELECTED"", ""MENTION_SELECTED"", ""RELATION_CREATED"", ""MENTION_SELECTED"", ""MENTION_SELECTED"", ""RELATION_CREATED"", ""MENTION_SELECTED"", ""MENTION_SELECTED"", ""RELATION_CREATED""]",MENTION_SELECTED,train,llm_synthetic_expanded,1.0
llm_synth_expanded_1218,synthetic,34,2,3,"[""PROCESS_START"", ""MENTION_SUGGESTION_BOUNDS_UPDATED"", ""MENTION_SELECTED""]",MENTION_SELECTED,train,llm_synthetic_expanded,0.6666666666666666
llm_synth_expanded_659,synthetic,23,18,19,"[""PROCESS_START"", ""STEP_RELATION_SUGGESTION"", ""STEP_RELATIONS"", ""MENTION_SELECTED"", ""MENTION_SELECTED"", ""RELATION_CREATED"", ""MENTION_SELECTED"", ""MENTION_SELECTED"", ""RELATION_CREATED"", ""MENTION_SELECTED"", ""MENTION_SELECTED"", ""RELATION_CREATED"", ""MENTION_SELECTED"", ""MENTION_SELECTED"", ""RELATION_CREATED"", ""MENTION_SELECTED"", ""MENTION_TYPE_UPDATED"", ""TOKEN_SELECTED"", ""MENTION_SELECTED""]",MENTION_SELECTED,train,llm_synthetic_expanded,0.9473684210526315
llm_synth_expanded_843,synthetic,23,15,16,"[""PROCESS_START"", ""STEP_RELATION_SUGGESTION"", ""STEP_RELATIONS"", ""MENTION_SELECTED"", ""MENTION_SELECTED"", ""RELATION_CREATED"", ""MENTION_SELECTED"", ""MENTION_SELECTED"", ""RELATION_CREATED"", ""MENTION_SELECTED"", ""MENTION_SELECTED"", ""RELATION_CREATED"", ""MENTION_SELECTED"", ""MENTION_SELECTED"", ""RELATION_CREATED"", ""MENTION_SELECTED""]",MENTION_SELECTED,train,llm_synthetic_expanded,0.9375
llm_synth_expanded_874,synthetic,11,8,9,"[""PROCESS_START"", ""STEP_RELATION_SUGGESTION"", ""STEP_RELATIONS"", ""MENTION_SELECTED"", ""MENTION_SELECTED"", ""RELATION_CREATED"", ""MENTION_SELECTED"", ""MENTION_SELECTED"", ""RELATION_CREATED""]",MENTION_SELECTED,train,llm_synthetic_expanded,0.8888888888888888
llm_synth_expanded_883,synthetic,22,19,20,"[""PROCESS_START"", ""MENTION_SELECTED"", ""MENTION_TYPE_UPDATED"", ""MENTION_SUGGESTION_ACCEPTED"", ""MENTION_SUGGESTION_REJECTED"", ""TOKEN_SELECTED"", ""TOKEN_SELECTED"", ""MENTION_CREATED"", ""TOKEN_SELECTED"", ""MENTION_CREATED"", ""MENTION_SUGGESTION_ACCEPTED"", ""STEP_METION"", ""TOKEN_SELECTED"", ""TOKEN_SELECTED"", ""MENTION_CREATED"", ""STEP_ENTITIES"", ""MENTION_SELECTED"", ""MENTION_SELECTED"", ""ENTITY_GROUPED"", ""MENTION_SELECTED""]",MENTION_SELECTED,train,llm_synthetic_expanded,0.95
llm_synth_expanded_1209,synthetic,21,6,7,"[""PROCESS_START"", ""MENTION_SELECTED"", ""MENTION_SELECTED"", ""MENTION_DESELECTED"", ""MENTION_SELECTED"", ""MENTION_SELECTED"", ""MENTION_DESELECTED""]",MENTION_SELECTED,train,llm_synthetic_expanded,0.8571428571428571
llm_synth_expanded_903,synthetic,41,7,8,"[""MENTION_SELECTED"", ""MENTION_SELECTED"", ""RELATION_CREATED"", ""MENTION_SELECTED"", ""MENTION_SELECTED"", ""RELATION_CREATED"", ""RELATION_DELETED"", ""MENTION_SELECTED""]",MENTION_SELECTED,train,llm_synthetic_expanded,1.0
llm_synth_expanded_1208,synthetic,21,4,5,"[""PROCESS_START"", ""MENTION_SELECTED"", ""MENTION_SELECTED"", ""MENTION_DESELECTED"", ""MENTION_SELECTED""]",MENTION_SELECTED,train,llm_synthetic_expanded,0.8
llm_synth_expanded_208,synthetic,41,12,13,"[""PROCESS_START"", ""TOKEN_SELECTED"", ""TOKEN_SELECTED"", ""MENTION_CREATED"", ""STEP_ENTITIES"", ""MENTION_SELECTED"", ""MENTION_SELECTED"", ""ENTITY_GROUPED"", ""MENTION_SELECTED"", ""MENTION_SELECTED"", ""ENTITY_GROUPED"", ""STEP_RELATION_SUGGESTION"", ""STEP_RELATIONS""]",MENTION_SELECTED,train,llm_synthetic_expanded,0.9230769230769231
llm_synth_expanded_876,synthetic,14,2,3,"[""PROCESS_START"", ""STEP_RELATION_SUGGESTION"", ""STEP_RELATIONS""]",MENTION_SELECTED,train,llm_synthetic_expanded,0.6666666666666666
llm_synth_expanded_207,synthetic,41,10,11,"[""PROCESS_START"", ""RELATION_CREATED"", ""MENTION_SELECTED"", ""MENTION_SELECTED"", ""RELATION_CREATED"", ""MENTION_SELECTED"", ""MENTION_SELECTED"", ""RELATION_CREATED"", ""MENTION_SELECTED"", ""MENTION_SELECTED"", ""RELATION_CREATED""]",MENTION_SELECTED,train,llm_synthetic_expanded,0.9090909090909091
llm_synth_expanded_874,synthetic,11,12,13,"[""PROCESS_START"", ""STEP_RELATION_SUGGESTION"", ""STEP_RELATIONS"", ""MENTION_SELECTED"", ""MENTION_SELECTED"", ""RELATION_CREATED"", ""MENTION_SELECTED"", ""MENTION_SELECTED"", ""RELATION_CREATED"", ""MENTION_SELECTED"", ""MENTION_SELECTED"", ""RELATION_CREATED"", ""MENTION_SELECTED""]",MENTION_SELECTED,train,llm_synthetic_expanded,0.9230769230769231
llm_synth_expanded_875,synthetic,13,19,20,"[""PROCESS_START"", ""STEP_RELATION_SUGGESTION"", ""STEP_RELATIONS"", ""MENTION_SELECTED"", ""MENTION_SUGGESTION_BOUNDS_UPDATED"", ""MENTION_SELECTED"", ""MENTION_SELECTED"", ""RELATION_CREATED"", ""MENTION_SELECTED"", ""MENTION_SELECTED"", ""RELATION_CREATED"", ""MENTION_SELECTED"", ""MENTION_SELECTED"", ""RELATION_CREATED"", ""MENTION_SELECTED"", ""MENTION_SELECTED"", ""RELATION_CREATED"", ""MENTION_SELECTED"", ""MENTION_SELECTED"", ""RELATION_CREATED""]",MENTION_SELECTED,train,llm_synthetic_expanded,0.95
llm_synth_expanded_879,synthetic,17,5,6,"[""PROCESS_START"", ""STEP_RELATION_SUGGESTION"", ""STEP_RELATIONS"", ""MENTION_SELECTED"", ""MENTION_SUGGESTION_BOUNDS_UPDATED"", ""MENTION_SELECTED""]",MENTION_SELECTED,train,llm_synthetic_expanded,0.8333333333333334
llm_synth_expanded_152,synthetic,22,5,6,"[""PROCESS_START"", ""MENTION_CREATED"", ""MENTION_SELECTED"", ""MENTION_DESELECTED"", ""MENTION_SELECTED"", ""MENTION_DESELECTED""]",MENTION_SELECTED,train,llm_synthetic_expanded,0.8333333333333334
llm_synth_expanded_297,synthetic,34,1,2,"[""PROCESS_START"", ""ENTITY_GROUPED""]",MENTION_SELECTED,train,llm_synthetic_expanded,0.5
llm_synth_expanded_875,synthetic,13,5,6,"[""PROCESS_START"", ""STEP_RELATION_SUGGESTION"", ""STEP_RELATIONS"", ""MENTION_SELECTED"", ""MENTION_SUGGESTION_BOUNDS_UPDATED"", ""MENTION_SELECTED""]",MENTION_SELECTED,train,llm_synthetic_expanded,0.8333333333333334
llm_synth_expanded_126,synthetic,41,13,14,"[""PROCESS_START"", ""TOKEN_SELECTED"", ""MENTION_SELECTED"", ""RELATION_CREATED"", ""MENTION_SELECTED"", ""MENTION_SELECTED"", ""RELATION_CREATED"", ""MENTION_SELECTED"", ""MENTION_SELECTED"", ""RELATION_CREATED"", ""MENTION_SELECTED"", ""MENTION_SELECTED"", ""RELATION_CREATED"", ""MENTION_SELECTED""]",MENTION_SELECTED,train,llm_synthetic_expanded,0.9285714285714286
llm_synth_expanded_705,synthetic,41,17,18,"[""MENTION_SELECTED"", ""MENTION_SELECTED"", ""ENTITY_GROUPED"", ""STEP_RELATION_SUGGESTION"", ""STEP_RELATIONS"", ""MENTION_SELECTED"", ""MENTION_SELECTED"", ""RELATION_CREATED"", ""MENTION_SELECTED"", ""MENTION_SELECTED"", ""RELATION_CREATED"", ""MENTION_SELECTED"", ""MENTION_SELECTED"", ""RELATION_CREATED"", ""MENTION_SELECTED"", ""MENTION_SELECTED"", ""RELATION_CREATED"", ""MENTION_SELECTED""]",MENTION_SELECTED,train,llm_synthetic_expanded,1.0
llm_synth_expanded_705,synthetic,41,14,15,"[""MENTION_SELECTED"", ""MENTION_SELECTED"", ""ENTITY_GROUPED"", ""STEP_RELATION_SUGGESTION"", ""STEP_RELATIONS"", ""MENTION_SELECTED"", ""MENTION_SELECTED"", ""RELATION_CREATED"", ""MENTION_SELECTED"", ""MENTION_SELECTED"", ""RELATION_CREATED"", ""MENTION_SELECTED"", ""MENTION_SELECTED"", ""RELATION_CREATED"", ""MENTION_SELECTED""]",MENTION_SELECTED,train,llm_synthetic_expanded,1.0
llm_synth_expanded_153,synthetic,22,12,13,"[""PROCESS_START"", ""TOKEN_SELECTED"", ""TOKEN_SELECTED"", ""MENTION_CREATED"", ""TOKEN_SELECTED"", ""TOKEN_SELECTED"", ""MENTION_CREATED"", ""TOKEN_SELECTED"", ""MENTION_CREATED"", ""TOKEN_SELECTED"", ""MENTION_CREATED"", ""MENTION_SELECTED"", ""MENTION_DESELECTED""]",MENTION_SELECTED,train,llm_synthetic_expanded,0.9230769230769231
llm_synth_expanded_103,synthetic,23,4,5,"[""PROCESS_START"", ""STEP_RELATIONS"", ""RELATION_SUGGESTION_MARKED"", ""RELATION_SUGGESTION_REJECTED"", ""MENTION_DESELECTED""]",MENTION_SELECTED,train,llm_synthetic_expanded,0.4
llm_synth_expanded_207,synthetic,41,8,9,"[""PROCESS_START"", ""RELATION_CREATED"", ""MENTION_SELECTED"", ""MENTION_SELECTED"", ""RELATION_CREATED"", ""MENTION_SELECTED"", ""MENTION_SELECTED"", ""RELATION_CREATED"", ""MENTION_SELECTED""]",MENTION_SELECTED,train,llm_synthetic_expanded,0.8888888888888888
llm_synth_expanded_701,synthetic,41,16,17,"[""RELATION_CREATED"", ""MENTION_SELECTED"", ""MENTION_SELECTED"", ""RELATION_CREATED"", ""MENTION_SELECTED"", ""MENTION_SELECTED"", ""RELATION_CREATED"", ""MENTION_SELECTED"", ""MENTION_SELECTED"", ""RELATION_CREATED"", ""MENTION_SELECTED"", ""MENTION_SELECTED"", ""RELATION_CREATED"", ""MENTION_SELECTED"", ""MENTION_SELECTED"", ""RELATION_CREATED"", ""MENTION_SELECTED""]",MENTION_SELECTED,train,llm_synthetic_expanded,1.0
llm_synth_expanded_1182,synthetic,31,3,4,"[""PROCESS_START"", ""MENTION_SELECTED"", ""MENTION_SELECTED"", ""RELATION_CREATED""]",MENTION_SELECTED,train,llm_synthetic_expanded,0.75
llm_synth_expanded_263,synthetic,41,18,19,"[""TOKEN_SELECTED"", ""MENTION_CREATED"", ""TOKEN_SELECTED"", ""TOKEN_SELECTED"", ""MENTION_CREATED"", ""TOKEN_SELECTED"", ""TOKEN_SELECTED"", ""TOKEN_SELECTED"", ""MENTION_CREATED"", ""TOKEN_SELECTED"", ""MENTION_CREATED"", ""TOKEN_SELECTED"", ""MENTION_CREATED"", ""TOKEN_SELECTED"", ""TOKEN_SELECTED"", ""MENTION_CREATED"", ""TOKEN_SELECTED"", ""TOKEN_SELECTED"", ""MENTION_CREATED""]",MENTION_SELECTED,train,llm_synthetic_expanded,1.0
llm_synth_expanded_1054,synthetic,43,8,9,"[""TOKEN_SELECTED"", ""TOKEN_SELECTED"", ""TOKEN_SELECTED"", ""MENTION_CREATED"", ""STEP_ENTITIES"", ""MENTION_SELECTED"", ""MENTION_SELECTED"", ""MENTION_SELECTED"", ""ENTITY_GROUPED""]",MENTION_SELECTED,train,llm_synthetic_expanded,1.0
llm_synth_expanded_879,synthetic,17,14,15,"[""PROCESS_START"", ""STEP_RELATION_SUGGESTION"", ""STEP_RELATIONS"", ""MENTION_SELECTED"", ""MENTION_SUGGESTION_BOUNDS_UPDATED"", ""MENTION_SELECTED"", ""MENTION_SELECTED"", ""RELATION_CREATED"", ""MENTION_SELECTED"", ""MENTION_SELECTED"", ""RELATION_CREATED"", ""MENTION_SELECTED"", ""MENTION_SELECTED"", ""RELATION_CREATED"", ""MENTION_SELECTED""]",MENTION_SELECTED,train,llm_synthetic_expanded,0.9333333333333333
llm_synth_expanded_5,synthetic,43,1,2,"[""PROCESS_START"", ""STEP_METION""]",MENTION_SELECTED,train,llm_synthetic_expanded,0.5
llm_synth_expanded_883,synthetic,22,15,16,"[""PROCESS_START"", ""MENTION_SELECTED"", ""MENTION_TYPE_UPDATED"", ""MENTION_SUGGESTION_ACCEPTED"", ""MENTION_SUGGESTION_REJECTED"", ""TOKEN_SELECTED"", ""TOKEN_SELECTED"", ""MENTION_CREATED"", ""TOKEN_SELECTED"", ""MENTION_CREATED"", ""MENTION_SUGGESTION_ACCEPTED"", ""STEP_METION"", ""TOKEN_SELECTED"", ""TOKEN_SELECTED"", ""MENTION_CREATED"", ""STEP_ENTITIES""]",MENTION_SELECTED,train,llm_synthetic_expanded,0.9375
llm_synth_expanded_48,synthetic,33,15,16,"[""PROCESS_START"", ""STEP_RELATION_SUGGESTION"", ""STEP_RELATIONS"", ""MENTION_SELECTED"", ""MENTION_SELECTED"", ""RELATION_CREATED"", ""MENTION_SELECTED"", ""MENTION_SELECTED"", ""RELATION_CREATED"", ""MENTION_SELECTED"", ""MENTION_SELECTED"", ""RELATION_CREATED"", ""MENTION_SELECTED"", ""MENTION_SELECTED"", ""RELATION_CREATED"", ""MENTION_SELECTED""]",MENTION_SELECTED,train,llm_synthetic_expanded,0.9375
llm_synth_expanded_746,synthetic,23,20,21,"[""PROCESS_START"", ""MENTION_CREATED"", ""TOKEN_SELECTED"", ""TOKEN_SELECTED"", ""MENTION_CREATED"", ""TOKEN_SELECTED"", ""TOKEN_SELECTED"", ""MENTION_CREATED"", ""TOKEN_SELECTED"", ""TOKEN_SELECTED"", ""MENTION_CREATED"", ""STEP_ENTITIES"", ""MENTION_SELECTED"", ""MENTION_SELECTED"", ""ENTITY_GROUPED"", ""MENTION_SELECTED"", ""MENTION_SELECTED"", ""ENTITY_GROUPED"", ""STEP_RELATION_SUGGESTION"", ""STEP_RELATIONS"", ""MENTION_SELECTED""]",MENTION_SELECTED,train,llm_synthetic_expanded,0.9523809523809523
llm_synth_expanded_334,synthetic,11,15,16,"[""RELATION_CREATED"", ""MENTION_SELECTED"", ""MENTION_DESELECTED"", ""MENTION_SELECTED"", ""MENTION_SELECTED"", ""RELATION_CREATED"", ""MENTION_SELECTED"", ""MENTION_SELECTED"", ""RELATION_CREATED"", ""MENTION_SELECTED"", ""MENTION_SELECTED"", ""RELATION_CREATED"", ""MENTION_SELECTED"", ""MENTION_SELECTED"", ""RELATION_CREATED"", ""MENTION_SELECTED""]",MENTION_SELECTED,train,llm_synthetic_expanded,1.0
llm_synth_expanded_405,synthetic,43,19,20,"[""MENTION_SELECTED"", ""MENTION_SELECTED"", ""MENTION_SELECTED"", ""RELATION_CREATED"", ""MENTION_SELECTED"", ""MENTION_SELECTED"", ""RELATION_CREATED"", ""MENTION_SELECTED"", ""MENTION_SELECTED"", ""RELATION_CREATED"", ""MENTION_SELECTED"", ""MENTION_SELECTED"", ""RELATION_CREATED"", ""MENTION_SELECTED"", ""MENTION_SELECTED"", ""MENTION_SELECTED"", ""MENTION_SUGGESTION_BOUNDS_UPDATED"", ""TOKEN_SELECTED"", ""MENTION_CREATED"", ""MENTION_SELECTED""]",MENTION_SELECTED,train,llm_synthetic_expanded,1.0
llm_synth_expanded_878,synthetic,16,14,15,"[""PROCESS_START"", ""STEP_RELATION_SUGGESTION"", ""STEP_RELATIONS"", ""MENTION_SELECTED"", ""MENTION_SUGGESTION_BOUNDS_UPDATED"", ""MENTION_SELECTED"", ""MENTION_SELECTED"", ""RELATION_CREATED"", ""MENTION_SELECTED"", ""MENTION_SELECTED"", ""RELATION_CREATED"", ""MENTION_SELECTED"", ""MENTION_SELECTED"", ""RELATION_CREATED"", ""MENTION_SELECTED""]",MENTION_SELECTED,train,llm_synthetic_expanded,0.9333333333333333
llm_synth_expanded_876,synthetic,14,10,11,"[""PROCESS_START"", ""STEP_RELATION_SUGGESTION"", ""STEP_RELATIONS"", ""MENTION_SELECTED"", ""MENTION_SUGGESTION_BOUNDS_UPDATED"", ""MENTION_SELECTED"", ""MENTION_SELECTED"", ""RELATION_CREATED"", ""MENTION_SELECTED"", ""MENTION_SELECTED"", ""RELATION_CREATED""]",MENTION_SELECTED,train,llm_synthetic_expanded,0.9090909090909091
llm_synth_expanded_1182,synthetic,31,9,10,"[""PROCESS_START"", ""MENTION_SELECTED"", ""MENTION_SELECTED"", ""RELATION_CREATED"", ""MENTION_SELECTED"", ""MENTION_SELECTED"", ""RELATION_CREATED"", ""MENTION_SELECTED"", ""MENTION_SELECTED"", ""RELATION_CREATED""]",MENTION_SELECTED,train,llm_synthetic_expanded,0.9
llm_synth_expanded_335,synthetic,11,10,11,"[""MENTION_SELECTED"", ""MENTION_DESELECTED"", ""MENTION_SELECTED"", ""MENTION_SELECTED"", ""RELATION_CREATED"", ""MENTION_SELECTED"", ""MENTION_SELECTED"", ""RELATION_CREATED"", ""MENTION_SELECTED"", ""MENTION_SELECTED"", ""RELATION_CREATED""]",MENTION_SELECTED,train,llm_synthetic_expanded,1.0
llm_synth_expanded_405,synthetic,43,9,10,"[""MENTION_SELECTED"", ""MENTION_SELECTED"", ""MENTION_SELECTED"", ""RELATION_CREATED"", ""MENTION_SELECTED"", ""MENTION_SELECTED"", ""RELATION_CREATED"", ""MENTION_SELECTED"", ""MENTION_SELECTED"", ""RELATION_CREATED""]",MENTION_SELECTED,train,llm_synthetic_expanded,1.0
llm_synth_expanded_704,synthetic,41,18,19,"[""MENTION_SELECTED"", ""MENTION_SELECTED"", ""ENTITY_GROUPED"", ""STEP_RELATION_SUGGESTION"", ""STEP_RELATIONS"", ""MENTION_SELECTED"", ""MENTION_SELECTED"", ""RELATION_CREATED"", ""MENTION_SELECTED"", ""MENTION_DESELECTED"", ""MENTION_SELECTED"", ""MENTION_SELECTED"", ""RELATION_CREATED"", ""MENTION_SELECTED"", ""MENTION_SELECTED"", ""RELATION_CREATED"", ""MENTION_SELECTED"", ""MENTION_SELECTED"", ""RELATION_CREATED""]",MENTION_SELECTED,train,llm_synthetic_expanded,1.0
llm_synth_expanded_207,synthetic,41,7,8,"[""PROCESS_START"", ""RELATION_CREATED"", ""MENTION_SELECTED"", ""MENTION_SELECTED"", ""RELATION_CREATED"", ""MENTION_SELECTED"", ""MENTION_SELECTED"", ""RELATION_CREATED""]",MENTION_SELECTED,train,llm_synthetic_expanded,0.875
llm_synth_expanded_881,synthetic,19,2,3,"[""PROCESS_START"", ""STEP_RELATION_SUGGESTION"", ""STEP_RELATIONS""]",MENTION_SELECTED,train,llm_synthetic_expanded,0.6666666666666666
llm_synth_expanded_1010,synthetic,13,11,12,"[""MENTION_SELECTED"", ""MENTION_SELECTED"", ""ENTITY_GROUPED"", ""MENTION_DESELECTED"", ""MENTION_SELECTED"", ""MENTION_SELECTED"", ""MENTION_DESELECTED"", ""ENTITY_GROUPED"", ""MENTION_DESELECTED"", ""MENTION_DESELECTED"", ""STEP_RELATION_SUGGESTION"", ""STEP_RELATIONS""]",MENTION_SELECTED,train,llm_synthetic_expanded,1.0
llm_synth_expanded_839,synthetic,23,16,17,"[""MENTION_SELECTED"", ""MENTION_SELECTED"", ""MENTION_SELECTED"", ""ENTITY_GROUPED"", ""MENTION_SELECTED"", ""MENTION_SELECTED"", ""ENTITY_GROUPED"", ""STEP_RELATION_SUGGESTION"", ""STEP_RELATIONS"", ""MENTION_SELECTED"", ""MENTION_SELECTED"", ""RELATION_CREATED"", ""RELATION_DELETED"", ""MENTION_SELECTED"", ""MENTION_SELECTED"", ""RELATION_CREATED"", ""MENTION_SELECTED""]",MENTION_SELECTED,train,llm_synthetic_expanded,1.0
llm_synth_expanded_207,synthetic,41,2,3,"[""PROCESS_START"", ""RELATION_CREATED"", ""MENTION_SELECTED""]",MENTION_SELECTED,train,llm_synthetic_expanded,0.6666666666666666
llm_synth_expanded_207,synthetic,41,1,2,"[""PROCESS_START"", ""RELATION_CREATED""]",MENTION_SELECTED,train,llm_synthetic_expanded,0.5
llm_synth_expanded_879,synthetic,17,8,9,"[""PROCESS_START"", ""STEP_RELATION_SUGGESTION"", ""STEP_RELATIONS"", ""MENTION_SELECTED"", ""MENTION_SUGGESTION_BOUNDS_UPDATED"", ""MENTION_SELECTED"", ""MENTION_SELECTED"", ""RELATION_CREATED"", ""MENTION_SELECTED""]",MENTION_SELECTED,train,llm_synthetic_expanded,0.8888888888888888
llm_synth_expanded_1045,synthetic,11,17,18,"[""TOKEN_SELECTED"", ""MENTION_CREATED"", ""TOKEN_SELECTED"", ""MENTION_CREATED"", ""TOKEN_SELECTED"", ""TOKEN_SELECTED"", ""TOKEN_SELECTED"", ""MENTION_CREATED"", ""TOKEN_SELECTED"", ""TOKEN_SELECTED"", ""TOKEN_SELECTED"", ""MENTION_CREATED"", ""TOKEN_SELECTED"", ""MENTION_CREATED"", ""MENTION_SELECTED"", ""MENTION_SELECTED"", ""ENTITY_GROUPED"", ""MENTION_SELECTED""]",MENTION_SELECTED,train,llm_synthetic_expanded,1.0
llm_synth_expanded_878,synthetic,16,7,8,"[""PROCESS_START"", ""STEP_RELATION_SUGGESTION"", ""STEP_RELATIONS"", ""MENTION_SELECTED"", ""MENTION_SUGGESTION_BOUNDS_UPDATED"", ""MENTION_SELECTED"", ""MENTION_SELECTED"", ""RELATION_CREATED""]",MENTION_SELECTED,train,llm_synthetic_expanded,0.875
llm_synth_expanded_612,synthetic,21,1,2,"[""PROCESS_START"", ""MENTION_SELECTED""]",MENTION_SELECTED,train,llm_synthetic_expanded,0.5
llm_synth_expanded_836,synthetic,23,15,16,"[""TOKEN_SELECTED"", ""MENTION_CREATED"", ""TOKEN_SELECTED"", ""MENTION_CREATED"", ""TOKEN_SELECTED"", ""TOKEN_SELECTED"", ""TOKEN_DESELECTED"", ""TOKEN_DESELECTED"", ""TOKEN_SELECTED"", ""MENTION_CREATED"", ""TOKEN_SELECTED"", ""MENTION_CREATED"", ""TOKEN_SELECTED"", ""TOKEN_SELECTED"", ""MENTION_CREATED"", ""MENTION_SELECTED""]",MENTION_SELECTED,train,llm_synthetic_expanded,1.0
llm_synth_expanded_514,synthetic,11,7,8,"[""MENTION_SELECTED"", ""MENTION_SELECTED"", ""RELATION_CREATED"", ""MENTION_SELECTED"", ""MENTION_SELECTED"", ""RELATION_CREATED"", ""MENTION_SELECTED"", ""MENTION_DESELECTED""]",MENTION_SELECTED,train,llm_synthetic_expanded,1.0
llm_synth_expanded_211,synthetic,41,17,18,"[""PROCESS_START"", ""ENTITY_GROUPED"", ""MENTION_SELECTED"", ""MENTION_SELECTED"", ""ENTITY_GROUPED"", ""MENTION_SELECTED"", ""ENTITY_GROUPED"", ""STEP_RELATION_SUGGESTION"", ""STEP_RELATIONS"", ""MENTION_SELECTED"", ""MENTION_SELECTED"", ""MENTION_DESELECTED"", ""MENTION_DESELECTED"", ""MENTION_SELECTED"", ""MENTION_DESELECTED"", ""MENTION_SELECTED"", ""MENTION_SELECTED"", ""RELATION_CREATED""]",MENTION_SELECTED,train,llm_synthetic_expanded,0.9444444444444444
llm_synth_expanded_153,synthetic,22,19,20,"[""PROCESS_START"", ""TOKEN_SELECTED"", ""TOKEN_SELECTED"", ""MENTION_CREATED"", ""TOKEN_SELECTED"", ""TOKEN_SELECTED"", ""MENTION_CREATED"", ""TOKEN_SELECTED"", ""MENTION_CREATED"", ""TOKEN_SELECTED"", ""MENTION_CREATED"", ""MENTION_SELECTED"", ""MENTION_DESELECTED"", ""MENTION_SELECTED"", ""MENTION_DESELECTED"", ""MENTION_SELECTED"", ""MENTION_DESELECTED"", ""MENTION_SELECTED"", ""MENTION_DESELECTED"", ""MENTION_SELECTED""]",MENTION_SELECTED,train,llm_synthetic_expanded,0.95
llm_synth_expanded_904,synthetic,41,10,11,"[""MENTION_DESELECTED"", ""MENTION_SELECTED"", ""MENTION_SELECTED"", ""RELATION_CREATED"", ""MENTION_SELECTED"", ""MENTION_SELECTED"", ""RELATION_CREATED"", ""MENTION_SELECTED"", ""MENTION_SELECTED"", ""RELATION_CREATED"", ""MENTION_SELECTED""]",MENTION_SELECTED,train,llm_synthetic_expanded,1.0
llm_synth_expanded_206,synthetic,41,12,13,"[""PROCESS_START"", ""ENTITY_GROUPED"", ""MENTION_SELECTED"", ""MENTION_SELECTED"", ""ENTITY_GROUPED"", ""MENTION_SELECTED"", ""ENTITY_GROUPED"", ""STEP_RELATION_SUGGESTION"", ""STEP_RELATIONS"", ""MENTION_SELECTED"", ""MENTION_SELECTED"", ""RELATION_CREATED"", ""MENTION_SELECTED""]",MENTION_SELECTED,train,llm_synthetic_expanded,0.9230769230769231
llm_synth_expanded_1182,synthetic,31,18,19,"[""PROCESS_START"", ""MENTION_SELECTED"", ""MENTION_SELECTED"", ""RELATION_CREATED"", ""MENTION_SELECTED"", ""MENTION_SELECTED"", ""RELATION_CREATED"", ""MENTION_SELECTED"", ""MENTION_SELECTED"", ""RELATION_CREATED"", ""MENTION_SELECTED"", ""MENTION_SELECTED"", ""RELATION_CREATED"", ""MENTION_SELECTED"", ""MENTION_SELECTED"", ""RELATION_CREATED"", ""MENTION_SELECTED"", ""MENTION_SELECTED"", ""RELATION_CREATED""]",MENTION_SELECTED,train,llm_synthetic_expanded,0.9473684210526315
llm_synth_expanded_230,synthetic,44,3,4,"[""PROCESS_START"", ""STEP_RELATIONS"", ""MENTION_SELECTED"", ""MENTION_SELECTED""]",MENTION_SELECTED,train,llm_synthetic_expanded,0.75
llm_synth_expanded_340,synthetic,44,6,7,"[""PROCESS_START"", ""MENTION_CREATED"", ""TOKEN_SELECTED"", ""TOKEN_SELECTED"", ""TOKEN_SELECTED"", ""MENTION_CREATED"", ""STEP_ENTITIES""]",MENTION_SELECTED,train,llm_synthetic_expanded,0.8571428571428571
llm_synth_expanded_405,synthetic,43,3,4,"[""MENTION_SELECTED"", ""MENTION_SELECTED"", ""MENTION_SELECTED"", ""RELATION_CREATED""]",MENTION_SELECTED,train,llm_synthetic_expanded,1.0
llm_synth_expanded_701,synthetic,41,12,13,"[""RELATION_CREATED"", ""MENTION_SELECTED"", ""MENTION_SELECTED"", ""RELATION_CREATED"", ""MENTION_SELECTED"", ""MENTION_SELECTED"", ""RELATION_CREATED"", ""MENTION_SELECTED"", ""MENTION_SELECTED"", ""RELATION_CREATED"", ""MENTION_SELECTED"", ""MENTION_SELECTED"", ""RELATION_CREATED""]",MENTION_SELECTED,train,llm_synthetic_expanded,1.0
llm_synth_expanded_153,synthetic,22,18,19,"[""PROCESS_START"", ""TOKEN_SELECTED"", ""TOKEN_SELECTED"", ""MENTION_CREATED"", ""TOKEN_SELECTED"", ""TOKEN_SELECTED"", ""MENTION_CREATED"", ""TOKEN_SELECTED"", ""MENTION_CREATED"", ""TOKEN_SELECTED"", ""MENTION_CREATED"", ""MENTION_SELECTED"", ""MENTION_DESELECTED"", ""MENTION_SELECTED"", ""MENTION_DESELECTED"", ""MENTION_SELECTED"", ""MENTION_DESELECTED"", ""MENTION_SELECTED"", ""MENTION_DESELECTED""]",MENTION_SELECTED,train,llm_synthetic_expanded,0.9473684210526315
llm_synth_expanded_211,synthetic,41,12,13,"[""PROCESS_START"", ""ENTITY_GROUPED"", ""MENTION_SELECTED"", ""MENTION_SELECTED"", ""ENTITY_GROUPED"", ""MENTION_SELECTED"", ""ENTITY_GROUPED"", ""STEP_RELATION_SUGGESTION"", ""STEP_RELATIONS"", ""MENTION_SELECTED"", ""MENTION_SELECTED"", ""MENTION_DESELECTED"", ""MENTION_DESELECTED""]",MENTION_SELECTED,train,llm_synthetic_expanded,0.9230769230769231
llm_synth_expanded_234,synthetic,44,3,4,"[""PROCESS_START"", ""STEP_MENTION_SUGGESTION"", ""MENTION_SELECTED"", ""MENTION_SELECTED""]",MENTION_SELECTED,train,llm_synthetic_expanded,0.75
llm_synth_expanded_721,synthetic,11,15,16,"[""PROCESS_START"", ""MENTION_SELECTED"", ""MENTION_SELECTED"", ""MENTION_SELECTED"", ""RELATION_CREATED"", ""MENTION_SELECTED"", ""MENTION_SELECTED"", ""RELATION_CREATED"", ""MENTION_SELECTED"", ""MENTION_SELECTED"", ""RELATION_CREATED"", ""MENTION_SELECTED"", ""MENTION_DESELECTED"", ""MENTION_SELECTED"", ""MENTION_DESELECTED"", ""MENTION_SELECTED""]",MENTION_SELECTED,train,llm_synthetic_expanded,0.9375
llm_synth_expanded_334,synthetic,11,5,6,"[""RELATION_CREATED"", ""MENTION_SELECTED"", ""MENTION_DESELECTED"", ""MENTION_SELECTED"", ""MENTION_SELECTED"", ""RELATION_CREATED""]",MENTION_SELECTED,train,llm_synthetic_expanded,1.0
llm_synth_expanded_705,synthetic,41,8,9,"[""MENTION_SELECTED"", ""MENTION_SELECTED"", ""ENTITY_GROUPED"", ""STEP_RELATION_SUGGESTION"", ""STEP_RELATIONS"", ""MENTION_SELECTED"", ""MENTION_SELECTED"", ""RELATION_CREATED"", ""MENTION_SELECTED""]",MENTION_SELECTED,train,llm_synthetic_expanded,1.0
llm_synth_expanded_1010,synthetic,13,4,5,"[""MENTION_SELECTED"", ""MENTION_SELECTED"", ""ENTITY_GROUPED"", ""MENTION_DESELECTED"", ""MENTION_SELECTED""]",MENTION_SELECTED,train,llm_synthetic_expanded,1.0
llm_synth_expanded_199,synthetic,23,16,17,"[""PROCESS_START"", ""STEP_MENTION_SUGGESTION"", ""STEP_METION"", ""TOKEN_SELECTED"", ""TOKEN_SELECTED"", ""MENTION_CREATED"", ""TOKEN_SELECTED"", ""TOKEN_SELECTED"", ""MENTION_CREATED"", ""TOKEN_SELECTED"", ""TOKEN_SELECTED"", ""MENTION_CREATED"", ""TOKEN_SELECTED"", ""TOKEN_SELECTED"", ""MENTION_CREATED"", ""TOKEN_SELECTED"", ""MENTION_TYPE_UPDATED""]",MENTION_SELECTED,train,llm_synthetic_expanded,0.9411764705882353
llm_synth_expanded_701,synthetic,41,15,16,"[""RELATION_CREATED"", ""MENTION_SELECTED"", ""MENTION_SELECTED"", ""RELATION_CREATED"", ""MENTION_SELECTED"", ""MENTION_SELECTED"", ""RELATION_CREATED"", ""MENTION_SELECTED"", ""MENTION_SELECTED"", ""RELATION_CREATED"", ""MENTION_SELECTED"", ""MENTION_SELECTED"", ""RELATION_CREATED"", ""MENTION_SELECTED"", ""MENTION_SELECTED"", ""RELATION_CREATED""]",MENTION_SELECTED,train,llm_synthetic_expanded,1.0
llm_synth_expanded_880,synthetic,18,14,15,"[""PROCESS_START"", ""STEP_RELATION_SUGGESTION"", ""STEP_RELATIONS"", ""MENTION_SELECTED"", ""MENTION_SUGGESTION_BOUNDS_UPDATED"", ""MENTION_SELECTED"", ""MENTION_SELECTED"", ""RELATION_CREATED"", ""MENTION_SELECTED"", ""MENTION_SELECTED"", ""RELATION_CREATED"", ""MENTION_SELECTED"", ""MENTION_SELECTED"", ""RELATION_CREATED"", ""MENTION_SELECTED""]",MENTION_SELECTED,train,llm_synthetic_expanded,0.9333333333333333
llm_synth_expanded_880,synthetic,18,2,3,"[""PROCESS_START"", ""STEP_RELATION_SUGGESTION"", ""STEP_RELATIONS""]",MENTION_SELECTED,train,llm_synthetic_expanded,0.6666666666666666
llm_synth_expanded_1012,synthetic,13,8,9,"[""MENTION_SELECTED"", ""MENTION_SELECTED"", ""ENTITY_GROUPED"", ""MENTION_DESELECTED"", ""MENTION_DESELECTED"", ""STEP_RELATION_SUGGESTION"", ""STEP_RELATIONS"", ""MENTION_SELECTED"", ""MENTION_SELECTED""]",MENTION_SELECTED,train,llm_synthetic_expanded,1.0
llm_synth_expanded_284,synthetic,33,2,3,"[""PROCESS_START"", ""MENTION_DELETED"", ""MENTION_SELECTED""]",MENTION_SELECTED,train,llm_synthetic_expanded,0.6666666666666666
llm_synth_expanded_1012,synthetic,13,12,13,"[""MENTION_SELECTED"", ""MENTION_SELECTED"", ""ENTITY_GROUPED"", ""MENTION_DESELECTED"", ""MENTION_DESELECTED"", ""STEP_RELATION_SUGGESTION"", ""STEP_RELATIONS"", ""MENTION_SELECTED"", ""MENTION_SELECTED"", ""MENTION_SELECTED"", ""STEP_RELATION_SUGGESTION"", ""STEP_RELATIONS"", ""MENTION_SELECTED""]",MENTION_SELECTED,train,llm_synthetic_expanded,1.0
llm_synth_expanded_878,synthetic,16,19,20,"[""PROCESS_START"", ""STEP_RELATION_SUGGESTION"", ""STEP_RELATIONS"", ""MENTION_SELECTED"", ""MENTION_SUGGESTION_BOUNDS_UPDATED"", ""MENTION_SELECTED"", ""MENTION_SELECTED"", ""RELATION_CREATED"", ""MENTION_SELECTED"", ""MENTION_SELECTED"", ""RELATION_CREATED"", ""MENTION_SELECTED"", ""MENTION_SELECTED"", ""RELATION_CREATED"", ""MENTION_SELECTED"", ""MENTION_SELECTED"", ""RELATION_CREATED"", ""MENTION_SELECTED"", ""MENTION_SELECTED"", ""RELATION_CREATED""]",MENTION_SELECTED,train,llm_synthetic_expanded,0.95
llm_synth_expanded_1013,synthetic,13,2,3,"[""MENTION_SELECTED"", ""MENTION_SELECTED"", ""MENTION_DESELECTED""]",MENTION_SELECTED,train,llm_synthetic_expanded,1.0
llm_synth_expanded_932,synthetic,41,2,3,"[""PROCESS_START"", ""STEP_METION"", ""MENTION_SELECTED""]",MENTION_SELECTED,train,llm_synthetic_expanded,0.6666666666666666
llm_synth_expanded_698,synthetic,44,10,11,"[""TOKEN_SELECTED"", ""TOKEN_SELECTED"", ""TOKEN_SELECTED"", ""MENTION_CREATED"", ""TOKEN_SELECTED"", ""MENTION_CREATED"", ""TOKEN_SELECTED"", ""TOKEN_SELECTED"", ""TOKEN_SELECTED"", ""MENTION_CREATED"", ""STEP_ENTITIES""]",MENTION_SELECTED,train,llm_synthetic_expanded,1.0
llm_synth_expanded_1211,synthetic,21,9,10,"[""PROCESS_START"", ""MENTION_SELECTED"", ""MENTION_SELECTED"", ""MENTION_DESELECTED"", ""MENTION_SELECTED"", ""MENTION_SELECTED"", ""MENTION_DESELECTED"", ""MENTION_SELECTED"", ""MENTION_SELECTED"", ""MENTION_DESELECTED""]",MENTION_SELECTED,train,llm_synthetic_expanded,0.9
llm_synth_expanded_868,synthetic,43,6,7,"[""MENTION_SELECTED"", ""MENTION_SELECTED"", ""MENTION_DESELECTED"", ""MENTION_DESELECTED"", ""MENTION_SELECTED"", ""MENTION_SELECTED"", ""RELATION_CREATED""]",MENTION_SELECTED,train,llm_synthetic_expanded,1.0
llm_synth_expanded_335,synthetic,11,17,18,"[""MENTION_SELECTED"", ""MENTION_DESELECTED"", ""MENTION_SELECTED"", ""MENTION_SELECTED"", ""RELATION_CREATED"", ""MENTION_SELECTED"", ""MENTION_SELECTED"", ""RELATION_CREATED"", ""MENTION_SELECTED"", ""MENTION_SELECTED"", ""RELATION_CREATED"", ""MENTION_SELECTED"", ""MENTION_SELECTED"", ""RELATION_CREATED"", ""MENTION_SELECTED"", ""MENTION_SELECTED"", ""RELATION_CREATED"", ""MENTION_SELECTED""]",MENTION_SELECTED,train,llm_synthetic_expanded,1.0
llm_synth_expanded_884,synthetic,22,10,11,"[""PROCESS_START"", ""MENTION_SELECTED"", ""RELATION_CREATED"", ""MENTION_SELECTED"", ""MENTION_SELECTED"", ""RELATION_CREATED"", ""MENTION_SELECTED"", ""MENTION_SELECTED"", ""RELATION_CREATED"", ""MENTION_SELECTED"", ""MENTION_DESELECTED""]",MENTION_SELECTED,train,llm_synthetic_expanded,0.9090909090909091
llm_synth_expanded_740,synthetic,23,14,15,"[""PROCESS_START"", ""MENTION_CREATED"", ""TOKEN_SELECTED"", ""TOKEN_SELECTED"", ""MENTION_CREATED"", ""TOKEN_SELECTED"", ""TOKEN_SELECTED"", ""MENTION_CREATED"", ""TOKEN_SELECTED"", ""TOKEN_SELECTED"", ""MENTION_CREATED"", ""STEP_ENTITIES"", ""MENTION_SELECTED"", ""MENTION_SELECTED"", ""ENTITY_GROUPED""]",MENTION_SELECTED,train,llm_synthetic_expanded,0.9333333333333333
llm_synth_expanded_841,synthetic,23,7,8,"[""MENTION_SELECTED"", ""MENTION_DESELECTED"", ""MENTION_SELECTED"", ""MENTION_SELECTED"", ""RELATION_CREATED"", ""MENTION_SELECTED"", ""MENTION_SELECTED"", ""RELATION_CREATED""]",MENTION_SELECTED,train,llm_synthetic_expanded,1.0
llm_synth_expanded_152,synthetic,22,7,8,"[""PROCESS_START"", ""MENTION_CREATED"", ""MENTION_SELECTED"", ""MENTION_DESELECTED"", ""MENTION_SELECTED"", ""MENTION_DESELECTED"", ""MENTION_SELECTED"", ""MENTION_DESELECTED""]",MENTION_SELECTED,train,llm_synthetic_expanded,0.875
llm_synth_expanded_327,synthetic,24,1,2,"[""RELATION_CREATED"", ""MENTION_SELECTED""]",MENTION_SELECTED,train,llm_synthetic_expanded,1.0
llm_synth_expanded_996,synthetic,11,2,3,"[""MENTION_SELECTED"", ""ENTITY_REMOVED"", ""MENTION_SELECTED""]",MENTION_SELECTED,train,llm_synthetic_expanded,0.6666666666666666
llm_synth_expanded_659,synthetic,23,2,3,"[""PROCESS_START"", ""STEP_RELATION_SUGGESTION"", ""STEP_RELATIONS""]",MENTION_SELECTED,train,llm_synthetic_expanded,0.6666666666666666
llm_synth_expanded_327,synthetic,24,3,4,"[""RELATION_CREATED"", ""MENTION_SELECTED"", ""MENTION_SELECTED"", ""RELATION_CREATED""]",MENTION_SELECTED,train,llm_synthetic_expanded,1.0
llm_synth_expanded_880,synthetic,18,16,17,"[""PROCESS_START"", ""STEP_RELATION_SUGGESTION"", ""STEP_RELATIONS"", ""MENTION_SELECTED"", ""MENTION_SUGGESTION_BOUNDS_UPDATED"", ""MENTION_SELECTED"", ""MENTION_SELECTED"", ""RELATION_CREATED"", ""MENTION_SELECTED"", ""MENTION_SELECTED"", ""RELATION_CREATED"", ""MENTION_SELECTED"", ""MENTION_SELECTED"", ""RELATION_CREATED"", ""MENTION_SELECTED"", ""MENTION_SELECTED"", ""RELATION_CREATED""]",MENTION_SELECTED,train,llm_synthetic_expanded,0.9411764705882353
llm_synth_expanded_513,synthetic,11,13,14,"[""STEP_RELATION_SUGGESTION"", ""STEP_RELATIONS"", ""MENTION_SELECTED"", ""MENTION_SELECTED"", ""RELATION_CREATED"", ""MENTION_SELECTED"", ""MENTION_SELECTED"", ""RELATION_CREATED"", ""MENTION_SELECTED"", ""MENTION_SELECTED"", ""RELATION_CREATED"", ""MENTION_SELECTED"", ""MENTION_SELECTED"", ""RELATION_CREATED""]",MENTION_SELECTED,train,llm_synthetic_expanded,1.0
llm_synth_expanded_704,synthetic,41,12,13,"[""MENTION_SELECTED"", ""MENTION_SELECTED"", ""ENTITY_GROUPED"", ""STEP_RELATION_SUGGESTION"", ""STEP_RELATIONS"", ""MENTION_SELECTED"", ""MENTION_SELECTED"", ""RELATION_CREATED"", ""MENTION_SELECTED"", ""MENTION_DESELECTED"", ""MENTION_SELECTED"", ""MENTION_SELECTED"", ""RELATION_CREATED""]",MENTION_SELECTED,train,llm_synthetic_expanded,1.0
llm_synth_expanded_1011,synthetic,13,1,2,"[""MENTION_DESELECTED"", ""MENTION_SELECTED""]",MENTION_SELECTED,train,llm_synthetic_expanded,1.0
llm_synth_expanded_654,synthetic,23,6,7,"[""PROCESS_START"", ""ENTITY_GROUPED"", ""STEP_RELATION_SUGGESTION"", ""STEP_RELATIONS"", ""MENTION_SELECTED"", ""MENTION_SELECTED"", ""RELATION_CREATED""]",MENTION_SELECTED,train,llm_synthetic_expanded,0.8571428571428571
llm_synth_expanded_335,synthetic,11,4,5,"[""MENTION_SELECTED"", ""MENTION_DESELECTED"", ""MENTION_SELECTED"", ""MENTION_SELECTED"", ""RELATION_CREATED""]",MENTION_SELECTED,train,llm_synthetic_expanded,1.0
llm_synth_expanded_340,synthetic,44,10,11,"[""PROCESS_START"", ""MENTION_CREATED"", ""TOKEN_SELECTED"", ""TOKEN_SELECTED"", ""TOKEN_SELECTED"", ""MENTION_CREATED"", ""STEP_ENTITIES"", ""MENTION_SELECTED"", ""MENTION_SELECTED"", ""MENTION_SELECTED"", ""ENTITY_GROUPED""]",MENTION_SELECTED,train,llm_synthetic_expanded,0.9090909090909091
llm_synth_expanded_659,synthetic,23,6,7,"[""PROCESS_START"", ""STEP_RELATION_SUGGESTION"", ""STEP_RELATIONS"", ""MENTION_SELECTED"", ""MENTION_SELECTED"", ""RELATION_CREATED"", ""MENTION_SELECTED""]",MENTION_SELECTED,train,llm_synthetic_expanded,0.8571428571428571
llm_synth_expanded_659,synthetic,23,19,20,"[""PROCESS_START"", ""STEP_RELATION_SUGGESTION"", ""STEP_RELATIONS"", ""MENTION_SELECTED"", ""MENTION_SELECTED"", ""RELATION_CREATED"", ""MENTION_SELECTED"", ""MENTION_SELECTED"", ""RELATION_CREATED"", ""MENTION_SELECTED"", ""MENTION_SELECTED"", ""RELATION_CREATED"", ""MENTION_SELECTED"", ""MENTION_SELECTED"", ""RELATION_CREATED"", ""MENTION_SELECTED"", ""MENTION_TYPE_UPDATED"", ""TOKEN_SELECTED"", ""MENTION_SELECTED"", ""MENTION_SELECTED""]",MENTION_SELECTED,train,llm_synthetic_expanded,0.95
llm_synth_expanded_296,synthetic,34,1,2,"[""PROCESS_START"", ""STEP_RELATIONS""]",MENTION_SELECTED,train,llm_synthetic_expanded,0.5
llm_synth_expanded_1182,synthetic,31,12,13,"[""PROCESS_START"", ""MENTION_SELECTED"", ""MENTION_SELECTED"", ""RELATION_CREATED"", ""MENTION_SELECTED"", ""MENTION_SELECTED"", ""RELATION_CREATED"", ""MENTION_SELECTED"", ""MENTION_SELECTED"", ""RELATION_CREATED"", ""MENTION_SELECTED"", ""MENTION_SELECTED"", ""RELATION_CREATED""]",MENTION_SELECTED,train,llm_synthetic_expanded,0.9230769230769231
llm_synth_expanded_884,synthetic,22,3,4,"[""PROCESS_START"", ""MENTION_SELECTED"", ""RELATION_CREATED"", ""MENTION_SELECTED""]",MENTION_SELECTED,train,llm_synthetic_expanded,0.75
llm_synth_expanded_838,synthetic,23,5,6,"[""STEP_RELATIONS"", ""MENTION_SELECTED"", ""MENTION_SELECTED"", ""RELATION_CREATED"", ""RELATION_DELETED"", ""MENTION_SELECTED""]",MENTION_SELECTED,train,llm_synthetic_expanded,1.0
llm_synth_expanded_585,synthetic,42,2,3,"[""PROCESS_START"", ""ENTITY_GROUPED"", ""MENTION_SELECTED""]",MENTION_SELECTED,train,llm_synthetic_expanded,0.6666666666666666
llm_synth_expanded_843,synthetic,23,18,19,"[""PROCESS_START"", ""STEP_RELATION_SUGGESTION"", ""STEP_RELATIONS"", ""MENTION_SELECTED"", ""MENTION_SELECTED"", ""RELATION_CREATED"", ""MENTION_SELECTED"", ""MENTION_SELECTED"", ""RELATION_CREATED"", ""MENTION_SELECTED"", ""MENTION_SELECTED"", ""RELATION_CREATED"", ""MENTION_SELECTED"", ""MENTION_SELECTED"", ""RELATION_CREATED"", ""MENTION_SELECTED"", ""MENTION_SELECTED"", ""RELATION_CREATED"", ""MENTION_SELECTED""]",MENTION_SELECTED,train,llm_synthetic_expanded,0.9473684210526315
llm_synth_expanded_1218,synthetic,34,13,14,"[""PROCESS_START"", ""MENTION_SUGGESTION_BOUNDS_UPDATED"", ""MENTION_SELECTED"", ""MENTION_SELECTED"", ""TOKEN_DESELECTED"", ""MENTION_SELECTED"", ""MENTION_SELECTED"", ""MENTION_DESELECTED"", ""MENTION_SELECTED"", ""MENTION_SELECTED"", ""MENTION_DESELECTED"", ""MENTION_SELECTED"", ""MENTION_DESELECTED"", ""MENTION_SELECTED""]",MENTION_SELECTED,train,llm_synthetic_expanded,0.8571428571428571
llm_synth_expanded_1045,synthetic,11,14,15,"[""TOKEN_SELECTED"", ""MENTION_CREATED"", ""TOKEN_SELECTED"", ""MENTION_CREATED"", ""TOKEN_SELECTED"", ""TOKEN_SELECTED"", ""TOKEN_SELECTED"", ""MENTION_CREATED"", ""TOKEN_SELECTED"", ""TOKEN_SELECTED"", ""TOKEN_SELECTED"", ""MENTION_CREATED"", ""TOKEN_SELECTED"", ""MENTION_CREATED"", ""MENTION_SELECTED""]",MENTION_SELECTED,train,llm_synthetic_expanded,1.0
llm_synth_expanded_1011,synthetic,13,14,15,"[""MENTION_DESELECTED"", ""MENTION_SELECTED"", ""MENTION_SELECTED"", ""MENTION_DESELECTED"", ""ENTITY_GROUPED"", ""MENTION_DESELECTED"", ""MENTION_DESELECTED"", ""STEP_RELATION_SUGGESTION"", ""STEP_RELATIONS"", ""MENTION_SELECTED"", ""MENTION_SELECTED"", ""RELATION_CREATED"", ""MENTION_SELECTED"", ""MENTION_SELECTED"", ""RELATION_CREATED""]",MENTION_SELECTED,train,llm_synthetic_expanded,1.0
llm_synth_expanded_904,synthetic,41,13,14,"[""MENTION_DESELECTED"", ""MENTION_SELECTED"", ""MENTION_SELECTED"", ""RELATION_CREATED"", ""MENTION_SELECTED"", ""MENTION_SELECTED"", ""RELATION_CREATED"", ""MENTION_SELECTED"", ""MENTION_SELECTED"", ""RELATION_CREATED"", ""MENTION_SELECTED"", ""MENTION_SELECTED"", ""RELATION_CREATED"", ""MENTION_SELECTED""]",MENTION_SELECTED,train,llm_synthetic_expanded,1.0
llm_synth_expanded_996,synthetic,11,4,5,"[""MENTION_SELECTED"", ""ENTITY_REMOVED"", ""MENTION_SELECTED"", ""MENTION_SELECTED"", ""RELATION_CREATED""]",MENTION_SELECTED,train,llm_synthetic_expanded,0.8
llm_synth_expanded_876,synthetic,14,13,14,"[""PROCESS_START"", ""STEP_RELATION_SUGGESTION"", ""STEP_RELATIONS"", ""MENTION_SELECTED"", ""MENTION_SUGGESTION_BOUNDS_UPDATED"", ""MENTION_SELECTED"", ""MENTION_SELECTED"", ""RELATION_CREATED"", ""MENTION_SELECTED"", ""MENTION_SELECTED"", ""RELATION_CREATED"", ""MENTION_SELECTED"", ""MENTION_SELECTED"", ""RELATION_CREATED""]",MENTION_SELECTED,train,llm_synthetic_expanded,0.9285714285714286
llm_synth_expanded_878,synthetic,16,8,9,"[""PROCESS_START"", ""STEP_RELATION_SUGGESTION"", ""STEP_RELATIONS"", ""MENTION_SELECTED"", ""MENTION_SUGGESTION_BOUNDS_UPDATED"", ""MENTION_SELECTED"", ""MENTION_SELECTED"", ""RELATION_CREATED"", ""MENTION_SELECTED""]",MENTION_SELECTED,train,llm_synthetic_expanded,0.8888888888888888
llm_synth_expanded_123,synthetic,41,20,21,"[""PROCESS_START"", ""MENTION_SELECTED"", ""RELATION_CREATED"", ""MENTION_SELECTED"", ""MENTION_SELECTED"", ""RELATION_CREATED"", ""MENTION_SELECTED"", ""MENTION_SELECTED"", ""RELATION_CREATED"", ""MENTION_SELECTED"", ""MENTION_SELECTED"", ""RELATION_CREATED"", ""MENTION_SELECTED"", ""MENTION_SELECTED"", ""RELATION_CREATED"", ""MENTION_SELECTED"", ""MENTION_SELECTED"", ""RELATION_CREATED"", ""MENTION_SELECTED"", ""MENTION_SELECTED"", ""RELATION_CREATED""]",MENTION_SELECTED,train,llm_synthetic_expanded,0.9523809523809523
llm_synth_expanded_327,synthetic,24,17,18,"[""RELATION_CREATED"", ""MENTION_SELECTED"", ""MENTION_SELECTED"", ""RELATION_CREATED"", ""MENTION_SELECTED"", ""MENTION_SELECTED"", ""RELATION_CREATED"", ""MENTION_SELECTED"", ""MENTION_SELECTED"", ""RELATION_CREATED"", ""MENTION_SELECTED"", ""MENTION_SELECTED"", ""RELATION_CREATED"", ""MENTION_SELECTED"", ""MENTION_SELECTED"", ""RELATION_CREATED"", ""MENTION_SELECTED"", ""MENTION_DELETED""]",MENTION_SELECTED,train,llm_synthetic_expanded,1.0
llm_synth_expanded_208,synthetic,41,5,6,"[""PROCESS_START"", ""TOKEN_SELECTED"", ""TOKEN_SELECTED"", ""MENTION_CREATED"", ""STEP_ENTITIES"", ""MENTION_SELECTED""]",MENTION_SELECTED,train,llm_synthetic_expanded,0.8333333333333334
llm_synth_expanded_873,synthetic,23,1,2,"[""PROCESS_START"", ""STEP_ENTITIES""]",MENTION_SELECTED,train,llm_synthetic_expanded,0.5
llm_synth_expanded_48,synthetic,33,14,15,"[""PROCESS_START"", ""STEP_RELATION_SUGGESTION"", ""STEP_RELATIONS"", ""MENTION_SELECTED"", ""MENTION_SELECTED"", ""RELATION_CREATED"", ""MENTION_SELECTED"", ""MENTION_SELECTED"", ""RELATION_CREATED"", ""MENTION_SELECTED"", ""MENTION_SELECTED"", ""RELATION_CREATED"", ""MENTION_SELECTED"", ""MENTION_SELECTED"", ""RELATION_CREATED""]",MENTION_SELECTED,train,llm_synthetic_expanded,0.9333333333333333
llm_synth_expanded_875,synthetic,13,7,8,"[""PROCESS_START"", ""STEP_RELATION_SUGGESTION"", ""STEP_RELATIONS"", ""MENTION_SELECTED"", ""MENTION_SUGGESTION_BOUNDS_UPDATED"", ""MENTION_SELECTED"", ""MENTION_SELECTED"", ""RELATION_CREATED""]",MENTION_SELECTED,train,llm_synthetic_expanded,0.875
llm_synth_expanded_209,synthetic,41,12,13,"[""PROCESS_START"", ""ENTITY_GROUPED"", ""MENTION_SELECTED"", ""MENTION_SELECTED"", ""ENTITY_GROUPED"", ""STEP_RELATION_SUGGESTION"", ""STEP_RELATIONS"", ""MENTION_SELECTED"", ""MENTION_SELECTED"", ""MENTION_DESELECTED"", ""MENTION_DESELECTED"", ""MENTION_SELECTED"", ""MENTION_DESELECTED""]",MENTION_SELECTED,train,llm_synthetic_expanded,0.9230769230769231
llm_synth_expanded_904,synthetic,41,16,17,"[""MENTION_DESELECTED"", ""MENTION_SELECTED"", ""MENTION_SELECTED"", ""RELATION_CREATED"", ""MENTION_SELECTED"", ""MENTION_SELECTED"", ""RELATION_CREATED"", ""MENTION_SELECTED"", ""MENTION_SELECTED"", ""RELATION_CREATED"", ""MENTION_SELECTED"", ""MENTION_SELECTED"", ""RELATION_CREATED"", ""MENTION_SELECTED"", ""MENTION_SELECTED"", ""RELATION_CREATED"", ""MENTION_SELECTED""]",MENTION_SELECTED,train,llm_synthetic_expanded,1.0
llm_synth_expanded_904,synthetic,41,4,5,"[""MENTION_DESELECTED"", ""MENTION_SELECTED"", ""MENTION_SELECTED"", ""RELATION_CREATED"", ""MENTION_SELECTED""]",MENTION_SELECTED,train,llm_synthetic_expanded,1.0
llm_synth_expanded_1182,synthetic,31,1,2,"[""PROCESS_START"", ""MENTION_SELECTED""]",MENTION_SELECTED,train,llm_synthetic_expanded,0.5
llm_synth_expanded_125,synthetic,41,19,20,"[""PROCESS_START"", ""TOKEN_SELECTED"", ""MENTION_SELECTED"", ""RELATION_CREATED"", ""MENTION_SELECTED"", ""MENTION_DESELECTED"", ""TOKEN_SELECTED"", ""TOKEN_SELECTED"", ""TOKEN_DESELECTED"", ""TOKEN_DESELECTED"", ""TOKEN_SELECTED"", ""MENTION_CREATED"", ""MENTION_SELECTED"", ""MENTION_SELECTED"", ""ENTITY_GROUPED"", ""MENTION_SELECTED"", ""MENTION_SELECTED"", ""ENTITY_GROUPED"", ""STEP_MENTION_SUGGESTION"", ""STEP_RELATIONS""]",MENTION_SELECTED,train,llm_synthetic_expanded,0.85
llm_synth_expanded_877,synthetic,15,5,6,"[""PROCESS_START"", ""STEP_RELATION_SUGGESTION"", ""STEP_RELATIONS"", ""MENTION_SELECTED"", ""MENTION_SUGGESTION_BOUNDS_UPDATED"", ""MENTION_SELECTED""]",MENTION_SELECTED,train,llm_synthetic_expanded,0.8333333333333334
llm_synth_expanded_327,synthetic,24,13,14,"[""RELATION_CREATED"", ""MENTION_SELECTED"", ""MENTION_SELECTED"", ""RELATION_CREATED"", ""MENTION_SELECTED"", ""MENTION_SELECTED"", ""RELATION_CREATED"", ""MENTION_SELECTED"", ""MENTION_SELECTED"", ""RELATION_CREATED"", ""MENTION_SELECTED"", ""MENTION_SELECTED"", ""RELATION_CREATED"", ""MENTION_SELECTED""]",MENTION_SELECTED,train,llm_synthetic_expanded,1.0
llm_synth_expanded_878,synthetic,16,4,5,"[""PROCESS_START"", ""STEP_RELATION_SUGGESTION"", ""STEP_RELATIONS"", ""MENTION_SELECTED"", ""MENTION_SUGGESTION_BOUNDS_UPDATED""]",MENTION_SELECTED,train,llm_synthetic_expanded,0.8
llm_synth_expanded_835,synthetic,23,3,4,"[""PROCESS_START"", ""TOKEN_SELECTED"", ""MENTION_CREATED"", ""STEP_ENTITIES""]",MENTION_SELECTED,train,llm_synthetic_expanded,0.75
llm_synth_expanded_876,synthetic,14,8,9,"[""PROCESS_START"", ""STEP_RELATION_SUGGESTION"", ""STEP_RELATIONS"", ""MENTION_SELECTED"", ""MENTION_SUGGESTION_BOUNDS_UPDATED"", ""MENTION_SELECTED"", ""MENTION_SELECTED"", ""RELATION_CREATED"", ""MENTION_SELECTED""]",MENTION_SELECTED,train,llm_synthetic_expanded,0.8888888888888888
llm_synth_expanded_996,synthetic,11,11,12,"[""MENTION_SELECTED"", ""ENTITY_REMOVED"", ""MENTION_SELECTED"", ""MENTION_SELECTED"", ""RELATION_CREATED"", ""MENTION_SELECTED"", ""MENTION_SELECTED"", ""RELATION_CREATED"", ""MENTION_SELECTED"", ""MENTION_SELECTED"", ""RELATION_CREATED"", ""MENTION_SELECTED""]",MENTION_SELECTED,train,llm_synthetic_expanded,0.9166666666666666
llm_synth_expanded_256,synthetic,23,11,12,"[""PROCESS_START"", ""STEP_MENTION_SUGGESTION"", ""STEP_METION"", ""TOKEN_SELECTED"", ""MENTION_DELETED"", ""TOKEN_SELECTED"", ""TOKEN_SELECTED"", ""MENTION_CREATED"", ""TOKEN_SELECTED"", ""TOKEN_SELECTED"", ""TOKEN_SELECTED"", ""MENTION_CREATED""]",MENTION_SELECTED,train,llm_synthetic_expanded,0.9166666666666666
llm_synth_expanded_698,synthetic,44,18,19,"[""TOKEN_SELECTED"", ""TOKEN_SELECTED"", ""TOKEN_SELECTED"", ""MENTION_CREATED"", ""TOKEN_SELECTED"", ""MENTION_CREATED"", ""TOKEN_SELECTED"", ""TOKEN_SELECTED"", ""TOKEN_SELECTED"", ""MENTION_CREATED"", ""STEP_ENTITIES"", ""MENTION_SELECTED"", ""MENTION_SELECTED"", ""MENTION_SELECTED"", ""ENTITY_GROUPED"", ""MENTION_SELECTED"", ""MENTION_SELECTED"", ""ENTITY_GROUPED"", ""MENTION_SELECTED""]",MENTION_SELECTED,train,llm_synthetic_expanded,1.0
llm_synth_expanded_701,synthetic,41,7,8,"[""RELATION_CREATED"", ""MENTION_SELECTED"", ""MENTION_SELECTED"", ""RELATION_CREATED"", ""MENTION_SELECTED"", ""MENTION_SELECTED"", ""RELATION_CREATED"", ""MENTION_SELECTED""]",MENTION_SELECTED,train,llm_synthetic_expanded,1.0
llm_synth_expanded_904,synthetic,41,6,7,"[""MENTION_DESELECTED"", ""MENTION_SELECTED"", ""MENTION_SELECTED"", ""RELATION_CREATED"", ""MENTION_SELECTED"", ""MENTION_SELECTED"", ""RELATION_CREATED""]",MENTION_SELECTED,train,llm_synthetic_expanded,1.0
llm_synth_expanded_283,synthetic,33,2,3,"[""PROCESS_START"", ""RELATION_CREATED"", ""MENTION_SELECTED""]",MENTION_SELECTED,train,llm_synthetic_expanded,0.6666666666666666
llm_synth_expanded_3,synthetic,43,1,2,"[""PROCESS_START"", ""STEP_RELATIONS""]",MENTION_SELECTED,train,llm_synthetic_expanded,0.5
llm_synth_expanded_903,synthetic,41,13,14,"[""MENTION_SELECTED"", ""MENTION_SELECTED"", ""RELATION_CREATED"", ""MENTION_SELECTED"", ""MENTION_SELECTED"", ""RELATION_CREATED"", ""RELATION_DELETED"", ""MENTION_SELECTED"", ""MENTION_SELECTED"", ""RELATION_CREATED"", ""MENTION_SELECTED"", ""MENTION_SELECTED"", ""RELATION_CREATED"", ""MENTION_SELECTED""]",MENTION_SELECTED,train,llm_synthetic_expanded,1.0
llm_synth_expanded_1010,synthetic,13,15,16,"[""MENTION_SELECTED"", ""MENTION_SELECTED"", ""ENTITY_GROUPED"", ""MENTION_DESELECTED"", ""MENTION_SELECTED"", ""MENTION_SELECTED"", ""MENTION_DESELECTED"", ""ENTITY_GROUPED"", ""MENTION_DESELECTED"", ""MENTION_DESELECTED"", ""STEP_RELATION_SUGGESTION"", ""STEP_RELATIONS"", ""MENTION_SELECTED"", ""MENTION_SELECTED"", ""RELATION_CREATED"", ""MENTION_SELECTED""]",MENTION_SELECTED,train,llm_synthetic_expanded,1.0
llm_synth_expanded_881,synthetic,19,7,8,"[""PROCESS_START"", ""STEP_RELATION_SUGGESTION"", ""STEP_RELATIONS"", ""MENTION_SELECTED"", ""MENTION_SUGGESTION_BOUNDS_UPDATED"", ""MENTION_SELECTED"", ""MENTION_SELECTED"", ""RELATION_CREATED""]",MENTION_SELECTED,train,llm_synthetic_expanded,0.875
llm_synth_expanded_875,synthetic,13,16,17,"[""PROCESS_START"", ""STEP_RELATION_SUGGESTION"", ""STEP_RELATIONS"", ""MENTION_SELECTED"", ""MENTION_SUGGESTION_BOUNDS_UPDATED"", ""MENTION_SELECTED"", ""MENTION_SELECTED"", ""RELATION_CREATED"", ""MENTION_SELECTED"", ""MENTION_SELECTED"", ""RELATION_CREATED"", ""MENTION_SELECTED"", ""MENTION_SELECTED"", ""RELATION_CREATED"", ""MENTION_SELECTED"", ""MENTION_SELECTED"", ""RELATION_CREATED""]",MENTION_SELECTED,train,llm_synthetic_expanded,0.9411764705882353
llm_synth_expanded_126,synthetic,41,6,7,"[""PROCESS_START"", ""TOKEN_SELECTED"", ""MENTION_SELECTED"", ""RELATION_CREATED"", ""MENTION_SELECTED"", ""MENTION_SELECTED"", ""RELATION_CREATED""]",MENTION_SELECTED,train,llm_synthetic_expanded,0.8571428571428571
llm_synth_expanded_878,synthetic,16,2,3,"[""PROCESS_START"", ""STEP_RELATION_SUGGESTION"", ""STEP_RELATIONS""]",MENTION_SELECTED,train,llm_synthetic_expanded,0.6666666666666666
llm_synth_expanded_704,synthetic,41,5,6,"[""MENTION_SELECTED"", ""MENTION_SELECTED"", ""ENTITY_GROUPED"", ""STEP_RELATION_SUGGESTION"", ""STEP_RELATIONS"", ""MENTION_SELECTED""]",MENTION_SELECTED,train,llm_synthetic_expanded,1.0
llm_synth_expanded_841,synthetic,23,16,17,"[""MENTION_SELECTED"", ""MENTION_DESELECTED"", ""MENTION_SELECTED"", ""MENTION_SELECTED"", ""RELATION_CREATED"", ""MENTION_SELECTED"", ""MENTION_SELECTED"", ""RELATION_CREATED"", ""MENTION_SELECTED"", ""MENTION_SELECTED"", ""RELATION_CREATED"", ""MENTION_SELECTED"", ""MENTION_SELECTED"", ""RELATION_CREATED"", ""MENTION_SELECTED"", ""MENTION_SELECTED"", ""RELATION_CREATED""]",MENTION_SELECTED,train,llm_synthetic_expanded,1.0
llm_synth_expanded_80,synthetic,31,12,13,"[""PROCESS_START"", ""STEP_MENTION_SUGGESTION"", ""STEP_METION"", ""TOKEN_SELECTED"", ""MENTION_CREATED"", ""TOKEN_SELECTED"", ""MENTION_CREATED"", ""TOKEN_SELECTED"", ""MENTION_CREATED"", ""TOKEN_SELECTED"", ""MENTION_CREATED"", ""TOKEN_SELECTED"", ""MENTION_CREATED""]",MENTION_SELECTED,train,llm_synthetic_expanded,1.0
llm_synth_expanded_48,synthetic,33,9,10,"[""PROCESS_START"", ""STEP_RELATION_SUGGESTION"", ""STEP_RELATIONS"", ""MENTION_SELECTED"", ""MENTION_SELECTED"", ""RELATION_CREATED"", ""MENTION_SELECTED"", ""MENTION_SELECTED"", ""RELATION_CREATED"", ""MENTION_SELECTED""]",MENTION_SELECTED,train,llm_synthetic_expanded,0.9
llm_synth_expanded_234,synthetic,44,1,2,"[""PROCESS_START"", ""STEP_MENTION_SUGGESTION""]",MENTION_SELECTED,train,llm_synthetic_expanded,0.5
llm_synth_expanded_205,synthetic,41,6,7,"[""PROCESS_START"", ""MENTION_SELECTED"", ""MENTION_SELECTED"", ""RELATION_CREATED"", ""MENTION_SELECTED"", ""MENTION_DESELECTED"", ""MENTION_SELECTED""]",MENTION_SELECTED,train,llm_synthetic_expanded,0.8571428571428571
llm_synth_expanded_48,synthetic,33,2,3,"[""PROCESS_START"", ""STEP_RELATION_SUGGESTION"", ""STEP_RELATIONS""]",MENTION_SELECTED,train,llm_synthetic_expanded,0.6666666666666666
llm_synth_expanded_996,synthetic,11,14,15,"[""MENTION_SELECTED"", ""ENTITY_REMOVED"", ""MENTION_SELECTED"", ""MENTION_SELECTED"", ""RELATION_CREATED"", ""MENTION_SELECTED"", ""MENTION_SELECTED"", ""RELATION_CREATED"", ""MENTION_SELECTED"", ""MENTION_SELECTED"", ""RELATION_CREATED"", ""MENTION_SELECTED"", ""MENTION_SELECTED"", ""RELATION_CREATED"", ""MENTION_SELECTED""]",MENTION_SELECTED,train,llm_synthetic_expanded,0.9333333333333333
llm_synth_expanded_299,synthetic,34,1,2,"[""PROCESS_START"", ""MENTION_SUGGESTION_ACCEPTED""]",MENTION_SELECTED,train,llm_synthetic_expanded,0.5
llm_synth_expanded_839,synthetic,23,18,19,"[""MENTION_SELECTED"", ""MENTION_SELECTED"", ""MENTION_SELECTED"", ""ENTITY_GROUPED"", ""MENTION_SELECTED"", ""MENTION_SELECTED"", ""ENTITY_GROUPED"", ""STEP_RELATION_SUGGESTION"", ""STEP_RELATIONS"", ""MENTION_SELECTED"", ""MENTION_SELECTED"", ""RELATION_CREATED"", ""RELATION_DELETED"", ""MENTION_SELECTED"", ""MENTION_SELECTED"", ""RELATION_CREATED"", ""MENTION_SELECTED"", ""MENTION_SELECTED"", ""RELATION_CREATED""]",MENTION_SELECTED,train,llm_synthetic_expanded,1.0
llm_synth_expanded_659,synthetic,23,9,10,"[""PROCESS_START"", ""STEP_RELATION_SUGGESTION"", ""STEP_RELATIONS"", ""MENTION_SELECTED"", ""MENTION_SELECTED"", ""RELATION_CREATED"", ""MENTION_SELECTED"", ""MENTION_SELECTED"", ""RELATION_CREATED"", ""MENTION_SELECTED""]",MENTION_SELECTED,train,llm_synthetic_expanded,0.9
llm_synth_expanded_385,synthetic,11,1,2,"[""PROCESS_START"", ""MENTION_CREATED""]",MENTION_SELECTED,train,llm_synthetic_expanded,0.5
llm_synth_expanded_705,synthetic,41,13,14,"[""MENTION_SELECTED"", ""MENTION_SELECTED"", ""ENTITY_GROUPED"", ""STEP_RELATION_SUGGESTION"", ""STEP_RELATIONS"", ""MENTION_SELECTED"", ""MENTION_SELECTED"", ""RELATION_CREATED"", ""MENTION_SELECTED"", ""MENTION_SELECTED"", ""RELATION_CREATED"", ""MENTION_SELECTED"", ""MENTION_SELECTED"", ""RELATION_CREATED""]",MENTION_SELECTED,train,llm_synthetic_expanded,1.0
llm_synth_expanded_698,synthetic,44,17,18,"[""TOKEN_SELECTED"", ""TOKEN_SELECTED"", ""TOKEN_SELECTED"", ""MENTION_CREATED"", ""TOKEN_SELECTED"", ""MENTION_CREATED"", ""TOKEN_SELECTED"", ""TOKEN_SELECTED"", ""TOKEN_SELECTED"", ""MENTION_CREATED"", ""STEP_ENTITIES"", ""MENTION_SELECTED"", ""MENTION_SELECTED"", ""MENTION_SELECTED"", ""ENTITY_GROUPED"", ""MENTION_SELECTED"", ""MENTION_SELECTED"", ""ENTITY_GROUPED""]",MENTION_SELECTED,train,llm_synthetic_expanded,1.0
llm_synth_expanded_879,synthetic,17,13,14,"[""PROCESS_START"", ""STEP_RELATION_SUGGESTION"", ""STEP_RELATIONS"", ""MENTION_SELECTED"", ""MENTION_SUGGESTION_BOUNDS_UPDATED"", ""MENTION_SELECTED"", ""MENTION_SELECTED"", ""RELATION_CREATED"", ""MENTION_SELECTED"", ""MENTION_SELECTED"", ""RELATION_CREATED"", ""MENTION_SELECTED"", ""MENTION_SELECTED"", ""RELATION_CREATED""]",MENTION_SELECTED,train,llm_synthetic_expanded,0.9285714285714286
llm_synth_expanded_841,synthetic,23,10,11,"[""MENTION_SELECTED"", ""MENTION_DESELECTED"", ""MENTION_SELECTED"", ""MENTION_SELECTED"", ""RELATION_CREATED"", ""MENTION_SELECTED"", ""MENTION_SELECTED"", ""RELATION_CREATED"", ""MENTION_SELECTED"", ""MENTION_SELECTED"", ""RELATION_CREATED""]",MENTION_SELECTED,train,llm_synthetic_expanded,1.0
llm_synth_expanded_206,synthetic,41,2,3,"[""PROCESS_START"", ""ENTITY_GROUPED"", ""MENTION_SELECTED""]",MENTION_SELECTED,train,llm_synthetic_expanded,0.6666666666666666
llm_synth_expanded_121,synthetic,41,12,13,"[""PROCESS_START"", ""MENTION_CREATED"", ""MENTION_SELECTED"", ""MENTION_DELETED"", ""TOKEN_SELECTED"", ""TOKEN_SELECTED"", ""TOKEN_SELECTED"", ""MENTION_CREATED"", ""MENTION_SELECTED"", ""MENTION_SELECTED"", ""MENTION_SELECTED"", ""ENTITY_GROUPED"", ""MENTION_SELECTED""]",MENTION_SELECTED,train,llm_synthetic_expanded,0.9230769230769231
llm_synth_expanded_838,synthetic,23,4,5,"[""STEP_RELATIONS"", ""MENTION_SELECTED"", ""MENTION_SELECTED"", ""RELATION_CREATED"", ""RELATION_DELETED""]",MENTION_SELECTED,train,llm_synthetic_expanded,1.0
llm_synth_expanded_904,synthetic,41,3,4,"[""MENTION_DESELECTED"", ""MENTION_SELECTED"", ""MENTION_SELECTED"", ""RELATION_CREATED""]",MENTION_SELECTED,train,llm_synthetic_expanded,1.0
llm_synth_expanded_198,synthetic,23,15,16,"[""PROCESS_START"", ""STEP_MENTION_SUGGESTION"", ""STEP_METION"", ""TOKEN_SELECTED"", ""TOKEN_SELECTED"", ""MENTION_CREATED"", ""TOKEN_SELECTED"", ""TOKEN_SELECTED"", ""MENTION_CREATED"", ""TOKEN_SELECTED"", ""TOKEN_SELECTED"", ""MENTION_CREATED"", ""TOKEN_SELECTED"", ""TOKEN_SELECTED"", ""MENTION_CREATED"", ""TOKEN_SELECTED""]",MENTION_SELECTED,train,llm_synthetic_expanded,1.0
llm_synth_expanded_1217,synthetic,21,13,14,"[""PROCESS_START"", ""MENTION_SELECTED"", ""MENTION_SELECTED"", ""MENTION_DESELECTED"", ""MENTION_SELECTED"", ""MENTION_SELECTED"", ""MENTION_DESELECTED"", ""MENTION_SELECTED"", ""MENTION_SELECTED"", ""MENTION_DESELECTED"", ""MENTION_SELECTED"", ""MENTION_SELECTED"", ""MENTION_DESELECTED"", ""MENTION_SELECTED""]",MENTION_SELECTED,train,llm_synthetic_expanded,0.9285714285714286
llm_synth_expanded_871,synthetic,23,1,2,"[""PROCESS_START"", ""ENTITY_GROUPED""]",MENTION_SELECTED,train,llm_synthetic_expanded,0.5
llm_synth_expanded_121,synthetic,41,17,18,"[""PROCESS_START"", ""MENTION_CREATED"", ""MENTION_SELECTED"", ""MENTION_DELETED"", ""TOKEN_SELECTED"", ""TOKEN_SELECTED"", ""TOKEN_SELECTED"", ""MENTION_CREATED"", ""MENTION_SELECTED"", ""MENTION_SELECTED"", ""MENTION_SELECTED"", ""ENTITY_GROUPED"", ""MENTION_SELECTED"", ""MENTION_SELECTED"", ""ENTITY_GROUPED"", ""STEP_MENTION_SUGGESTION"", ""STEP_RELATIONS"", ""MENTION_SELECTED""]",MENTION_SELECTED,train,llm_synthetic_expanded,0.8333333333333334
llm_synth_expanded_28,synthetic,33,4,5,"[""STEP_RELATIONS"", ""MENTION_SELECTED"", ""MENTION_SELECTED"", ""RELATION_CREATED"", ""MENTION_SELECTED""]",MENTION_SELECTED,train,llm_synthetic_expanded,1.0
llm_synth_expanded_207,synthetic,41,16,17,"[""PROCESS_START"", ""RELATION_CREATED"", ""MENTION_SELECTED"", ""MENTION_SELECTED"", ""RELATION_CREATED"", ""MENTION_SELECTED"", ""MENTION_SELECTED"", ""RELATION_CREATED"", ""MENTION_SELECTED"", ""MENTION_SELECTED"", ""RELATION_CREATED"", ""MENTION_SELECTED"", ""MENTION_SELECTED"", ""RELATION_CREATED"", ""MENTION_SELECTED"", ""MENTION_SELECTED"", ""RELATION_CREATED""]",MENTION_SELECTED,train,llm_synthetic_expanded,0.9411764705882353
llm_synth_expanded_56,synthetic,42,6,7,"[""STEP_RELATION_SUGGESTION"", ""RELATION_SUGGESTION_REJECTED"", ""RELATION_SUGGESTION_MARKED"", ""RELATION_SUGGESTION_ACCEPTED"", ""RELATION_SUGGESTION_ACCEPTED"", ""RELATION_SUGGESTION_ACCEPTED"", ""STEP_RELATIONS""]",MENTION_SELECTED,train,llm_synthetic_expanded,1.0
llm_synth_expanded_841,synthetic,23,1,2,"[""MENTION_SELECTED"", ""MENTION_DESELECTED""]",MENTION_SELECTED,train,llm_synthetic_expanded,1.0
llm_synth_expanded_659,synthetic,23,11,12,"[""PROCESS_START"", ""STEP_RELATION_SUGGESTION"", ""STEP_RELATIONS"", ""MENTION_SELECTED"", ""MENTION_SELECTED"", ""RELATION_CREATED"", ""MENTION_SELECTED"", ""MENTION_SELECTED"", ""RELATION_CREATED"", ""MENTION_SELECTED"", ""MENTION_SELECTED"", ""RELATION_CREATED""]",MENTION_SELECTED,train,llm_synthetic_expanded,0.9166666666666666
llm_synth_expanded_211,synthetic,41,18,19,"[""PROCESS_START"", ""ENTITY_GROUPED"", ""MENTION_SELECTED"", ""MENTION_SELECTED"", ""ENTITY_GROUPED"", ""MENTION_SELECTED"", ""ENTITY_GROUPED"", ""STEP_RELATION_SUGGESTION"", ""STEP_RELATIONS"", ""MENTION_SELECTED"", ""MENTION_SELECTED"", ""MENTION_DESELECTED"", ""MENTION_DESELECTED"", ""MENTION_SELECTED"", ""MENTION_DESELECTED"", ""MENTION_SELECTED"", ""MENTION_SELECTED"", ""RELATION_CREATED"", ""MENTION_SELECTED""]",MENTION_SELECTED,train,llm_synthetic_expanded,0.9473684210526315
llm_synth_expanded_283,synthetic,33,1,2,"[""PROCESS_START"", ""RELATION_CREATED""]",MENTION_SELECTED,train,llm_synthetic_expanded,0.5
llm_synth_expanded_100,synthetic,41,19,20,"[""PROCESS_START"", ""TOKEN_SELECTED"", ""TOKEN_SELECTED"", ""MENTION_CREATED"", ""TOKEN_SELECTED"", ""MENTION_CREATED"", ""TOKEN_SELECTED"", ""MENTION_CREATED"", ""TOKEN_SELECTED"", ""TOKEN_SELECTED"", ""MENTION_CREATED"", ""TOKEN_SELECTED"", ""TOKEN_SELECTED"", ""MENTION_CREATED"", ""STEP_ENTITIES"", ""MENTION_SELECTED"", ""MENTION_SELECTED"", ""MENTION_SELECTED"", ""ENTITY_GROUPED"", ""MENTION_SELECTED""]",MENTION_SELECTED,train,llm_synthetic_expanded,0.95
llm_synth_expanded_547,synthetic,26,5,6,"[""TOKEN_SELECTED"", ""MENTION_CREATED"", ""STEP_ENTITIES"", ""MENTION_SELECTED"", ""MENTION_SELECTED"", ""ENTITY_GROUPED""]",MENTION_SELECTED,train,llm_synthetic_expanded,1.0
llm_synth_expanded_405,synthetic,43,6,7,"[""MENTION_SELECTED"", ""MENTION_SELECTED"", ""MENTION_SELECTED"", ""RELATION_CREATED"", ""MENTION_SELECTED"", ""MENTION_SELECTED"", ""RELATION_CREATED""]",MENTION_SELECTED,train,llm_synthetic_expanded,1.0
llm_synth_expanded_334,synthetic,11,12,13,"[""RELATION_CREATED"", ""MENTION_SELECTED"", ""MENTION_DESELECTED"", ""MENTION_SELECTED"", ""MENTION_SELECTED"", ""RELATION_CREATED"", ""MENTION_SELECTED"", ""MENTION_SELECTED"", ""RELATION_CREATED"", ""MENTION_SELECTED"", ""MENTION_SELECTED"", ""RELATION_CREATED"", ""MENTION_SELECTED""]",MENTION_SELECTED,train,llm_synthetic_expanded,1.0
llm_synth_expanded_835,synthetic,23,4,5,"[""PROCESS_START"", ""TOKEN_SELECTED"", ""MENTION_CREATED"", ""STEP_ENTITIES"", ""MENTION_SELECTED""]",MENTION_SELECTED,train,llm_synthetic_expanded,0.8
llm_synth_expanded_749,synthetic,22,6,7,"[""PROCESS_START"", ""MENTION_SELECTED"", ""MENTION_DESELECTED"", ""MENTION_SELECTED"", ""MENTION_DESELECTED"", ""MENTION_SELECTED"", ""MENTION_DESELECTED""]",MENTION_SELECTED,train,llm_synthetic_expanded,0.8571428571428571
llm_synth_expanded_1219,synthetic,34,15,16,"[""PROCESS_START"", ""ENTITY_GROUPED"", ""MENTION_SUGGESTION_REJECTED"", ""MENTION_SELECTED"", ""MENTION_SELECTED"", ""MENTION_DESELECTED"", ""MENTION_SELECTED"", ""MENTION_SELECTED"", ""MENTION_DESELECTED"", ""MENTION_SELECTED"", ""MENTION_SELECTED"", ""MENTION_DESELECTED"", ""MENTION_SELECTED"", ""MENTION_SELECTED"", ""MENTION_DESELECTED"", ""MENTION_SELECTED""]",MENTION_SELECTED,train,llm_synthetic_expanded,0.8125
llm_synth_expanded_338,synthetic,44,8,9,"[""PROCESS_START"", ""MENTION_CREATED"", ""TOKEN_SELECTED"", ""MENTION_CREATED"", ""TOKEN_SELECTED"", ""TOKEN_SELECTED"", ""MENTION_CREATED"", ""STEP_ENTITIES"", ""MENTION_SELECTED""]",MENTION_SELECTED,train,llm_synthetic_expanded,0.8888888888888888
llm_synth_expanded_234,synthetic,44,2,3,"[""PROCESS_START"", ""STEP_MENTION_SUGGESTION"", ""MENTION_SELECTED""]",MENTION_SELECTED,train,llm_synthetic_expanded,0.6666666666666666
llm_synth_expanded_208,synthetic,41,8,9,"[""PROCESS_START"", ""TOKEN_SELECTED"", ""TOKEN_SELECTED"", ""MENTION_CREATED"", ""STEP_ENTITIES"", ""MENTION_SELECTED"", ""MENTION_SELECTED"", ""ENTITY_GROUPED"", ""MENTION_SELECTED""]",MENTION_SELECTED,train,llm_synthetic_expanded,0.8888888888888888
llm_synth_expanded_876,synthetic,14,11,12,"[""PROCESS_START"", ""STEP_RELATION_SUGGESTION"", ""STEP_RELATIONS"", ""MENTION_SELECTED"", ""MENTION_SUGGESTION_BOUNDS_UPDATED"", ""MENTION_SELECTED"", ""MENTION_SELECTED"", ""RELATION_CREATED"", ""MENTION_SELECTED"", ""MENTION_SELECTED"", ""RELATION_CREATED"", ""MENTION_SELECTED""]",MENTION_SELECTED,train,llm_synthetic_expanded,0.9166666666666666
llm_synth_expanded_701,synthetic,41,13,14,"[""RELATION_CREATED"", ""MENTION_SELECTED"", ""MENTION_SELECTED"", ""RELATION_CREATED"", ""MENTION_SELECTED"", ""MENTION_SELECTED"", ""RELATION_CREATED"", ""MENTION_SELECTED"", ""MENTION_SELECTED"", ""RELATION_CREATED"", ""MENTION_SELECTED"", ""MENTION_SELECTED"", ""RELATION_CREATED"", ""MENTION_SELECTED""]",MENTION_SELECTED,train,llm_synthetic_expanded,1.0
llm_synth_expanded_838,synthetic,23,11,12,"[""STEP_RELATIONS"", ""MENTION_SELECTED"", ""MENTION_SELECTED"", ""RELATION_CREATED"", ""RELATION_DELETED"", ""MENTION_SELECTED"", ""MENTION_SELECTED"", ""RELATION_CREATED"", ""MENTION_SELECTED"", ""MENTION_SELECTED"", ""RELATION_CREATED"", ""MENTION_SELECTED""]",MENTION_SELECTED,train,llm_synthetic_expanded,1.0
llm_synth_expanded_126,synthetic,41,16,17,"[""PROCESS_START"", ""TOKEN_SELECTED"", ""MENTION_SELECTED"", ""RELATION_CREATED"", ""MENTION_SELECTED"", ""MENTION_SELECTED"", ""RELATION_CREATED"", ""MENTION_SELECTED"", ""MENTION_SELECTED"", ""RELATION_CREATED"", ""MENTION_SELECTED"", ""MENTION_SELECTED"", ""RELATION_CREATED"", ""MENTION_SELECTED"", ""MENTION_SELECTED"", ""RELATION_CREATED"", ""MENTION_SELECTED""]",MENTION_SELECTED,train,llm_synthetic_expanded,0.9411764705882353
llm_synth_expanded_877,synthetic,15,8,9,"[""PROCESS_START"", ""STEP_RELATION_SUGGESTION"", ""STEP_RELATIONS"", ""MENTION_SELECTED"", ""MENTION_SUGGESTION_BOUNDS_UPDATED"", ""MENTION_SELECTED"", ""MENTION_SELECTED"", ""RELATION_CREATED"", ""MENTION_SELECTED""]",MENTION_SELECTED,train,llm_synthetic_expanded,0.8888888888888888
llm_synth_expanded_698,synthetic,44,14,15,"[""TOKEN_SELECTED"", ""TOKEN_SELECTED"", ""TOKEN_SELECTED"", ""MENTION_CREATED"", ""TOKEN_SELECTED"", ""MENTION_CREATED"", ""TOKEN_SELECTED"", ""TOKEN_SELECTED"", ""TOKEN_SELECTED"", ""MENTION_CREATED"", ""STEP_ENTITIES"", ""MENTION_SELECTED"", ""MENTION_SELECTED"", ""MENTION_SELECTED"", ""ENTITY_GROUPED""]",MENTION_SELECTED,train,llm_synthetic_expanded,1.0
llm_synth_expanded_0,synthetic,43,2,3,"[""PROCESS_START"", ""STEP_ENTITIES"", ""MENTION_SELECTED""]",MENTION_SELECTED,train,llm_synthetic_expanded,0.6666666666666666
llm_synth_expanded_1046,synthetic,11,19,20,"[""MENTION_CREATED"", ""TOKEN_SELECTED"", ""TOKEN_DESELECTED"", ""TOKEN_SELECTED"", ""MENTION_CREATED"", ""TOKEN_SELECTED"", ""MENTION_CREATED"", ""TOKEN_SELECTED"", ""TOKEN_DESELECTED"", ""TOKEN_SELECTED"", ""MENTION_CREATED"", ""TOKEN_SELECTED"", ""TOKEN_SELECTED"", ""TOKEN_SELECTED"", ""MENTION_CREATED"", ""STEP_ENTITIES"", ""MENTION_SELECTED"", ""MENTION_SELECTED"", ""ENTITY_GROUPED"", ""MENTION_SELECTED""]",MENTION_SELECTED,train,llm_synthetic_expanded,1.0
llm_synth_expanded_877,synthetic,15,2,3,"[""PROCESS_START"", ""STEP_RELATION_SUGGESTION"", ""STEP_RELATIONS""]",MENTION_SELECTED,train,llm_synthetic_expanded,0.6666666666666666
llm_synth_expanded_123,synthetic,41,12,13,"[""PROCESS_START"", ""MENTION_SELECTED"", ""RELATION_CREATED"", ""MENTION_SELECTED"", ""MENTION_SELECTED"", ""RELATION_CREATED"", ""MENTION_SELECTED"", ""MENTION_SELECTED"", ""RELATION_CREATED"", ""MENTION_SELECTED"", ""MENTION_SELECTED"", ""RELATION_CREATED"", ""MENTION_SELECTED""]",MENTION_SELECTED,train,llm_synthetic_expanded,0.9230769230769231
llm_synth_expanded_254,synthetic,23,11,12,"[""PROCESS_START"", ""STEP_MENTION_SUGGESTION"", ""STEP_METION"", ""TOKEN_SELECTED"", ""MENTION_CREATED"", ""TOKEN_SELECTED"", ""TOKEN_SELECTED"", ""MENTION_CREATED"", ""TOKEN_SELECTED"", ""TOKEN_SELECTED"", ""TOKEN_SELECTED"", ""MENTION_CREATED""]",MENTION_SELECTED,train,llm_synthetic_expanded,1.0
llm_synth_expanded_48,synthetic,33,12,13,"[""PROCESS_START"", ""STEP_RELATION_SUGGESTION"", ""STEP_RELATIONS"", ""MENTION_SELECTED"", ""MENTION_SELECTED"", ""RELATION_CREATED"", ""MENTION_SELECTED"", ""MENTION_SELECTED"", ""RELATION_CREATED"", ""MENTION_SELECTED"", ""MENTION_SELECTED"", ""RELATION_CREATED"", ""MENTION_SELECTED""]",MENTION_SELECTED,train,llm_synthetic_expanded,0.9230769230769231
llm_synth_expanded_868,synthetic,43,4,5,"[""MENTION_SELECTED"", ""MENTION_SELECTED"", ""MENTION_DESELECTED"", ""MENTION_DESELECTED"", ""MENTION_SELECTED""]",MENTION_SELECTED,train,llm_synthetic_expanded,1.0
llm_synth_expanded_720,synthetic,41,9,10,"[""PROCESS_START"", ""MENTION_SELECTED"", ""MENTION_SELECTED"", ""ENTITY_GROUPED"", ""MENTION_SELECTED"", ""MENTION_SELECTED"", ""MENTION_SUGGESTION_ACCEPTED"", ""MENTION_SELECTED"", ""MENTION_SELECTED"", ""RELATION_CREATED""]",MENTION_SELECTED,train,llm_synthetic_expanded,0.8
llm_synth_expanded_749,synthetic,22,4,5,"[""PROCESS_START"", ""MENTION_SELECTED"", ""MENTION_DESELECTED"", ""MENTION_SELECTED"", ""MENTION_DESELECTED""]",MENTION_SELECTED,train,llm_synthetic_expanded,0.8
llm_synth_expanded_654,synthetic,23,20,21,"[""PROCESS_START"", ""ENTITY_GROUPED"", ""STEP_RELATION_SUGGESTION"", ""STEP_RELATIONS"", ""MENTION_SELECTED"", ""MENTION_SELECTED"", ""RELATION_CREATED"", ""MENTION_SELECTED"", ""MENTION_SELECTED"", ""RELATION_CREATED"", ""MENTION_SELECTED"", ""MENTION_SELECTED"", ""RELATION_CREATED"", ""RELATION_DELETED"", ""RELATION_DELETED"", ""MENTION_SELECTED"", ""MENTION_SELECTED"", ""RELATION_CREATED"", ""MENTION_SELECTED"", ""MENTION_SELECTED"", ""RELATION_CREATED""]",MENTION_SELECTED,train,llm_synthetic_expanded,0.9523809523809523
llm_synth_expanded_125,synthetic,41,11,12,"[""PROCESS_START"", ""TOKEN_SELECTED"", ""MENTION_SELECTED"", ""RELATION_CREATED"", ""MENTION_SELECTED"", ""MENTION_DESELECTED"", ""TOKEN_SELECTED"", ""TOKEN_SELECTED"", ""TOKEN_DESELECTED"", ""TOKEN_DESELECTED"", ""TOKEN_SELECTED"", ""MENTION_CREATED""]",MENTION_SELECTED,train,llm_synthetic_expanded,0.9166666666666666
llm_synth_expanded_547,synthetic,26,8,9,"[""TOKEN_SELECTED"", ""MENTION_CREATED"", ""STEP_ENTITIES"", ""MENTION_SELECTED"", ""MENTION_SELECTED"", ""ENTITY_GROUPED"", ""MENTION_SELECTED"", ""MENTION_SELECTED"", ""ENTITY_GROUPED""]",MENTION_SELECTED,train,llm_synthetic_expanded,1.0
llm_synth_expanded_877,synthetic,15,7,8,"[""PROCESS_START"", ""STEP_RELATION_SUGGESTION"", ""STEP_RELATIONS"", ""MENTION_SELECTED"", ""MENTION_SUGGESTION_BOUNDS_UPDATED"", ""MENTION_SELECTED"", ""MENTION_SELECTED"", ""RELATION_CREATED""]",MENTION_SELECTED,train,llm_synthetic_expanded,0.875
llm_synth_expanded_547,synthetic,26,17,18,"[""TOKEN_SELECTED"", ""MENTION_CREATED"", ""STEP_ENTITIES"", ""MENTION_SELECTED"", ""MENTION_SELECTED"", ""ENTITY_GROUPED"", ""MENTION_SELECTED"", ""MENTION_SELECTED"", ""ENTITY_GROUPED"", ""MENTION_SELECTED"", ""MENTION_SELECTED"", ""ENTITY_GROUPED"", ""MENTION_SELECTED"", ""MENTION_SELECTED"", ""ENTITY_GROUPED"", ""MENTION_SELECTED"", ""MENTION_SELECTED"", ""ENTITY_GROUPED""]",MENTION_SELECTED,train,llm_synthetic_expanded,1.0
llm_synth_expanded_327,synthetic,24,15,16,"[""RELATION_CREATED"", ""MENTION_SELECTED"", ""MENTION_SELECTED"", ""RELATION_CREATED"", ""MENTION_SELECTED"", ""MENTION_SELECTED"", ""RELATION_CREATED"", ""MENTION_SELECTED"", ""MENTION_SELECTED"", ""RELATION_CREATED"", ""MENTION_SELECTED"", ""MENTION_SELECTED"", ""RELATION_CREATED"", ""MENTION_SELECTED"", ""MENTION_SELECTED"", ""RELATION_CREATED""]",MENTION_SELECTED,train,llm_synthetic_expanded,1.0
llm_synth_expanded_28,synthetic,33,3,4,"[""STEP_RELATIONS"", ""MENTION_SELECTED"", ""MENTION_SELECTED"", ""RELATION_CREATED""]",MENTION_SELECTED,train,llm_synthetic_expanded,1.0
llm_synth_expanded_513,synthetic,11,10,11,"[""STEP_RELATION_SUGGESTION"", ""STEP_RELATIONS"", ""MENTION_SELECTED"", ""MENTION_SELECTED"", ""RELATION_CREATED"", ""MENTION_SELECTED"", ""MENTION_SELECTED"", ""RELATION_CREATED"", ""MENTION_SELECTED"", ""MENTION_SELECTED"", ""RELATION_CREATED""]",MENTION_SELECTED,train,llm_synthetic_expanded,1.0
llm_synth_expanded_880,synthetic,18,7,8,"[""PROCESS_START"", ""STEP_RELATION_SUGGESTION"", ""STEP_RELATIONS"", ""MENTION_SELECTED"", ""MENTION_SUGGESTION_BOUNDS_UPDATED"", ""MENTION_SELECTED"", ""MENTION_SELECTED"", ""RELATION_CREATED""]",MENTION_SELECTED,train,llm_synthetic_expanded,0.875
llm_synth_expanded_698,synthetic,44,11,12,"[""TOKEN_SELECTED"", ""TOKEN_SELECTED"", ""TOKEN_SELECTED"", ""MENTION_CREATED"", ""TOKEN_SELECTED"", ""MENTION_CREATED"", ""TOKEN_SELECTED"", ""TOKEN_SELECTED"", ""TOKEN_SELECTED"", ""MENTION_CREATED"", ""STEP_ENTITIES"", ""MENTION_SELECTED""]",MENTION_SELECTED,train,llm_synthetic_expanded,1.0
llm_synth_expanded_339,synthetic,44,5,6,"[""PROCESS_START"", ""TOKEN_SELECTED"", ""TOKEN_SELECTED"", ""TOKEN_SELECTED"", ""MENTION_CREATED"", ""STEP_ENTITIES""]",MENTION_SELECTED,train,llm_synthetic_expanded,0.8333333333333334
llm_synth_expanded_208,synthetic,41,17,18,"[""PROCESS_START"", ""TOKEN_SELECTED"", ""TOKEN_SELECTED"", ""MENTION_CREATED"", ""STEP_ENTITIES"", ""MENTION_SELECTED"", ""MENTION_SELECTED"", ""ENTITY_GROUPED"", ""MENTION_SELECTED"", ""MENTION_SELECTED"", ""ENTITY_GROUPED"", ""STEP_RELATION_SUGGESTION"", ""STEP_RELATIONS"", ""MENTION_SELECTED"", ""MENTION_SELECTED"", ""RELATION_CREATED"", ""MENTION_SELECTED"", ""MENTION_SELECTED""]",MENTION_SELECTED,train,llm_synthetic_expanded,0.9444444444444444
llm_synth_expanded_1219,synthetic,34,9,10,"[""PROCESS_START"", ""ENTITY_GROUPED"", ""MENTION_SUGGESTION_REJECTED"", ""MENTION_SELECTED"", ""MENTION_SELECTED"", ""MENTION_DESELECTED"", ""MENTION_SELECTED"", ""MENTION_SELECTED"", ""MENTION_DESELECTED"", ""MENTION_SELECTED""]",MENTION_SELECTED,train,llm_synthetic_expanded,0.7
llm_synth_expanded_904,synthetic,41,1,2,"[""MENTION_DESELECTED"", ""MENTION_SELECTED""]",MENTION_SELECTED,train,llm_synthetic_expanded,1.0
llm_synth_expanded_839,synthetic,23,9,10,"[""MENTION_SELECTED"", ""MENTION_SELECTED"", ""MENTION_SELECTED"", ""ENTITY_GROUPED"", ""MENTION_SELECTED"", ""MENTION_SELECTED"", ""ENTITY_GROUPED"", ""STEP_RELATION_SUGGESTION"", ""STEP_RELATIONS"", ""MENTION_SELECTED""]",MENTION_SELECTED,train,llm_synthetic_expanded,1.0
llm_synth_expanded_1218,synthetic,34,4,5,"[""PROCESS_START"", ""MENTION_SUGGESTION_BOUNDS_UPDATED"", ""MENTION_SELECTED"", ""MENTION_SELECTED"", ""TOKEN_DESELECTED""]",MENTION_SELECTED,train,llm_synthetic_expanded,0.6
llm_synth_expanded_843,synthetic,23,17,18,"[""PROCESS_START"", ""STEP_RELATION_SUGGESTION"", ""STEP_RELATIONS"", ""MENTION_SELECTED"", ""MENTION_SELECTED"", ""RELATION_CREATED"", ""MENTION_SELECTED"", ""MENTION_SELECTED"", ""RELATION_CREATED"", ""MENTION_SELECTED"", ""MENTION_SELECTED"", ""RELATION_CREATED"", ""MENTION_SELECTED"", ""MENTION_SELECTED"", ""RELATION_CREATED"", ""MENTION_SELECTED"", ""MENTION_SELECTED"", ""RELATION_CREATED""]",MENTION_SELECTED,train,llm_synthetic_expanded,0.9444444444444444
llm_synth_expanded_327,synthetic,24,18,19,"[""RELATION_CREATED"", ""MENTION_SELECTED"", ""MENTION_SELECTED"", ""RELATION_CREATED"", ""MENTION_SELECTED"", ""MENTION_SELECTED"", ""RELATION_CREATED"", ""MENTION_SELECTED"", ""MENTION_SELECTED"", ""RELATION_CREATED"", ""MENTION_SELECTED"", ""MENTION_SELECTED"", ""RELATION_CREATED"", ""MENTION_SELECTED"", ""MENTION_SELECTED"", ""RELATION_CREATED"", ""MENTION_SELECTED"", ""MENTION_DELETED"", ""MENTION_SELECTED""]",MENTION_SELECTED,train,llm_synthetic_expanded,1.0
llm_synth_expanded_877,synthetic,15,10,11,"[""PROCESS_START"", ""STEP_RELATION_SUGGESTION"", ""STEP_RELATIONS"", ""MENTION_SELECTED"", ""MENTION_SUGGESTION_BOUNDS_UPDATED"", ""MENTION_SELECTED"", ""MENTION_SELECTED"", ""RELATION_CREATED"", ""MENTION_SELECTED"", ""MENTION_SELECTED"", ""RELATION_CREATED""]",MENTION_SELECTED,train,llm_synthetic_expanded,0.9090909090909091
llm_synth_expanded_877,synthetic,15,4,5,"[""PROCESS_START"", ""STEP_RELATION_SUGGESTION"", ""STEP_RELATIONS"", ""MENTION_SELECTED"", ""MENTION_SUGGESTION_BOUNDS_UPDATED""]",MENTION_SELECTED,train,llm_synthetic_expanded,0.8
llm_synth_expanded_1011,synthetic,13,9,10,"[""MENTION_DESELECTED"", ""MENTION_SELECTED"", ""MENTION_SELECTED"", ""MENTION_DESELECTED"", ""ENTITY_GROUPED"", ""MENTION_DESELECTED"", ""MENTION_DESELECTED"", ""STEP_RELATION_SUGGESTION"", ""STEP_RELATIONS"", ""MENTION_SELECTED""]",MENTION_SELECTED,train,llm_synthetic_expanded,1.0
llm_synth_expanded_227,synthetic,44,2,3,"[""PROCESS_START"", ""MENTION_SELECTED"", ""MENTION_SELECTED""]",MENTION_SELECTED,train,llm_synthetic_expanded,0.6666666666666666
llm_synth_expanded_1013,synthetic,13,3,4,"[""MENTION_SELECTED"", ""MENTION_SELECTED"", ""MENTION_DESELECTED"", ""MENTION_SELECTED""]",MENTION_SELECTED,train,llm_synthetic_expanded,1.0
llm_synth_expanded_838,synthetic,23,10,11,"[""STEP_RELATIONS"", ""MENTION_SELECTED"", ""MENTION_SELECTED"", ""RELATION_CREATED"", ""RELATION_DELETED"", ""MENTION_SELECTED"", ""MENTION_SELECTED"", ""RELATION_CREATED"", ""MENTION_SELECTED"", ""MENTION_SELECTED"", ""RELATION_CREATED""]",MENTION_SELECTED,train,llm_synthetic_expanded,1.0
llm_synth_expanded_1010,synthetic,13,12,13,"[""MENTION_SELECTED"", ""MENTION_SELECTED"", ""ENTITY_GROUPED"", ""MENTION_DESELECTED"", ""MENTION_SELECTED"", ""MENTION_SELECTED"", ""MENTION_DESELECTED"", ""ENTITY_GROUPED"", ""MENTION_DESELECTED"", ""MENTION_DESELECTED"", ""STEP_RELATION_SUGGESTION"", ""STEP_RELATIONS"", ""MENTION_SELECTED""]",MENTION_SELECTED,train,llm_synthetic_expanded,1.0
llm_synth_expanded_868,synthetic,43,7,8,"[""MENTION_SELECTED"", ""MENTION_SELECTED"", ""MENTION_DESELECTED"", ""MENTION_DESELECTED"", ""MENTION_SELECTED"", ""MENTION_SELECTED"", ""RELATION_CREATED"", ""MENTION_SELECTED""]",MENTION_SELECTED,train,llm_synthetic_expanded,1.0
llm_synth_expanded_121,synthetic,41,7,8,"[""PROCESS_START"", ""MENTION_CREATED"", ""MENTION_SELECTED"", ""MENTION_DELETED"", ""TOKEN_SELECTED"", ""TOKEN_SELECTED"", ""TOKEN_SELECTED"", ""MENTION_CREATED""]",MENTION_SELECTED,train,llm_synthetic_expanded,0.875
llm_synth_expanded_838,synthetic,23,8,9,"[""STEP_RELATIONS"", ""MENTION_SELECTED"", ""MENTION_SELECTED"", ""RELATION_CREATED"", ""RELATION_DELETED"", ""MENTION_SELECTED"", ""MENTION_SELECTED"", ""RELATION_CREATED"", ""MENTION_SELECTED""]",MENTION_SELECTED,train,llm_synthetic_expanded,1.0
llm_synth_expanded_876,synthetic,14,19,20,"[""PROCESS_START"", ""STEP_RELATION_SUGGESTION"", ""STEP_RELATIONS"", ""MENTION_SELECTED"", ""MENTION_SUGGESTION_BOUNDS_UPDATED"", ""MENTION_SELECTED"", ""MENTION_SELECTED"", ""RELATION_CREATED"", ""MENTION_SELECTED"", ""MENTION_SELECTED"", ""RELATION_CREATED"", ""MENTION_SELECTED"", ""MENTION_SELECTED"", ""RELATION_CREATED"", ""MENTION_SELECTED"", ""MENTION_SELECTED"", ""RELATION_CREATED"", ""MENTION_SELECTED"", ""MENTION_SELECTED"", ""RELATION_CREATED""]",MENTION_SELECTED,train,llm_synthetic_expanded,0.95
llm_synth_expanded_334,synthetic,11,14,15,"[""RELATION_CREATED"", ""MENTION_SELECTED"", ""MENTION_DESELECTED"", ""MENTION_SELECTED"", ""MENTION_SELECTED"", ""RELATION_CREATED"", ""MENTION_SELECTED"", ""MENTION_SELECTED"", ""RELATION_CREATED"", ""MENTION_SELECTED"", ""MENTION_SELECTED"", ""RELATION_CREATED"", ""MENTION_SELECTED"", ""MENTION_SELECTED"", ""RELATION_CREATED""]",MENTION_SELECTED,train,llm_synthetic_expanded,1.0
llm_synth_expanded_38,synthetic,12,6,7,"[""PROCESS_START"", ""MENTION_CREATED"", ""TOKEN_SELECTED"", ""MENTION_CREATED"", ""TOKEN_SELECTED"", ""MENTION_CREATED"", ""TOKEN_SELECTED""]",MENTION_SELECTED,train,llm_synthetic_expanded,0.8571428571428571
llm_synth_expanded_513,synthetic,11,7,8,"[""STEP_RELATION_SUGGESTION"", ""STEP_RELATIONS"", ""MENTION_SELECTED"", ""MENTION_SELECTED"", ""RELATION_CREATED"", ""MENTION_SELECTED"", ""MENTION_SELECTED"", ""RELATION_CREATED""]",MENTION_SELECTED,train,llm_synthetic_expanded,1.0
llm_synth_expanded_830,synthetic,42,2,3,"[""PROCESS_START"", ""TOKEN_SELECTED"", ""MENTION_CREATED""]",MENTION_SELECTED,train,llm_synthetic_expanded,0.6666666666666666
llm_synth_expanded_208,synthetic,41,7,8,"[""PROCESS_START"", ""TOKEN_SELECTED"", ""TOKEN_SELECTED"", ""MENTION_CREATED"", ""STEP_ENTITIES"", ""MENTION_SELECTED"", ""MENTION_SELECTED"", ""ENTITY_GROUPED""]",MENTION_SELECTED,train,llm_synthetic_expanded,0.875
llm_synth_expanded_339,synthetic,44,9,10,"[""PROCESS_START"", ""TOKEN_SELECTED"", ""TOKEN_SELECTED"", ""TOKEN_SELECTED"", ""MENTION_CREATED"", ""STEP_ENTITIES"", ""MENTION_SELECTED"", ""MENTION_SELECTED"", ""MENTION_SELECTED"", ""ENTITY_GROUPED""]",MENTION_SELECTED,train,llm_synthetic_expanded,0.9
llm_synth_expanded_228,synthetic,44,4,5,"[""PROCESS_START"", ""STEP_RELATION_SUGGESTION"", ""RELATION_SUGGESTION_REJECTED"", ""MENTION_SELECTED"", ""MENTION_SELECTED""]",MENTION_SELECTED,train,llm_synthetic_expanded,0.6
llm_synth_expanded_659,synthetic,23,21,22,"[""PROCESS_START"", ""STEP_RELATION_SUGGESTION"", ""STEP_RELATIONS"", ""MENTION_SELECTED"", ""MENTION_SELECTED"", ""RELATION_CREATED"", ""MENTION_SELECTED"", ""MENTION_SELECTED"", ""RELATION_CREATED"", ""MENTION_SELECTED"", ""MENTION_SELECTED"", ""RELATION_CREATED"", ""MENTION_SELECTED"", ""MENTION_SELECTED"", ""RELATION_CREATED"", ""MENTION_SELECTED"", ""MENTION_TYPE_UPDATED"", ""TOKEN_SELECTED"", ""MENTION_SELECTED"", ""MENTION_SELECTED"", ""MENTION_SELECTED"", ""MENTION_DESELECTED""]",MENTION_SELECTED,train,llm_synthetic_expanded,0.9545454545454546
llm_synth_expanded_704,synthetic,41,16,17,"[""MENTION_SELECTED"", ""MENTION_SELECTED"", ""ENTITY_GROUPED"", ""STEP_RELATION_SUGGESTION"", ""STEP_RELATIONS"", ""MENTION_SELECTED"", ""MENTION_SELECTED"", ""RELATION_CREATED"", ""MENTION_SELECTED"", ""MENTION_DESELECTED"", ""MENTION_SELECTED"", ""MENTION_SELECTED"", ""RELATION_CREATED"", ""MENTION_SELECTED"", ""MENTION_SELECTED"", ""RELATION_CREATED"", ""MENTION_SELECTED""]",MENTION_SELECTED,train,llm_synthetic_expanded,1.0
llm_synth_expanded_840,synthetic,23,17,18,"[""TOKEN_SELECTED"", ""MENTION_CREATED"", ""TOKEN_SELECTED"", ""MENTION_CREATED"", ""TOKEN_SELECTED"", ""TOKEN_SELECTED"", ""TOKEN_DESELECTED"", ""TOKEN_DESELECTED"", ""TOKEN_SELECTED"", ""MENTION_CREATED"", ""TOKEN_SELECTED"", ""MENTION_CREATED"", ""TOKEN_SELECTED"", ""TOKEN_SELECTED"", ""MENTION_CREATED"", ""MENTION_SELECTED"", ""MENTION_TYPE_UPDATED"", ""MENTION_SELECTED""]",MENTION_SELECTED,train,llm_synthetic_expanded,1.0
llm_synth_expanded_547,synthetic,26,14,15,"[""TOKEN_SELECTED"", ""MENTION_CREATED"", ""STEP_ENTITIES"", ""MENTION_SELECTED"", ""MENTION_SELECTED"", ""ENTITY_GROUPED"", ""MENTION_SELECTED"", ""MENTION_SELECTED"", ""ENTITY_GROUPED"", ""MENTION_SELECTED"", ""MENTION_SELECTED"", ""ENTITY_GROUPED"", ""MENTION_SELECTED"", ""MENTION_SELECTED"", ""ENTITY_GROUPED""]",MENTION_SELECTED,train,llm_synthetic_expanded,1.0
llm_synth_expanded_483,synthetic,44,15,16,"[""PROCESS_START"", ""MENTION_SELECTED"", ""MENTION_SELECTED"", ""ENTITY_GROUPED"", ""STEP_RELATION_SUGGESTION"", ""RELATION_SUGGESTION_REJECTED"", ""RELATION_SUGGESTION_REJECTED"", ""RELATION_SUGGESTION_ACCEPTED"", ""RELATION_SUGGESTION_ACCEPTED"", ""STEP_RELATIONS"", ""MENTION_SELECTED"", ""MENTION_DELETED"", ""MENTION_SELECTED"", ""MENTION_DELETED"", ""MENTION_SELECTED"", ""MENTION_DELETED""]",MENTION_SELECTED,train,llm_synthetic_expanded,0.9375
llm_synth_expanded_932,synthetic,41,1,2,"[""PROCESS_START"", ""STEP_METION""]",MENTION_SELECTED,train,llm_synthetic_expanded,0.5
llm_synth_expanded_200,synthetic,23,17,18,"[""PROCESS_START"", ""STEP_MENTION_SUGGESTION"", ""STEP_METION"", ""TOKEN_SELECTED"", ""TOKEN_SELECTED"", ""MENTION_CREATED"", ""TOKEN_SELECTED"", ""TOKEN_SELECTED"", ""MENTION_CREATED"", ""TOKEN_SELECTED"", ""TOKEN_SELECTED"", ""MENTION_CREATED"", ""TOKEN_SELECTED"", ""TOKEN_SELECTED"", ""MENTION_CREATED"", ""TOKEN_SELECTED"", ""MENTION_SELECTED"", ""MENTION_DELETED""]",MENTION_SELECTED,train,llm_synthetic_expanded,1.0
llm_synth_expanded_991,synthetic,11,16,17,"[""TOKEN_SELECTED"", ""MENTION_CREATED"", ""TOKEN_SELECTED"", ""TOKEN_SELECTED"", ""MENTION_CREATED"", ""TOKEN_SELECTED"", ""TOKEN_SELECTED"", ""TOKEN_SELECTED"", ""MENTION_CREATED"", ""TOKEN_SELECTED"", ""TOKEN_SELECTED"", ""TOKEN_SELECTED"", ""MENTION_CREATED"", ""TOKEN_SELECTED"", ""TOKEN_SELECTED"", ""TOKEN_SELECTED"", ""MENTION_CREATED""]",MENTION_SELECTED,train,llm_synthetic_expanded,1.0
llm_synth_expanded_126,synthetic,41,7,8,"[""PROCESS_START"", ""TOKEN_SELECTED"", ""MENTION_SELECTED"", ""RELATION_CREATED"", ""MENTION_SELECTED"", ""MENTION_SELECTED"", ""RELATION_CREATED"", ""MENTION_SELECTED""]",MENTION_SELECTED,train,llm_synthetic_expanded,0.875
llm_synth_expanded_658,synthetic,23,20,21,"[""PROCESS_START"", ""MENTION_DELETED"", ""TOKEN_SELECTED"", ""TOKEN_SELECTED"", ""TOKEN_SELECTED"", ""TOKEN_DESELECTED"", ""TOKEN_DESELECTED"", ""TOKEN_DESELECTED"", ""TOKEN_SELECTED"", ""MENTION_CREATED"", ""STEP_ENTITIES"", ""MENTION_SELECTED"", ""MENTION_SELECTED"", ""ENTITY_GROUPED"", ""MENTION_SELECTED"", ""MENTION_TYPE_UPDATED"", ""MENTION_SELECTED"", ""MENTION_SELECTED"", ""ENTITY_GROUPED"", ""STEP_RELATION_SUGGESTION"", ""STEP_RELATIONS""]",MENTION_SELECTED,train,llm_synthetic_expanded,0.9523809523809523
llm_synth_expanded_124,synthetic,41,18,19,"[""PROCESS_START"", ""TOKEN_SELECTED"", ""TOKEN_SELECTED"", ""TOKEN_SELECTED"", ""MENTION_CREATED"", ""TOKEN_SELECTED"", ""MENTION_CREATED"", ""TOKEN_SELECTED"", ""MENTION_CREATED"", ""TOKEN_SELECTED"", ""MENTION_CREATED"", ""TOKEN_SELECTED"", ""MENTION_CREATED"", ""TOKEN_SELECTED"", ""MENTION_CREATED"", ""TOKEN_SELECTED"", ""MENTION_SELECTED"", ""MENTION_SUGGESTION_BOUNDS_UPDATED"", ""STEP_ENTITIES""]",MENTION_SELECTED,train,llm_synthetic_expanded,0.9473684210526315
llm_synth_expanded_751,synthetic,22,12,13,"[""PROCESS_START"", ""MENTION_SELECTED"", ""MENTION_DESELECTED"", ""MENTION_SELECTED"", ""MENTION_DESELECTED"", ""MENTION_SELECTED"", ""MENTION_DESELECTED"", ""MENTION_SELECTED"", ""MENTION_DESELECTED"", ""MENTION_SELECTED"", ""MENTION_DESELECTED"", ""MENTION_SELECTED"", ""MENTION_DESELECTED""]",MENTION_SELECTED,train,llm_synthetic_expanded,0.9230769230769231
llm_synth_expanded_514,synthetic,11,14,15,"[""MENTION_SELECTED"", ""MENTION_SELECTED"", ""RELATION_CREATED"", ""MENTION_SELECTED"", ""MENTION_SELECTED"", ""RELATION_CREATED"", ""MENTION_SELECTED"", ""MENTION_DESELECTED"", ""MENTION_SELECTED"", ""MENTION_SELECTED"", ""RELATION_CREATED"", ""MENTION_SELECTED"", ""MENTION_SELECTED"", ""RELATION_CREATED"", ""MENTION_SELECTED""]",MENTION_SELECTED,train,llm_synthetic_expanded,1.0
llm_synth_expanded_282,synthetic,33,1,2,"[""PROCESS_START"", ""STEP_METION""]",MENTION_SELECTED,train,llm_synthetic_expanded,0.5
llm_synth_expanded_837,synthetic,23,8,9,"[""MENTION_SELECTED"", ""ENTITY_GROUPED"", ""MENTION_SELECTED"", ""MENTION_SELECTED"", ""ENTITY_GROUPED"", ""TOKEN_SELECTED"", ""MENTION_CREATED"", ""STEP_RELATION_SUGGESTION"", ""STEP_RELATIONS""]",MENTION_SELECTED,train,llm_synthetic_expanded,1.0
llm_synth_expanded_153,synthetic,22,16,17,"[""PROCESS_START"", ""TOKEN_SELECTED"", ""TOKEN_SELECTED"", ""MENTION_CREATED"", ""TOKEN_SELECTED"", ""TOKEN_SELECTED"", ""MENTION_CREATED"", ""TOKEN_SELECTED"", ""MENTION_CREATED"", ""TOKEN_SELECTED"", ""MENTION_CREATED"", ""MENTION_SELECTED"", ""MENTION_DESELECTED"", ""MENTION_SELECTED"", ""MENTION_DESELECTED"", ""MENTION_SELECTED"", ""MENTION_DESELECTED""]",MENTION_SELECTED,train,llm_synthetic_expanded,0.9411764705882353
llm_synth_expanded_881,synthetic,19,10,11,"[""PROCESS_START"", ""STEP_RELATION_SUGGESTION"", ""STEP_RELATIONS"", ""MENTION_SELECTED"", ""MENTION_SUGGESTION_BOUNDS_UPDATED"", ""MENTION_SELECTED"", ""MENTION_SELECTED"", ""RELATION_CREATED"", ""MENTION_SELECTED"", ""MENTION_SELECTED"", ""RELATION_CREATED""]",MENTION_SELECTED,train,llm_synthetic_expanded,0.9090909090909091
llm_synth_expanded_30,synthetic,33,6,7,"[""MENTION_SELECTED"", ""MENTION_SELECTED"", ""ENTITY_GROUPED"", ""MENTION_SELECTED"", ""MENTION_SELECTED"", ""RELATION_CREATED"", ""MENTION_SELECTED""]",MENTION_SELECTED,train,llm_synthetic_expanded,1.0
llm_synth_expanded_1013,synthetic,13,13,14,"[""MENTION_SELECTED"", ""MENTION_SELECTED"", ""MENTION_DESELECTED"", ""MENTION_SELECTED"", ""MENTION_SELECTED"", ""ENTITY_GROUPED"", ""MENTION_DESELECTED"", ""MENTION_DESELECTED"", ""MENTION_DESELECTED"", ""ENTITY_GROUPED"", ""MENTION_DESELECTED"", ""MENTION_DESELECTED"", ""STEP_RELATION_SUGGESTION"", ""STEP_RELATIONS""]",MENTION_SELECTED,train,llm_synthetic_expanded,1.0
llm_synth_expanded_122,synthetic,41,17,18,"[""PROCESS_START"", ""MENTION_SELECTED"", ""RELATION_CREATED"", ""MENTION_SELECTED"", ""MENTION_DESELECTED"", ""TOKEN_SELECTED"", ""TOKEN_SELECTED"", ""TOKEN_DESELECTED"", ""TOKEN_DESELECTED"", ""TOKEN_SELECTED"", ""MENTION_CREATED"", ""MENTION_SELECTED"", ""MENTION_SELECTED"", ""RELATION_CREATED"", ""MENTION_SELECTED"", ""MENTION_SELECTED"", ""RELATION_CREATED"", ""MENTION_SELECTED""]",MENTION_SELECTED,train,llm_synthetic_expanded,0.9444444444444444
llm_synth_expanded_126,synthetic,41,18,19,"[""PROCESS_START"", ""TOKEN_SELECTED"", ""MENTION_SELECTED"", ""RELATION_CREATED"", ""MENTION_SELECTED"", ""MENTION_SELECTED"", ""RELATION_CREATED"", ""MENTION_SELECTED"", ""MENTION_SELECTED"", ""RELATION_CREATED"", ""MENTION_SELECTED"", ""MENTION_SELECTED"", ""RELATION_CREATED"", ""MENTION_SELECTED"", ""MENTION_SELECTED"", ""RELATION_CREATED"", ""MENTION_SELECTED"", ""MENTION_SELECTED"", ""RELATION_CREATED""]",MENTION_SELECTED,train,llm_synthetic_expanded,0.9473684210526315
llm_synth_expanded_338,synthetic,44,9,10,"[""PROCESS_START"", ""MENTION_CREATED"", ""TOKEN_SELECTED"", ""MENTION_CREATED"", ""TOKEN_SELECTED"", ""TOKEN_SELECTED"", ""MENTION_CREATED"", ""STEP_ENTITIES"", ""MENTION_SELECTED"", ""MENTION_SELECTED""]",MENTION_SELECTED,train,llm_synthetic_expanded,0.9
llm_synth_expanded_721,synthetic,11,10,11,"[""PROCESS_START"", ""MENTION_SELECTED"", ""MENTION_SELECTED"", ""MENTION_SELECTED"", ""RELATION_CREATED"", ""MENTION_SELECTED"", ""MENTION_SELECTED"", ""RELATION_CREATED"", ""MENTION_SELECTED"", ""MENTION_SELECTED"", ""RELATION_CREATED""]",MENTION_SELECTED,train,llm_synthetic_expanded,0.9090909090909091
llm_synth_expanded_126,synthetic,41,12,13,"[""PROCESS_START"", ""TOKEN_SELECTED"", ""MENTION_SELECTED"", ""RELATION_CREATED"", ""MENTION_SELECTED"", ""MENTION_SELECTED"", ""RELATION_CREATED"", ""MENTION_SELECTED"", ""MENTION_SELECTED"", ""RELATION_CREATED"", ""MENTION_SELECTED"", ""MENTION_SELECTED"", ""RELATION_CREATED""]",MENTION_SELECTED,train,llm_synthetic_expanded,0.9230769230769231
llm_synth_expanded_1246,synthetic,21,10,11,"[""PROCESS_START"", ""STEP_MENTION_SUGGESTION"", ""STEP_METION"", ""TOKEN_SELECTED"", ""MENTION_CREATED"", ""TOKEN_SELECTED"", ""MENTION_CREATED"", ""TOKEN_SELECTED"", ""MENTION_CREATED"", ""TOKEN_SELECTED"", ""TOKEN_SELECTED""]",MENTION_SUGGESTION_ACCEPTED,train,llm_synthetic_expanded,1.0
llm_synth_expanded_720,synthetic,41,5,6,"[""PROCESS_START"", ""MENTION_SELECTED"", ""MENTION_SELECTED"", ""ENTITY_GROUPED"", ""MENTION_SELECTED"", ""MENTION_SELECTED""]",MENTION_SUGGESTION_ACCEPTED,train,llm_synthetic_expanded,0.6666666666666666
llm_synth_expanded_973,synthetic,20,2,3,"[""PROCESS_START"", ""STEP_MENTION_SUGGESTION"", ""MENTION_SUGGESTION_ACCEPTED""]",MENTION_SUGGESTION_ACCEPTED,train,llm_synthetic_expanded,1.0
llm_synth_expanded_976,synthetic,23,3,4,"[""PROCESS_START"", ""STEP_MENTION_SUGGESTION"", ""MENTION_SUGGESTION_ACCEPTED"", ""MENTION_SUGGESTION_ACCEPTED""]",MENTION_SUGGESTION_ACCEPTED,train,llm_synthetic_expanded,1.0
llm_synth_expanded_804,synthetic,15,3,4,"[""PROCESS_START"", ""STEP_MENTION_SUGGESTION"", ""MENTION_SUGGESTION_ACCEPTED"", ""MENTION_SUGGESTION_ACCEPTED""]",MENTION_SUGGESTION_ACCEPTED,train,llm_synthetic_expanded,1.0
llm_synth_expanded_1173,synthetic,31,3,4,"[""PROCESS_START"", ""STEP_MENTION_SUGGESTION"", ""STEP_METION"", ""TOKEN_SELECTED""]",MENTION_SUGGESTION_ACCEPTED,train,llm_synthetic_expanded,1.0
llm_synth_expanded_826,synthetic,22,3,4,"[""PROCESS_START"", ""STEP_MENTION_SUGGESTION"", ""STEP_RELATION_SUGGESTION"", ""MENTION_SUGGESTION_REJECTED""]",MENTION_SUGGESTION_ACCEPTED,train,llm_synthetic_expanded,0.5
llm_synth_expanded_685,synthetic,14,3,4,"[""PROCESS_START"", ""STEP_MENTION_SUGGESTION"", ""MENTION_SUGGESTION_REJECTED"", ""MENTION_SUGGESTION_ACCEPTED""]",MENTION_SUGGESTION_ACCEPTED,train,llm_synthetic_expanded,0.75
llm_synth_expanded_216,synthetic,23,1,2,"[""PROCESS_START"", ""TOKEN_SELECTED""]",MENTION_SUGGESTION_ACCEPTED,train,llm_synthetic_expanded,0.5
llm_synth_expanded_804,synthetic,15,4,5,"[""PROCESS_START"", ""STEP_MENTION_SUGGESTION"", ""MENTION_SUGGESTION_ACCEPTED"", ""MENTION_SUGGESTION_ACCEPTED"", ""MENTION_SUGGESTION_ACCEPTED""]",MENTION_SUGGESTION_ACCEPTED,train,llm_synthetic_expanded,1.0
llm_synth_expanded_533,synthetic,23,8,9,"[""PROCESS_START"", ""STEP_MENTION_SUGGESTION"", ""STEP_METION"", ""TOKEN_SELECTED"", ""MENTION_CREATED"", ""TOKEN_SELECTED"", ""MENTION_CREATED"", ""TOKEN_SELECTED"", ""MENTION_SUGGESTION_BOUNDS_UPDATED""]",MENTION_SUGGESTION_ACCEPTED,train,llm_synthetic_expanded,0.8888888888888888
llm_synth_expanded_1222,synthetic,24,19,20,"[""PROCESS_START"", ""STEP_MENTION_SUGGESTION"", ""TOKEN_SELECTED"", ""TOKEN_SELECTED"", ""MENTION_CREATED"", ""TOKEN_SELECTED"", ""TOKEN_SELECTED"", ""MENTION_CREATED"", ""TOKEN_SELECTED"", ""TOKEN_SELECTED"", ""TOKEN_SELECTED"", ""TOKEN_DESELECTED"", ""TOKEN_DESELECTED"", ""TOKEN_SELECTED"", ""TOKEN_SELECTED"", ""TOKEN_DESELECTED"", ""TOKEN_DESELECTED"", ""MENTION_CREATED"", ""MENTION_SUGGESTION_ACCEPTED"", ""MENTION_SUGGESTION_ACCEPTED""]",MENTION_SUGGESTION_ACCEPTED,train,llm_synthetic_expanded,1.0
llm_synth_expanded_80,synthetic,31,13,14,"[""PROCESS_START"", ""STEP_MENTION_SUGGESTION"", ""STEP_METION"", ""TOKEN_SELECTED"", ""MENTION_CREATED"", ""TOKEN_SELECTED"", ""MENTION_CREATED"", ""TOKEN_SELECTED"", ""MENTION_CREATED"", ""TOKEN_SELECTED"", ""MENTION_CREATED"", ""TOKEN_SELECTED"", ""MENTION_CREATED"", ""MENTION_SELECTED""]",MENTION_SUGGESTION_ACCEPTED,train,llm_synthetic_expanded,0.9285714285714286
llm_synth_expanded_190,synthetic,32,2,3,"[""PROCESS_START"", ""STEP_MENTION_SUGGESTION"", ""STEP_MENTION_SUGGESTION""]",MENTION_SUGGESTION_ACCEPTED,train,llm_synthetic_expanded,0.6666666666666666
llm_synth_expanded_976,synthetic,23,2,3,"[""PROCESS_START"", ""STEP_MENTION_SUGGESTION"", ""MENTION_SUGGESTION_ACCEPTED""]",MENTION_SUGGESTION_ACCEPTED,train,llm_synthetic_expanded,1.0
llm_synth_expanded_804,synthetic,15,2,3,"[""PROCESS_START"", ""STEP_MENTION_SUGGESTION"", ""MENTION_SUGGESTION_ACCEPTED""]",MENTION_SUGGESTION_ACCEPTED,train,llm_synthetic_expanded,1.0
llm_synth_expanded_821,synthetic,22,2,3,"[""PROCESS_START"", ""STEP_MENTION_SUGGESTION"", ""TOKEN_SELECTED""]",MENTION_SUGGESTION_ACCEPTED,train,llm_synthetic_expanded,1.0
llm_synth_expanded_190,synthetic,32,3,4,"[""PROCESS_START"", ""STEP_MENTION_SUGGESTION"", ""STEP_MENTION_SUGGESTION"", ""MENTION_SUGGESTION_ACCEPTED""]",MENTION_SUGGESTION_ACCEPTED,train,llm_synthetic_expanded,0.75
llm_synth_expanded_685,synthetic,14,2,3,"[""PROCESS_START"", ""STEP_MENTION_SUGGESTION"", ""MENTION_SUGGESTION_REJECTED""]",MENTION_SUGGESTION_ACCEPTED,train,llm_synthetic_expanded,0.6666666666666666
llm_synth_expanded_128,synthetic,13,1,2,"[""PROCESS_START"", ""STEP_MENTION_SUGGESTION""]",MENTION_SUGGESTION_ACCEPTED,train,llm_synthetic_expanded,1.0
llm_synth_expanded_949,synthetic,33,14,15,"[""PROCESS_START"", ""STEP_MENTION_SUGGESTION"", ""STEP_METION"", ""TOKEN_SELECTED"", ""TOKEN_SELECTED"", ""MENTION_CREATED"", ""TOKEN_SELECTED"", ""MENTION_CREATED"", ""TOKEN_SELECTED"", ""TOKEN_SELECTED"", ""MENTION_CREATED"", ""TOKEN_SELECTED"", ""MENTION_CREATED"", ""TOKEN_SELECTED"", ""TOKEN_SELECTED""]",MENTION_SUGGESTION_ACCEPTED,train,llm_synthetic_expanded,1.0
llm_synth_expanded_128,synthetic,13,2,3,"[""PROCESS_START"", ""STEP_MENTION_SUGGESTION"", ""MENTION_SUGGESTION_ACCEPTED""]",MENTION_SUGGESTION_ACCEPTED,train,llm_synthetic_expanded,1.0
llm_synth_expanded_1222,synthetic,24,18,19,"[""PROCESS_START"", ""STEP_MENTION_SUGGESTION"", ""TOKEN_SELECTED"", ""TOKEN_SELECTED"", ""MENTION_CREATED"", ""TOKEN_SELECTED"", ""TOKEN_SELECTED"", ""MENTION_CREATED"", ""TOKEN_SELECTED"", ""TOKEN_SELECTED"", ""TOKEN_SELECTED"", ""TOKEN_DESELECTED"", ""TOKEN_DESELECTED"", ""TOKEN_SELECTED"", ""TOKEN_SELECTED"", ""TOKEN_DESELECTED"", ""TOKEN_DESELECTED"", ""MENTION_CREATED"", ""MENTION_SUGGESTION_ACCEPTED""]",MENTION_SUGGESTION_ACCEPTED,train,llm_synthetic_expanded,1.0
llm_synth_expanded_128,synthetic,13,3,4,"[""PROCESS_START"", ""STEP_MENTION_SUGGESTION"", ""MENTION_SUGGESTION_ACCEPTED"", ""MENTION_SUGGESTION_ACCEPTED""]",MENTION_SUGGESTION_ACCEPTED,train,llm_synthetic_expanded,1.0
llm_synth_expanded_1222,synthetic,24,17,18,"[""PROCESS_START"", ""STEP_MENTION_SUGGESTION"", ""TOKEN_SELECTED"", ""TOKEN_SELECTED"", ""MENTION_CREATED"", ""TOKEN_SELECTED"", ""TOKEN_SELECTED"", ""MENTION_CREATED"", ""TOKEN_SELECTED"", ""TOKEN_SELECTED"", ""TOKEN_SELECTED"", ""TOKEN_DESELECTED"", ""TOKEN_DESELECTED"", ""TOKEN_SELECTED"", ""TOKEN_SELECTED"", ""TOKEN_DESELECTED"", ""TOKEN_DESELECTED"", ""MENTION_CREATED""]",MENTION_SUGGESTION_ACCEPTED,train,llm_synthetic_expanded,1.0
llm_synth_expanded_883,synthetic,22,9,10,"[""PROCESS_START"", ""MENTION_SELECTED"", ""MENTION_TYPE_UPDATED"", ""MENTION_SUGGESTION_ACCEPTED"", ""MENTION_SUGGESTION_REJECTED"", ""TOKEN_SELECTED"", ""TOKEN_SELECTED"", ""MENTION_CREATED"", ""TOKEN_SELECTED"", ""MENTION_CREATED""]",MENTION_SUGGESTION_ACCEPTED,train,llm_synthetic_expanded,0.9
llm_synth_expanded_973,synthetic,20,3,4,"[""PROCESS_START"", ""STEP_MENTION_SUGGESTION"", ""MENTION_SUGGESTION_ACCEPTED"", ""MENTION_SUGGESTION_ACCEPTED""]",MENTION_SUGGESTION_ACCEPTED,train,llm_synthetic_expanded,1.0
llm_synth_expanded_574,synthetic,41,7,8,"[""PROCESS_START"", ""STEP_MENTION_SUGGESTION"", ""STEP_METION"", ""TOKEN_SELECTED"", ""MENTION_CREATED"", ""TOKEN_SELECTED"", ""TOKEN_SELECTED"", ""TOKEN_SELECTED""]",MENTION_SUGGESTION_ACCEPTED,train,llm_synthetic_expanded,1.0
llm_synth_expanded_883,synthetic,22,2,3,"[""PROCESS_START"", ""MENTION_SELECTED"", ""MENTION_TYPE_UPDATED""]",MENTION_SUGGESTION_ACCEPTED,train,llm_synthetic_expanded,0.6666666666666666
llm_synth_expanded_820,synthetic,22,2,3,"[""PROCESS_START"", ""STEP_MENTION_SUGGESTION"", ""MENTION_SUGGESTION_REJECTED""]",MENTION_SUGGESTION_ACCEPTED,train,llm_synthetic_expanded,0.6666666666666666
llm_synth_expanded_973,synthetic,20,1,2,"[""PROCESS_START"", ""STEP_MENTION_SUGGESTION""]",MENTION_SUGGESTION_ACCEPTED,train,llm_synthetic_expanded,1.0
llm_synth_expanded_191,synthetic,32,3,4,"[""PROCESS_START"", ""STEP_MENTION_SUGGESTION"", ""STEP_MENTION_SUGGESTION"", ""STEP_MENTION_SUGGESTION""]",MENTION_SUGGESTION_ACCEPTED,train,llm_synthetic_expanded,0.5
llm_synth_expanded_825,synthetic,22,3,4,"[""PROCESS_START"", ""STEP_MENTION_SUGGESTION"", ""STEP_RELATION_SUGGESTION"", ""MENTION_SUGGESTION_ACCEPTED""]",MENTION_SUGGESTION_ACCEPTED,train,llm_synthetic_expanded,0.5
llm_synth_expanded_191,synthetic,32,4,5,"[""PROCESS_START"", ""STEP_MENTION_SUGGESTION"", ""STEP_MENTION_SUGGESTION"", ""STEP_MENTION_SUGGESTION"", ""MENTION_SUGGESTION_ACCEPTED""]",MENTION_SUGGESTION_ACCEPTED,train,llm_synthetic_expanded,0.6
llm_synth_expanded_804,synthetic,15,1,2,"[""PROCESS_START"", ""STEP_MENTION_SUGGESTION""]",MENTION_SUGGESTION_ACCEPTED,train,llm_synthetic_expanded,1.0
llm_synth_expanded_976,synthetic,23,1,2,"[""PROCESS_START"", ""STEP_MENTION_SUGGESTION""]",MENTION_SUGGESTION_ACCEPTED,train,llm_synthetic_expanded,1.0
llm_synth_expanded_535,synthetic,23,11,12,"[""PROCESS_START"", ""STEP_MENTION_SUGGESTION"", ""STEP_METION"", ""TOKEN_SELECTED"", ""MENTION_CREATED"", ""TOKEN_SELECTED"", ""MENTION_CREATED"", ""TOKEN_SELECTED"", ""MENTION_SUGGESTION_BOUNDS_UPDATED"", ""MENTION_SUGGESTION_REJECTED"", ""MENTION_SUGGESTION_BOUNDS_UPDATED"", ""MENTION_SUGGESTION_BOUNDS_UPDATED""]",MENTION_SUGGESTION_BOUNDS_UPDATED,train,llm_synthetic_expanded,0.8333333333333334
llm_synth_expanded_858,synthetic,29,2,3,"[""PROCESS_START"", ""STEP_MENTION_SUGGESTION"", ""MENTION_SUGGESTION_BOUNDS_UPDATED""]",MENTION_SUGGESTION_BOUNDS_UPDATED,train,llm_synthetic_expanded,1.0
llm_synth_expanded_878,synthetic,16,3,4,"[""PROCESS_START"", ""STEP_RELATION_SUGGESTION"", ""STEP_RELATIONS"", ""MENTION_SELECTED""]",MENTION_SUGGESTION_BOUNDS_UPDATED,train,llm_synthetic_expanded,0.75
llm_synth_expanded_530,synthetic,23,7,8,"[""PROCESS_START"", ""STEP_MENTION_SUGGESTION"", ""STEP_METION"", ""TOKEN_SELECTED"", ""MENTION_CREATED"", ""TOKEN_SELECTED"", ""MENTION_CREATED"", ""TOKEN_SELECTED""]",MENTION_SUGGESTION_BOUNDS_UPDATED,train,llm_synthetic_expanded,0.875
llm_synth_expanded_859,synthetic,30,2,3,"[""PROCESS_START"", ""STEP_MENTION_SUGGESTION"", ""MENTION_SUGGESTION_BOUNDS_UPDATED""]",MENTION_SUGGESTION_BOUNDS_UPDATED,train,llm_synthetic_expanded,1.0
llm_synth_expanded_254,synthetic,23,12,13,"[""PROCESS_START"", ""STEP_MENTION_SUGGESTION"", ""STEP_METION"", ""TOKEN_SELECTED"", ""MENTION_CREATED"", ""TOKEN_SELECTED"", ""TOKEN_SELECTED"", ""MENTION_CREATED"", ""TOKEN_SELECTED"", ""TOKEN_SELECTED"", ""TOKEN_SELECTED"", ""MENTION_CREATED"", ""MENTION_SELECTED""]",MENTION_SUGGESTION_BOUNDS_UPDATED,train,llm_synthetic_expanded,1.0
llm_synth_expanded_533,synthetic,23,9,10,"[""PROCESS_START"", ""STEP_MENTION_SUGGESTION"", ""STEP_METION"", ""TOKEN_SELECTED"", ""MENTION_CREATED"", ""TOKEN_SELECTED"", ""MENTION_CREATED"", ""TOKEN_SELECTED"", ""MENTION_SUGGESTION_BOUNDS_UPDATED"", ""MENTION_SUGGESTION_ACCEPTED""]",MENTION_SUGGESTION_BOUNDS_UPDATED,train,llm_synthetic_expanded,0.9
llm_synth_expanded_881,synthetic,19,3,4,"[""PROCESS_START"", ""STEP_RELATION_SUGGESTION"", ""STEP_RELATIONS"", ""MENTION_SELECTED""]",MENTION_SUGGESTION_BOUNDS_UPDATED,train,llm_synthetic_expanded,0.75
llm_synth_expanded_210,synthetic,41,10,11,"[""PROCESS_START"", ""MENTION_SELECTED"", ""MENTION_SELECTED"", ""RELATION_CREATED"", ""MENTION_SELECTED"", ""MENTION_SELECTED"", ""RELATION_CREATED"", ""MENTION_SELECTED"", ""MENTION_SELECTED"", ""RELATION_CREATED"", ""MENTION_SELECTED""]",MENTION_SUGGESTION_BOUNDS_UPDATED,train,llm_synthetic_expanded,0.9090909090909091
llm_synth_expanded_854,synthetic,25,1,2,"[""PROCESS_START"", ""STEP_MENTION_SUGGESTION""]",MENTION_SUGGESTION_BOUNDS_UPDATED,train,llm_synthetic_expanded,1.0
llm_synth_expanded_530,synthetic,23,8,9,"[""PROCESS_START"", ""STEP_MENTION_SUGGESTION"", ""STEP_METION"", ""TOKEN_SELECTED"", ""MENTION_CREATED"", ""TOKEN_SELECTED"", ""MENTION_CREATED"", ""TOKEN_SELECTED"", ""MENTION_SUGGESTION_BOUNDS_UPDATED""]",MENTION_SUGGESTION_BOUNDS_UPDATED,train,llm_synthetic_expanded,0.8888888888888888
llm_synth_expanded_256,synthetic,23,13,14,"[""PROCESS_START"", ""STEP_MENTION_SUGGESTION"", ""STEP_METION"", ""TOKEN_SELECTED"", ""MENTION_DELETED"", ""TOKEN_SELECTED"", ""TOKEN_SELECTED"", ""MENTION_CREATED"", ""TOKEN_SELECTED"", ""TOKEN_SELECTED"", ""TOKEN_SELECTED"", ""MENTION_CREATED"", ""MENTION_SELECTED"", ""MENTION_SUGGESTION_BOUNDS_UPDATED""]",MENTION_SUGGESTION_BOUNDS_UPDATED,train,llm_synthetic_expanded,0.9285714285714286
llm_synth_expanded_718,synthetic,33,21,22,"[""PROCESS_START"", ""STEP_MENTION_SUGGESTION"", ""STEP_METION"", ""TOKEN_SELECTED"", ""MENTION_CREATED"", ""TOKEN_SELECTED"", ""TOKEN_SELECTED"", ""TOKEN_SELECTED"", ""TOKEN_DESELECTED"", ""TOKEN_DESELECTED"", ""TOKEN_DESELECTED"", ""TOKEN_SELECTED"", ""TOKEN_SELECTED"", ""MENTION_CREATED"", ""TOKEN_SELECTED"", ""TOKEN_SELECTED"", ""TOKEN_DESELECTED"", ""MENTION_CREATED"", ""TOKEN_SELECTED"", ""MENTION_SELECTED"", ""MENTION_SUGGESTION_BOUNDS_UPDATED"", ""MENTION_SUGGESTION_BOUNDS_UPDATED""]",MENTION_SUGGESTION_BOUNDS_UPDATED,train,llm_synthetic_expanded,1.0
llm_synth_expanded_254,synthetic,23,13,14,"[""PROCESS_START"", ""STEP_MENTION_SUGGESTION"", ""STEP_METION"", ""TOKEN_SELECTED"", ""MENTION_CREATED"", ""TOKEN_SELECTED"", ""TOKEN_SELECTED"", ""MENTION_CREATED"", ""TOKEN_SELECTED"", ""TOKEN_SELECTED"", ""TOKEN_SELECTED"", ""MENTION_CREATED"", ""MENTION_SELECTED"", ""MENTION_SUGGESTION_BOUNDS_UPDATED""]",MENTION_SUGGESTION_BOUNDS_UPDATED,train,llm_synthetic_expanded,1.0
llm_synth_expanded_855,synthetic,26,1,2,"[""PROCESS_START"", ""STEP_MENTION_SUGGESTION""]",MENTION_SUGGESTION_BOUNDS_UPDATED,train,llm_synthetic_expanded,1.0
llm_synth_expanded_210,synthetic,41,11,12,"[""PROCESS_START"", ""MENTION_SELECTED"", ""MENTION_SELECTED"", ""RELATION_CREATED"", ""MENTION_SELECTED"", ""MENTION_SELECTED"", ""RELATION_CREATED"", ""MENTION_SELECTED"", ""MENTION_SELECTED"", ""RELATION_CREATED"", ""MENTION_SELECTED"", ""MENTION_SUGGESTION_BOUNDS_UPDATED""]",MENTION_SUGGESTION_BOUNDS_UPDATED,train,llm_synthetic_expanded,0.9166666666666666
llm_synth_expanded_856,synthetic,27,2,3,"[""PROCESS_START"", ""STEP_MENTION_SUGGESTION"", ""MENTION_SUGGESTION_BOUNDS_UPDATED""]",MENTION_SUGGESTION_BOUNDS_UPDATED,train,llm_synthetic_expanded,1.0
llm_synth_expanded_715,synthetic,33,19,20,"[""PROCESS_START"", ""STEP_MENTION_SUGGESTION"", ""STEP_METION"", ""TOKEN_SELECTED"", ""MENTION_CREATED"", ""TOKEN_SELECTED"", ""TOKEN_SELECTED"", ""TOKEN_SELECTED"", ""TOKEN_DESELECTED"", ""TOKEN_DESELECTED"", ""TOKEN_DESELECTED"", ""TOKEN_SELECTED"", ""TOKEN_SELECTED"", ""MENTION_CREATED"", ""TOKEN_SELECTED"", ""TOKEN_SELECTED"", ""TOKEN_DESELECTED"", ""MENTION_CREATED"", ""TOKEN_SELECTED"", ""MENTION_SELECTED""]",MENTION_SUGGESTION_BOUNDS_UPDATED,train,llm_synthetic_expanded,1.0
llm_synth_expanded_875,synthetic,13,3,4,"[""PROCESS_START"", ""STEP_RELATION_SUGGESTION"", ""STEP_RELATIONS"", ""MENTION_SELECTED""]",MENTION_SUGGESTION_BOUNDS_UPDATED,train,llm_synthetic_expanded,0.75
llm_synth_expanded_854,synthetic,25,2,3,"[""PROCESS_START"", ""STEP_MENTION_SUGGESTION"", ""MENTION_SUGGESTION_BOUNDS_UPDATED""]",MENTION_SUGGESTION_BOUNDS_UPDATED,train,llm_synthetic_expanded,1.0
llm_synth_expanded_880,synthetic,18,3,4,"[""PROCESS_START"", ""STEP_RELATION_SUGGESTION"", ""STEP_RELATIONS"", ""MENTION_SELECTED""]",MENTION_SUGGESTION_BOUNDS_UPDATED,train,llm_synthetic_expanded,0.75
llm_synth_expanded_532,synthetic,23,9,10,"[""PROCESS_START"", ""STEP_MENTION_SUGGESTION"", ""STEP_METION"", ""TOKEN_SELECTED"", ""MENTION_CREATED"", ""TOKEN_SELECTED"", ""MENTION_CREATED"", ""TOKEN_SELECTED"", ""MENTION_SUGGESTION_BOUNDS_UPDATED"", ""MENTION_SUGGESTION_REJECTED""]",MENTION_SUGGESTION_BOUNDS_UPDATED,train,llm_synthetic_expanded,0.8
llm_synth_expanded_361,synthetic,22,1,2,"[""PROCESS_START"", ""MENTION_SUGGESTION_BOUNDS_UPDATED""]",MENTION_SUGGESTION_BOUNDS_UPDATED,train,llm_synthetic_expanded,0.5
llm_synth_expanded_532,synthetic,23,10,11,"[""PROCESS_START"", ""STEP_MENTION_SUGGESTION"", ""STEP_METION"", ""TOKEN_SELECTED"", ""MENTION_CREATED"", ""TOKEN_SELECTED"", ""MENTION_CREATED"", ""TOKEN_SELECTED"", ""MENTION_SUGGESTION_BOUNDS_UPDATED"", ""MENTION_SUGGESTION_REJECTED"", ""MENTION_SUGGESTION_BOUNDS_UPDATED""]",MENTION_SUGGESTION_BOUNDS_UPDATED,train,llm_synthetic_expanded,0.8181818181818182
llm_synth_expanded_853,synthetic,24,1,2,"[""PROCESS_START"", ""STEP_MENTION_SUGGESTION""]",MENTION_SUGGESTION_BOUNDS_UPDATED,train,llm_synthetic_expanded,1.0
llm_synth_expanded_856,synthetic,27,1,2,"[""PROCESS_START"", ""STEP_MENTION_SUGGESTION""]",MENTION_SUGGESTION_BOUNDS_UPDATED,train,llm_synthetic_expanded,1.0
llm_synth_expanded_716,synthetic,33,20,21,"[""PROCESS_START"", ""STEP_MENTION_SUGGESTION"", ""STEP_METION"", ""TOKEN_SELECTED"", ""MENTION_CREATED"", ""TOKEN_SELECTED"", ""TOKEN_SELECTED"", ""TOKEN_SELECTED"", ""TOKEN_DESELECTED"", ""TOKEN_DESELECTED"", ""TOKEN_DESELECTED"", ""TOKEN_SELECTED"", ""TOKEN_SELECTED"", ""MENTION_CREATED"", ""TOKEN_SELECTED"", ""TOKEN_SELECTED"", ""TOKEN_DESELECTED"", ""MENTION_CREATED"", ""TOKEN_SELECTED"", ""MENTION_SELECTED"", ""MENTION_SUGGESTION_BOUNDS_UPDATED""]",MENTION_SUGGESTION_BOUNDS_UPDATED,train,llm_synthetic_expanded,1.0
llm_synth_expanded_405,synthetic,43,15,16,"[""MENTION_SELECTED"", ""MENTION_SELECTED"", ""MENTION_SELECTED"", ""RELATION_CREATED"", ""MENTION_SELECTED"", ""MENTION_SELECTED"", ""RELATION_CREATED"", ""MENTION_SELECTED"", ""MENTION_SELECTED"", ""RELATION_CREATED"", ""MENTION_SELECTED"", ""MENTION_SELECTED"", ""RELATION_CREATED"", ""MENTION_SELECTED"", ""MENTION_SELECTED"", ""MENTION_SELECTED""]",MENTION_SUGGESTION_BOUNDS_UPDATED,train,llm_synthetic_expanded,1.0
llm_synth_expanded_80,synthetic,31,15,16,"[""PROCESS_START"", ""STEP_MENTION_SUGGESTION"", ""STEP_METION"", ""TOKEN_SELECTED"", ""MENTION_CREATED"", ""TOKEN_SELECTED"", ""MENTION_CREATED"", ""TOKEN_SELECTED"", ""MENTION_CREATED"", ""TOKEN_SELECTED"", ""MENTION_CREATED"", ""TOKEN_SELECTED"", ""MENTION_CREATED"", ""MENTION_SELECTED"", ""MENTION_SUGGESTION_ACCEPTED"", ""MENTION_SUGGESTION_REJECTED""]",MENTION_SUGGESTION_BOUNDS_UPDATED,train,llm_synthetic_expanded,0.9375
llm_synth_expanded_877,synthetic,15,3,4,"[""PROCESS_START"", ""STEP_RELATION_SUGGESTION"", ""STEP_RELATIONS"", ""MENTION_SELECTED""]",MENTION_SUGGESTION_BOUNDS_UPDATED,train,llm_synthetic_expanded,0.75
llm_synth_expanded_719,synthetic,33,22,23,"[""PROCESS_START"", ""STEP_MENTION_SUGGESTION"", ""STEP_METION"", ""TOKEN_SELECTED"", ""MENTION_CREATED"", ""TOKEN_SELECTED"", ""TOKEN_SELECTED"", ""TOKEN_SELECTED"", ""TOKEN_DESELECTED"", ""TOKEN_DESELECTED"", ""TOKEN_DESELECTED"", ""TOKEN_SELECTED"", ""TOKEN_SELECTED"", ""MENTION_CREATED"", ""TOKEN_SELECTED"", ""TOKEN_SELECTED"", ""TOKEN_DESELECTED"", ""MENTION_CREATED"", ""TOKEN_SELECTED"", ""MENTION_SELECTED"", ""MENTION_SUGGESTION_BOUNDS_UPDATED"", ""MENTION_SUGGESTION_BOUNDS_UPDATED"", ""MENTION_SUGGESTION_BOUNDS_UPDATED""]",MENTION_SUGGESTION_BOUNDS_UPDATED,train,llm_synthetic_expanded,1.0
llm_synth_expanded_853,synthetic,24,2,3,"[""PROCESS_START"", ""STEP_MENTION_SUGGESTION"", ""MENTION_SUGGESTION_BOUNDS_UPDATED""]",MENTION_SUGGESTION_BOUNDS_UPDATED,train,llm_synthetic_expanded,1.0
llm_synth_expanded_857,synthetic,28,2,3,"[""PROCESS_START"", ""STEP_MENTION_SUGGESTION"", ""MENTION_SUGGESTION_BOUNDS_UPDATED""]",MENTION_SUGGESTION_BOUNDS_UPDATED,train,llm_synthetic_expanded,1.0
llm_synth_expanded_852,synthetic,23,2,3,"[""PROCESS_START"", ""STEP_MENTION_SUGGESTION"", ""MENTION_SUGGESTION_BOUNDS_UPDATED""]",MENTION_SUGGESTION_BOUNDS_UPDATED,train,llm_synthetic_expanded,1.0
llm_synth_expanded_876,synthetic,14,3,4,"[""PROCESS_START"", ""STEP_RELATION_SUGGESTION"", ""STEP_RELATIONS"", ""MENTION_SELECTED""]",MENTION_SUGGESTION_BOUNDS_UPDATED,train,llm_synthetic_expanded,0.75
llm_synth_expanded_80,synthetic,31,16,17,"[""PROCESS_START"", ""STEP_MENTION_SUGGESTION"", ""STEP_METION"", ""TOKEN_SELECTED"", ""MENTION_CREATED"", ""TOKEN_SELECTED"", ""MENTION_CREATED"", ""TOKEN_SELECTED"", ""MENTION_CREATED"", ""TOKEN_SELECTED"", ""MENTION_CREATED"", ""TOKEN_SELECTED"", ""MENTION_CREATED"", ""MENTION_SELECTED"", ""MENTION_SUGGESTION_ACCEPTED"", ""MENTION_SUGGESTION_REJECTED"", ""MENTION_SUGGESTION_BOUNDS_UPDATED""]",MENTION_SUGGESTION_BOUNDS_UPDATED,train,llm_synthetic_expanded,0.9411764705882353
llm_synth_expanded_709,synthetic,11,1,2,"[""PROCESS_START"", ""STEP_MENTION_SUGGESTION""]",MENTION_SUGGESTION_BOUNDS_UPDATED,train,llm_synthetic_expanded,1.0
llm_synth_expanded_124,synthetic,41,16,17,"[""PROCESS_START"", ""TOKEN_SELECTED"", ""TOKEN_SELECTED"", ""TOKEN_SELECTED"", ""MENTION_CREATED"", ""TOKEN_SELECTED"", ""MENTION_CREATED"", ""TOKEN_SELECTED"", ""MENTION_CREATED"", ""TOKEN_SELECTED"", ""MENTION_CREATED"", ""TOKEN_SELECTED"", ""MENTION_CREATED"", ""TOKEN_SELECTED"", ""MENTION_CREATED"", ""TOKEN_SELECTED"", ""MENTION_SELECTED""]",MENTION_SUGGESTION_BOUNDS_UPDATED,train,llm_synthetic_expanded,0.9411764705882353
llm_synth_expanded_858,synthetic,29,1,2,"[""PROCESS_START"", ""STEP_MENTION_SUGGESTION""]",MENTION_SUGGESTION_BOUNDS_UPDATED,train,llm_synthetic_expanded,1.0
llm_synth_expanded_855,synthetic,26,2,3,"[""PROCESS_START"", ""STEP_MENTION_SUGGESTION"", ""MENTION_SUGGESTION_BOUNDS_UPDATED""]",MENTION_SUGGESTION_BOUNDS_UPDATED,train,llm_synthetic_expanded,1.0
llm_synth_expanded_709,synthetic,11,3,4,"[""PROCESS_START"", ""STEP_MENTION_SUGGESTION"", ""MENTION_SUGGESTION_BOUNDS_UPDATED"", ""MENTION_SUGGESTION_BOUNDS_UPDATED""]",MENTION_SUGGESTION_BOUNDS_UPDATED,train,llm_synthetic_expanded,1.0
llm_synth_expanded_879,synthetic,17,3,4,"[""PROCESS_START"", ""STEP_RELATION_SUGGESTION"", ""STEP_RELATIONS"", ""MENTION_SELECTED""]",MENTION_SUGGESTION_BOUNDS_UPDATED,train,llm_synthetic_expanded,0.75
llm_synth_expanded_361,synthetic,22,2,3,"[""PROCESS_START"", ""MENTION_SUGGESTION_BOUNDS_UPDATED"", ""MENTION_SUGGESTION_BOUNDS_UPDATED""]",MENTION_SUGGESTION_BOUNDS_UPDATED,train,llm_synthetic_expanded,0.6666666666666666
llm_synth_expanded_709,synthetic,11,2,3,"[""PROCESS_START"", ""STEP_MENTION_SUGGESTION"", ""MENTION_SUGGESTION_BOUNDS_UPDATED""]",MENTION_SUGGESTION_BOUNDS_UPDATED,train,llm_synthetic_expanded,1.0
llm_synth_expanded_533,synthetic,23,10,11,"[""PROCESS_START"", ""STEP_MENTION_SUGGESTION"", ""STEP_METION"", ""TOKEN_SELECTED"", ""MENTION_CREATED"", ""TOKEN_SELECTED"", ""MENTION_CREATED"", ""TOKEN_SELECTED"", ""MENTION_SUGGESTION_BOUNDS_UPDATED"", ""MENTION_SUGGESTION_ACCEPTED"", ""MENTION_SUGGESTION_BOUNDS_UPDATED""]",MENTION_SUGGESTION_BOUNDS_UPDATED,train,llm_synthetic_expanded,0.9090909090909091
llm_synth_expanded_904,synthetic,41,20,21,"[""MENTION_DESELECTED"", ""MENTION_SELECTED"", ""MENTION_SELECTED"", ""RELATION_CREATED"", ""MENTION_SELECTED"", ""MENTION_SELECTED"", ""RELATION_CREATED"", ""MENTION_SELECTED"", ""MENTION_SELECTED"", ""RELATION_CREATED"", ""MENTION_SELECTED"", ""MENTION_SELECTED"", ""RELATION_CREATED"", ""MENTION_SELECTED"", ""MENTION_SELECTED"", ""RELATION_CREATED"", ""MENTION_SELECTED"", ""MENTION_SELECTED"", ""RELATION_CREATED"", ""MENTION_SELECTED"", ""MENTION_SUGGESTION_BOUNDS_UPDATED""]",MENTION_SUGGESTION_BOUNDS_UPDATED,train,llm_synthetic_expanded,1.0
llm_synth_expanded_537,synthetic,23,11,12,"[""PROCESS_START"", ""STEP_MENTION_SUGGESTION"", ""STEP_METION"", ""TOKEN_SELECTED"", ""MENTION_CREATED"", ""TOKEN_SELECTED"", ""MENTION_CREATED"", ""TOKEN_SELECTED"", ""MENTION_SUGGESTION_BOUNDS_UPDATED"", ""MENTION_SUGGESTION_ACCEPTED"", ""MENTION_SUGGESTION_BOUNDS_UPDATED"", ""MENTION_SUGGESTION_BOUNDS_UPDATED""]",MENTION_SUGGESTION_BOUNDS_UPDATED,train,llm_synthetic_expanded,0.9166666666666666
llm_synth_expanded_256,synthetic,23,12,13,"[""PROCESS_START"", ""STEP_MENTION_SUGGESTION"", ""STEP_METION"", ""TOKEN_SELECTED"", ""MENTION_DELETED"", ""TOKEN_SELECTED"", ""TOKEN_SELECTED"", ""MENTION_CREATED"", ""TOKEN_SELECTED"", ""TOKEN_SELECTED"", ""TOKEN_SELECTED"", ""MENTION_CREATED"", ""MENTION_SELECTED""]",MENTION_SUGGESTION_BOUNDS_UPDATED,train,llm_synthetic_expanded,0.9230769230769231
llm_synth_expanded_859,synthetic,30,1,2,"[""PROCESS_START"", ""STEP_MENTION_SUGGESTION""]",MENTION_SUGGESTION_BOUNDS_UPDATED,train,llm_synthetic_expanded,1.0
llm_synth_expanded_531,synthetic,23,9,10,"[""PROCESS_START"", ""STEP_MENTION_SUGGESTION"", ""STEP_METION"", ""TOKEN_SELECTED"", ""MENTION_CREATED"", ""TOKEN_SELECTED"", ""MENTION_CREATED"", ""TOKEN_SELECTED"", ""MENTION_SUGGESTION_BOUNDS_UPDATED"", ""MENTION_SUGGESTION_BOUNDS_UPDATED""]",MENTION_SUGGESTION_BOUNDS_UPDATED,train,llm_synthetic_expanded,0.9
llm_synth_expanded_852,synthetic,23,1,2,"[""PROCESS_START"", ""STEP_MENTION_SUGGESTION""]",MENTION_SUGGESTION_BOUNDS_UPDATED,train,llm_synthetic_expanded,1.0
llm_synth_expanded_903,synthetic,41,20,21,"[""MENTION_SELECTED"", ""MENTION_SELECTED"", ""RELATION_CREATED"", ""MENTION_SELECTED"", ""MENTION_SELECTED"", ""RELATION_CREATED"", ""RELATION_DELETED"", ""MENTION_SELECTED"", ""MENTION_SELECTED"", ""RELATION_CREATED"", ""MENTION_SELECTED"", ""MENTION_SELECTED"", ""RELATION_CREATED"", ""MENTION_SELECTED"", ""MENTION_SELECTED"", ""RELATION_CREATED"", ""MENTION_SELECTED"", ""MENTION_SELECTED"", ""RELATION_CREATED"", ""MENTION_SELECTED"", ""MENTION_SUGGESTION_BOUNDS_UPDATED""]",MENTION_SUGGESTION_BOUNDS_UPDATED,train,llm_synthetic_expanded,1.0
llm_synth_expanded_857,synthetic,28,1,2,"[""PROCESS_START"", ""STEP_MENTION_SUGGESTION""]",MENTION_SUGGESTION_BOUNDS_UPDATED,train,llm_synthetic_expanded,1.0
llm_synth_expanded_310,synthetic,23,17,18,"[""PROCESS_START"", ""STEP_RELATIONS"", ""STEP_RELATION_SUGGESTION"", ""STEP_METION"", ""TOKEN_SELECTED"", ""TOKEN_SELECTED"", ""MENTION_CREATED"", ""TOKEN_SELECTED"", ""TOKEN_SELECTED"", ""MENTION_CREATED"", ""TOKEN_SELECTED"", ""TOKEN_SELECTED"", ""MENTION_CREATED"", ""TOKEN_SELECTED"", ""TOKEN_SELECTED"", ""MENTION_CREATED"", ""TOKEN_SELECTED"", ""TOKEN_SELECTED""]",MENTION_SUGGESTION_REJECTED,train,llm_synthetic_expanded,0.7777777777777778
llm_synth_expanded_820,synthetic,22,1,2,"[""PROCESS_START"", ""STEP_MENTION_SUGGESTION""]",MENTION_SUGGESTION_REJECTED,train,llm_synthetic_expanded,0.5
llm_synth_expanded_80,synthetic,31,14,15,"[""PROCESS_START"", ""STEP_MENTION_SUGGESTION"", ""STEP_METION"", ""TOKEN_SELECTED"", ""MENTION_CREATED"", ""TOKEN_SELECTED"", ""MENTION_CREATED"", ""TOKEN_SELECTED"", ""MENTION_CREATED"", ""TOKEN_SELECTED"", ""MENTION_CREATED"", ""TOKEN_SELECTED"", ""MENTION_CREATED"", ""MENTION_SELECTED"", ""MENTION_SUGGESTION_ACCEPTED""]",MENTION_SUGGESTION_REJECTED,train,llm_synthetic_expanded,0.9333333333333333
llm_synth_expanded_885,synthetic,23,9,10,"[""PROCESS_START"", ""STEP_RELATIONS"", ""STEP_MENTION_SUGGESTION"", ""STEP_METION"", ""TOKEN_SELECTED"", ""MENTION_CREATED"", ""TOKEN_SELECTED"", ""MENTION_CREATED"", ""TOKEN_SELECTED"", ""TOKEN_SELECTED""]",MENTION_SUGGESTION_REJECTED,train,llm_synthetic_expanded,0.7
llm_synth_expanded_532,synthetic,23,8,9,"[""PROCESS_START"", ""STEP_MENTION_SUGGESTION"", ""STEP_METION"", ""TOKEN_SELECTED"", ""MENTION_CREATED"", ""TOKEN_SELECTED"", ""MENTION_CREATED"", ""TOKEN_SELECTED"", ""MENTION_SUGGESTION_BOUNDS_UPDATED""]",MENTION_SUGGESTION_REJECTED,train,llm_synthetic_expanded,0.7777777777777778
llm_synth_expanded_199,synthetic,23,15,16,"[""PROCESS_START"", ""STEP_MENTION_SUGGESTION"", ""STEP_METION"", ""TOKEN_SELECTED"", ""TOKEN_SELECTED"", ""MENTION_CREATED"", ""TOKEN_SELECTED"", ""TOKEN_SELECTED"", ""MENTION_CREATED"", ""TOKEN_SELECTED"", ""TOKEN_SELECTED"", ""MENTION_CREATED"", ""TOKEN_SELECTED"", ""TOKEN_SELECTED"", ""MENTION_CREATED"", ""TOKEN_SELECTED""]",MENTION_TYPE_UPDATED,train,llm_synthetic_expanded,0.9375
llm_synth_expanded_658,synthetic,23,14,15,"[""PROCESS_START"", ""MENTION_DELETED"", ""TOKEN_SELECTED"", ""TOKEN_SELECTED"", ""TOKEN_SELECTED"", ""TOKEN_DESELECTED"", ""TOKEN_DESELECTED"", ""TOKEN_DESELECTED"", ""TOKEN_SELECTED"", ""MENTION_CREATED"", ""STEP_ENTITIES"", ""MENTION_SELECTED"", ""MENTION_SELECTED"", ""ENTITY_GROUPED"", ""MENTION_SELECTED""]",MENTION_TYPE_UPDATED,train,llm_synthetic_expanded,0.9333333333333333
llm_synth_expanded_883,synthetic,22,1,2,"[""PROCESS_START"", ""MENTION_SELECTED""]",MENTION_TYPE_UPDATED,train,llm_synthetic_expanded,0.5
llm_synth_expanded_659,synthetic,23,15,16,"[""PROCESS_START"", ""STEP_RELATION_SUGGESTION"", ""STEP_RELATIONS"", ""MENTION_SELECTED"", ""MENTION_SELECTED"", ""RELATION_CREATED"", ""MENTION_SELECTED"", ""MENTION_SELECTED"", ""RELATION_CREATED"", ""MENTION_SELECTED"", ""MENTION_SELECTED"", ""RELATION_CREATED"", ""MENTION_SELECTED"", ""MENTION_SELECTED"", ""RELATION_CREATED"", ""MENTION_SELECTED""]",MENTION_TYPE_UPDATED,train,llm_synthetic_expanded,0.9375
llm_synth_expanded_840,synthetic,23,15,16,"[""TOKEN_SELECTED"", ""MENTION_CREATED"", ""TOKEN_SELECTED"", ""MENTION_CREATED"", ""TOKEN_SELECTED"", ""TOKEN_SELECTED"", ""TOKEN_DESELECTED"", ""TOKEN_DESELECTED"", ""TOKEN_SELECTED"", ""MENTION_CREATED"", ""TOKEN_SELECTED"", ""MENTION_CREATED"", ""TOKEN_SELECTED"", ""TOKEN_SELECTED"", ""MENTION_CREATED"", ""MENTION_SELECTED""]",MENTION_TYPE_UPDATED,train,llm_synthetic_expanded,1.0
llm_synth_expanded_760,synthetic,23,4,5,"[""PROCESS_START"", ""STEP_RELATIONS"", ""STEP_RELATION_SUGGESTION"", ""STEP_METION"", ""MENTION_SELECTED""]",MENTION_TYPE_UPDATED,train,llm_synthetic_expanded,0.4
llm_synth_expanded_1096,synthetic,23,1,2,"[""PROCESS_START"", ""MENTION_SELECTED""]",MENTION_TYPE_UPDATED,train,llm_synthetic_expanded,0.5
llm_synth_expanded_335,synthetic,11,19,20,"[""MENTION_SELECTED"", ""MENTION_DESELECTED"", ""MENTION_SELECTED"", ""MENTION_SELECTED"", ""RELATION_CREATED"", ""MENTION_SELECTED"", ""MENTION_SELECTED"", ""RELATION_CREATED"", ""MENTION_SELECTED"", ""MENTION_SELECTED"", ""RELATION_CREATED"", ""MENTION_SELECTED"", ""MENTION_SELECTED"", ""RELATION_CREATED"", ""MENTION_SELECTED"", ""MENTION_SELECTED"", ""RELATION_CREATED"", ""MENTION_SELECTED"", ""MENTION_SELECTED"", ""RELATION_CREATED""]",PROCESS_END,train,llm_synthetic_expanded,1.0
llm_synth_expanded_334,synthetic,11,20,21,"[""RELATION_CREATED"", ""MENTION_SELECTED"", ""MENTION_DESELECTED"", ""MENTION_SELECTED"", ""MENTION_SELECTED"", ""RELATION_CREATED"", ""MENTION_SELECTED"", ""MENTION_SELECTED"", ""RELATION_CREATED"", ""MENTION_SELECTED"", ""MENTION_SELECTED"", ""RELATION_CREATED"", ""MENTION_SELECTED"", ""MENTION_SELECTED"", ""RELATION_CREATED"", ""MENTION_SELECTED"", ""MENTION_SELECTED"", ""RELATION_CREATED"", ""MENTION_SELECTED"", ""MENTION_SELECTED"", ""RELATION_CREATED""]",PROCESS_END,train,llm_synthetic_expanded,1.0
llm_synth_expanded_205,synthetic,41,10,11,"[""PROCESS_START"", ""MENTION_SELECTED"", ""MENTION_SELECTED"", ""RELATION_CREATED"", ""MENTION_SELECTED"", ""MENTION_DESELECTED"", ""MENTION_SELECTED"", ""MENTION_SELECTED"", ""RELATION_CREATED"", ""MENTION_SELECTED"", ""MENTION_SELECTED""]",RELATION_CREATED,train,llm_synthetic_expanded,0.9090909090909091
llm_synth_expanded_884,synthetic,22,7,8,"[""PROCESS_START"", ""MENTION_SELECTED"", ""RELATION_CREATED"", ""MENTION_SELECTED"", ""MENTION_SELECTED"", ""RELATION_CREATED"", ""MENTION_SELECTED"", ""MENTION_SELECTED""]",RELATION_CREATED,train,llm_synthetic_expanded,0.875
llm_synth_expanded_875,synthetic,13,18,19,"[""PROCESS_START"", ""STEP_RELATION_SUGGESTION"", ""STEP_RELATIONS"", ""MENTION_SELECTED"", ""MENTION_SUGGESTION_BOUNDS_UPDATED"", ""MENTION_SELECTED"", ""MENTION_SELECTED"", ""RELATION_CREATED"", ""MENTION_SELECTED"", ""MENTION_SELECTED"", ""RELATION_CREATED"", ""MENTION_SELECTED"", ""MENTION_SELECTED"", ""RELATION_CREATED"", ""MENTION_SELECTED"", ""MENTION_SELECTED"", ""RELATION_CREATED"", ""MENTION_SELECTED"", ""MENTION_SELECTED""]",RELATION_CREATED,train,llm_synthetic_expanded,0.9473684210526315
llm_synth_expanded_513,synthetic,11,6,7,"[""STEP_RELATION_SUGGESTION"", ""STEP_RELATIONS"", ""MENTION_SELECTED"", ""MENTION_SELECTED"", ""RELATION_CREATED"", ""MENTION_SELECTED"", ""MENTION_SELECTED""]",RELATION_CREATED,train,llm_synthetic_expanded,1.0
llm_synth_expanded_334,synthetic,11,16,17,"[""RELATION_CREATED"", ""MENTION_SELECTED"", ""MENTION_DESELECTED"", ""MENTION_SELECTED"", ""MENTION_SELECTED"", ""RELATION_CREATED"", ""MENTION_SELECTED"", ""MENTION_SELECTED"", ""RELATION_CREATED"", ""MENTION_SELECTED"", ""MENTION_SELECTED"", ""RELATION_CREATED"", ""MENTION_SELECTED"", ""MENTION_SELECTED"", ""RELATION_CREATED"", ""MENTION_SELECTED"", ""MENTION_SELECTED""]",RELATION_CREATED,train,llm_synthetic_expanded,1.0
llm_synth_expanded_1201,synthetic,41,17,18,"[""PROCESS_START"", ""RELATION_CREATED"", ""MENTION_SELECTED"", ""MENTION_SELECTED"", ""RELATION_CREATED"", ""MENTION_SELECTED"", ""MENTION_SELECTED"", ""RELATION_CREATED"", ""MENTION_SELECTED"", ""MENTION_SELECTED"", ""RELATION_CREATED"", ""MENTION_SELECTED"", ""MENTION_SELECTED"", ""MENTION_DESELECTED"", ""MENTION_SELECTED"", ""RELATION_CREATED"", ""MENTION_SELECTED"", ""MENTION_SELECTED""]",RELATION_CREATED,train,llm_synthetic_expanded,0.9444444444444444
llm_synth_expanded_210,synthetic,41,8,9,"[""PROCESS_START"", ""MENTION_SELECTED"", ""MENTION_SELECTED"", ""RELATION_CREATED"", ""MENTION_SELECTED"", ""MENTION_SELECTED"", ""RELATION_CREATED"", ""MENTION_SELECTED"", ""MENTION_SELECTED""]",RELATION_CREATED,train,llm_synthetic_expanded,0.8888888888888888
llm_synth_expanded_904,synthetic,41,11,12,"[""MENTION_DESELECTED"", ""MENTION_SELECTED"", ""MENTION_SELECTED"", ""RELATION_CREATED"", ""MENTION_SELECTED"", ""MENTION_SELECTED"", ""RELATION_CREATED"", ""MENTION_SELECTED"", ""MENTION_SELECTED"", ""RELATION_CREATED"", ""MENTION_SELECTED"", ""MENTION_SELECTED""]",RELATION_CREATED,train,llm_synthetic_expanded,1.0
llm_synth_expanded_122,synthetic,41,1,2,"[""PROCESS_START"", ""MENTION_SELECTED""]",RELATION_CREATED,train,llm_synthetic_expanded,0.5
llm_synth_expanded_704,synthetic,41,6,7,"[""MENTION_SELECTED"", ""MENTION_SELECTED"", ""ENTITY_GROUPED"", ""STEP_RELATION_SUGGESTION"", ""STEP_RELATIONS"", ""MENTION_SELECTED"", ""MENTION_SELECTED""]",RELATION_CREATED,train,llm_synthetic_expanded,1.0
llm_synth_expanded_875,synthetic,13,9,10,"[""PROCESS_START"", ""STEP_RELATION_SUGGESTION"", ""STEP_RELATIONS"", ""MENTION_SELECTED"", ""MENTION_SUGGESTION_BOUNDS_UPDATED"", ""MENTION_SELECTED"", ""MENTION_SELECTED"", ""RELATION_CREATED"", ""MENTION_SELECTED"", ""MENTION_SELECTED""]",RELATION_CREATED,train,llm_synthetic_expanded,0.9
llm_synth_expanded_1182,synthetic,31,11,12,"[""PROCESS_START"", ""MENTION_SELECTED"", ""MENTION_SELECTED"", ""RELATION_CREATED"", ""MENTION_SELECTED"", ""MENTION_SELECTED"", ""RELATION_CREATED"", ""MENTION_SELECTED"", ""MENTION_SELECTED"", ""RELATION_CREATED"", ""MENTION_SELECTED"", ""MENTION_SELECTED""]",RELATION_CREATED,train,llm_synthetic_expanded,0.9166666666666666
llm_synth_expanded_879,synthetic,17,6,7,"[""PROCESS_START"", ""STEP_RELATION_SUGGESTION"", ""STEP_RELATIONS"", ""MENTION_SELECTED"", ""MENTION_SUGGESTION_BOUNDS_UPDATED"", ""MENTION_SELECTED"", ""MENTION_SELECTED""]",RELATION_CREATED,train,llm_synthetic_expanded,0.8571428571428571
llm_synth_expanded_514,synthetic,11,9,10,"[""MENTION_SELECTED"", ""MENTION_SELECTED"", ""RELATION_CREATED"", ""MENTION_SELECTED"", ""MENTION_SELECTED"", ""RELATION_CREATED"", ""MENTION_SELECTED"", ""MENTION_DESELECTED"", ""MENTION_SELECTED"", ""MENTION_SELECTED""]",RELATION_CREATED,train,llm_synthetic_expanded,1.0
llm_synth_expanded_123,synthetic,41,10,11,"[""PROCESS_START"", ""MENTION_SELECTED"", ""RELATION_CREATED"", ""MENTION_SELECTED"", ""MENTION_SELECTED"", ""RELATION_CREATED"", ""MENTION_SELECTED"", ""MENTION_SELECTED"", ""RELATION_CREATED"", ""MENTION_SELECTED"", ""MENTION_SELECTED""]",RELATION_CREATED,train,llm_synthetic_expanded,0.9090909090909091
llm_synth_expanded_1013,synthetic,13,19,20,"[""MENTION_SELECTED"", ""MENTION_SELECTED"", ""MENTION_DESELECTED"", ""MENTION_SELECTED"", ""MENTION_SELECTED"", ""ENTITY_GROUPED"", ""MENTION_DESELECTED"", ""MENTION_DESELECTED"", ""MENTION_DESELECTED"", ""ENTITY_GROUPED"", ""MENTION_DESELECTED"", ""MENTION_DESELECTED"", ""STEP_RELATION_SUGGESTION"", ""STEP_RELATIONS"", ""MENTION_SELECTED"", ""MENTION_SELECTED"", ""RELATION_CREATED"", ""MENTION_SELECTED"", ""MENTION_SELECTED"", ""UNDO_ACTION""]",RELATION_CREATED,train,llm_synthetic_expanded,0.9
llm_synth_expanded_881,synthetic,19,9,10,"[""PROCESS_START"", ""STEP_RELATION_SUGGESTION"", ""STEP_RELATIONS"", ""MENTION_SELECTED"", ""MENTION_SUGGESTION_BOUNDS_UPDATED"", ""MENTION_SELECTED"", ""MENTION_SELECTED"", ""RELATION_CREATED"", ""MENTION_SELECTED"", ""MENTION_SELECTED""]",RELATION_CREATED,train,llm_synthetic_expanded,0.9
llm_synth_expanded_123,synthetic,41,19,20,"[""PROCESS_START"", ""MENTION_SELECTED"", ""RELATION_CREATED"", ""MENTION_SELECTED"", ""MENTION_SELECTED"", ""RELATION_CREATED"", ""MENTION_SELECTED"", ""MENTION_SELECTED"", ""RELATION_CREATED"", ""MENTION_SELECTED"", ""MENTION_SELECTED"", ""RELATION_CREATED"", ""MENTION_SELECTED"", ""MENTION_SELECTED"", ""RELATION_CREATED"", ""MENTION_SELECTED"", ""MENTION_SELECTED"", ""RELATION_CREATED"", ""MENTION_SELECTED"", ""MENTION_SELECTED""]",RELATION_CREATED,train,llm_synthetic_expanded,0.95
llm_synth_expanded_1237,synthetic,43,2,3,"[""PROCESS_START"", ""MENTION_SELECTED"", ""MENTION_SELECTED""]",RELATION_CREATED,train,llm_synthetic_expanded,0.6666666666666666
llm_synth_expanded_654,synthetic,23,5,6,"[""PROCESS_START"", ""ENTITY_GROUPED"", ""STEP_RELATION_SUGGESTION"", ""STEP_RELATIONS"", ""MENTION_SELECTED"", ""MENTION_SELECTED""]",RELATION_CREATED,train,llm_synthetic_expanded,0.8333333333333334
llm_synth_expanded_513,synthetic,11,18,19,"[""STEP_RELATION_SUGGESTION"", ""STEP_RELATIONS"", ""MENTION_SELECTED"", ""MENTION_SELECTED"", ""RELATION_CREATED"", ""MENTION_SELECTED"", ""MENTION_SELECTED"", ""RELATION_CREATED"", ""MENTION_SELECTED"", ""MENTION_SELECTED"", ""RELATION_CREATED"", ""MENTION_SELECTED"", ""MENTION_SELECTED"", ""RELATION_CREATED"", ""MENTION_SELECTED"", ""MENTION_SELECTED"", ""RELATION_CREATED"", ""MENTION_SELECTED"", ""MENTION_SELECTED""]",RELATION_CREATED,train,llm_synthetic_expanded,1.0
llm_synth_expanded_327,synthetic,24,14,15,"[""RELATION_CREATED"", ""MENTION_SELECTED"", ""MENTION_SELECTED"", ""RELATION_CREATED"", ""MENTION_SELECTED"", ""MENTION_SELECTED"", ""RELATION_CREATED"", ""MENTION_SELECTED"", ""MENTION_SELECTED"", ""RELATION_CREATED"", ""MENTION_SELECTED"", ""MENTION_SELECTED"", ""RELATION_CREATED"", ""MENTION_SELECTED"", ""MENTION_SELECTED""]",RELATION_CREATED,train,llm_synthetic_expanded,1.0
llm_synth_expanded_877,synthetic,15,12,13,"[""PROCESS_START"", ""STEP_RELATION_SUGGESTION"", ""STEP_RELATIONS"", ""MENTION_SELECTED"", ""MENTION_SUGGESTION_BOUNDS_UPDATED"", ""MENTION_SELECTED"", ""MENTION_SELECTED"", ""RELATION_CREATED"", ""MENTION_SELECTED"", ""MENTION_SELECTED"", ""RELATION_CREATED"", ""MENTION_SELECTED"", ""MENTION_SELECTED""]",RELATION_CREATED,train,llm_synthetic_expanded,0.9230769230769231
llm_synth_expanded_1182,synthetic,31,17,18,"[""PROCESS_START"", ""MENTION_SELECTED"", ""MENTION_SELECTED"", ""RELATION_CREATED"", ""MENTION_SELECTED"", ""MENTION_SELECTED"", ""RELATION_CREATED"", ""MENTION_SELECTED"", ""MENTION_SELECTED"", ""RELATION_CREATED"", ""MENTION_SELECTED"", ""MENTION_SELECTED"", ""RELATION_CREATED"", ""MENTION_SELECTED"", ""MENTION_SELECTED"", ""RELATION_CREATED"", ""MENTION_SELECTED"", ""MENTION_SELECTED""]",RELATION_CREATED,train,llm_synthetic_expanded,0.9444444444444444
llm_synth_expanded_877,synthetic,15,18,19,"[""PROCESS_START"", ""STEP_RELATION_SUGGESTION"", ""STEP_RELATIONS"", ""MENTION_SELECTED"", ""MENTION_SUGGESTION_BOUNDS_UPDATED"", ""MENTION_SELECTED"", ""MENTION_SELECTED"", ""RELATION_CREATED"", ""MENTION_SELECTED"", ""MENTION_SELECTED"", ""RELATION_CREATED"", ""MENTION_SELECTED"", ""MENTION_SELECTED"", ""RELATION_CREATED"", ""MENTION_SELECTED"", ""MENTION_SELECTED"", ""RELATION_CREATED"", ""MENTION_SELECTED"", ""MENTION_SELECTED""]",RELATION_CREATED,train,llm_synthetic_expanded,0.9473684210526315
llm_synth_expanded_876,synthetic,14,12,13,"[""PROCESS_START"", ""STEP_RELATION_SUGGESTION"", ""STEP_RELATIONS"", ""MENTION_SELECTED"", ""MENTION_SUGGESTION_BOUNDS_UPDATED"", ""MENTION_SELECTED"", ""MENTION_SELECTED"", ""RELATION_CREATED"", ""MENTION_SELECTED"", ""MENTION_SELECTED"", ""RELATION_CREATED"", ""MENTION_SELECTED"", ""MENTION_SELECTED""]",RELATION_CREATED,train,llm_synthetic_expanded,0.9230769230769231
llm_synth_expanded_126,synthetic,41,20,21,"[""PROCESS_START"", ""TOKEN_SELECTED"", ""MENTION_SELECTED"", ""RELATION_CREATED"", ""MENTION_SELECTED"", ""MENTION_SELECTED"", ""RELATION_CREATED"", ""MENTION_SELECTED"", ""MENTION_SELECTED"", ""RELATION_CREATED"", ""MENTION_SELECTED"", ""MENTION_SELECTED"", ""RELATION_CREATED"", ""MENTION_SELECTED"", ""MENTION_SELECTED"", ""RELATION_CREATED"", ""MENTION_SELECTED"", ""MENTION_SELECTED"", ""RELATION_CREATED"", ""MENTION_SELECTED"", ""MENTION_SELECTED""]",RELATION_CREATED,train,llm_synthetic_expanded,0.9523809523809523
llm_synth_expanded_705,synthetic,41,9,10,"[""MENTION_SELECTED"", ""MENTION_SELECTED"", ""ENTITY_GROUPED"", ""STEP_RELATION_SUGGESTION"", ""STEP_RELATIONS"", ""MENTION_SELECTED"", ""MENTION_SELECTED"", ""RELATION_CREATED"", ""MENTION_SELECTED"", ""MENTION_SELECTED""]",RELATION_CREATED,train,llm_synthetic_expanded,1.0
llm_synth_expanded_123,synthetic,41,13,14,"[""PROCESS_START"", ""MENTION_SELECTED"", ""RELATION_CREATED"", ""MENTION_SELECTED"", ""MENTION_SELECTED"", ""RELATION_CREATED"", ""MENTION_SELECTED"", ""MENTION_SELECTED"", ""RELATION_CREATED"", ""MENTION_SELECTED"", ""MENTION_SELECTED"", ""RELATION_CREATED"", ""MENTION_SELECTED"", ""MENTION_SELECTED""]",RELATION_CREATED,train,llm_synthetic_expanded,0.9285714285714286
llm_synth_expanded_903,synthetic,41,11,12,"[""MENTION_SELECTED"", ""MENTION_SELECTED"", ""RELATION_CREATED"", ""MENTION_SELECTED"", ""MENTION_SELECTED"", ""RELATION_CREATED"", ""RELATION_DELETED"", ""MENTION_SELECTED"", ""MENTION_SELECTED"", ""RELATION_CREATED"", ""MENTION_SELECTED"", ""MENTION_SELECTED""]",RELATION_CREATED,train,llm_synthetic_expanded,1.0
llm_synth_expanded_874,synthetic,11,16,17,"[""PROCESS_START"", ""STEP_RELATION_SUGGESTION"", ""STEP_RELATIONS"", ""MENTION_SELECTED"", ""MENTION_SELECTED"", ""RELATION_CREATED"", ""MENTION_SELECTED"", ""MENTION_SELECTED"", ""RELATION_CREATED"", ""MENTION_SELECTED"", ""MENTION_SELECTED"", ""RELATION_CREATED"", ""MENTION_SELECTED"", ""MENTION_SELECTED"", ""RELATION_CREATED"", ""MENTION_SELECTED"", ""MENTION_SELECTED""]",RELATION_CREATED,train,llm_synthetic_expanded,0.9411764705882353
llm_synth_expanded_841,synthetic,23,15,16,"[""MENTION_SELECTED"", ""MENTION_DESELECTED"", ""MENTION_SELECTED"", ""MENTION_SELECTED"", ""RELATION_CREATED"", ""MENTION_SELECTED"", ""MENTION_SELECTED"", ""RELATION_CREATED"", ""MENTION_SELECTED"", ""MENTION_SELECTED"", ""RELATION_CREATED"", ""MENTION_SELECTED"", ""MENTION_SELECTED"", ""RELATION_CREATED"", ""MENTION_SELECTED"", ""MENTION_SELECTED""]",RELATION_CREATED,train,llm_synthetic_expanded,1.0
llm_synth_expanded_721,synthetic,11,3,4,"[""PROCESS_START"", ""MENTION_SELECTED"", ""MENTION_SELECTED"", ""MENTION_SELECTED""]",RELATION_CREATED,train,llm_synthetic_expanded,0.75
llm_synth_expanded_352,synthetic,34,5,6,"[""STEP_ENTITIES"", ""STEP_RELATION_SUGGESTION"", ""RELATION_SUGGESTION_ACCEPTED"", ""STEP_RELATIONS"", ""MENTION_SELECTED"", ""MENTION_SELECTED""]",RELATION_CREATED,train,llm_synthetic_expanded,1.0
llm_synth_expanded_405,synthetic,43,20,21,"[""MENTION_SELECTED"", ""MENTION_SELECTED"", ""MENTION_SELECTED"", ""RELATION_CREATED"", ""MENTION_SELECTED"", ""MENTION_SELECTED"", ""RELATION_CREATED"", ""MENTION_SELECTED"", ""MENTION_SELECTED"", ""RELATION_CREATED"", ""MENTION_SELECTED"", ""MENTION_SELECTED"", ""RELATION_CREATED"", ""MENTION_SELECTED"", ""MENTION_SELECTED"", ""MENTION_SELECTED"", ""MENTION_SUGGESTION_BOUNDS_UPDATED"", ""TOKEN_SELECTED"", ""MENTION_CREATED"", ""MENTION_SELECTED"", ""MENTION_SELECTED""]",RELATION_CREATED,train,llm_synthetic_expanded,1.0
llm_synth_expanded_877,synthetic,15,9,10,"[""PROCESS_START"", ""STEP_RELATION_SUGGESTION"", ""STEP_RELATIONS"", ""MENTION_SELECTED"", ""MENTION_SUGGESTION_BOUNDS_UPDATED"", ""MENTION_SELECTED"", ""MENTION_SELECTED"", ""RELATION_CREATED"", ""MENTION_SELECTED"", ""MENTION_SELECTED""]",RELATION_CREATED,train,llm_synthetic_expanded,0.9
llm_synth_expanded_904,synthetic,41,5,6,"[""MENTION_DESELECTED"", ""MENTION_SELECTED"", ""MENTION_SELECTED"", ""RELATION_CREATED"", ""MENTION_SELECTED"", ""MENTION_SELECTED""]",RELATION_CREATED,train,llm_synthetic_expanded,1.0
llm_synth_expanded_701,synthetic,41,5,6,"[""RELATION_CREATED"", ""MENTION_SELECTED"", ""MENTION_SELECTED"", ""RELATION_CREATED"", ""MENTION_SELECTED"", ""MENTION_SELECTED""]",RELATION_CREATED,train,llm_synthetic_expanded,1.0
llm_synth_expanded_996,synthetic,11,12,13,"[""MENTION_SELECTED"", ""ENTITY_REMOVED"", ""MENTION_SELECTED"", ""MENTION_SELECTED"", ""RELATION_CREATED"", ""MENTION_SELECTED"", ""MENTION_SELECTED"", ""RELATION_CREATED"", ""MENTION_SELECTED"", ""MENTION_SELECTED"", ""RELATION_CREATED"", ""MENTION_SELECTED"", ""MENTION_SELECTED""]",RELATION_CREATED,train,llm_synthetic_expanded,0.9230769230769231
llm_synth_expanded_659,synthetic,23,10,11,"[""PROCESS_START"", ""STEP_RELATION_SUGGESTION"", ""STEP_RELATIONS"", ""MENTION_SELECTED"", ""MENTION_SELECTED"", ""RELATION_CREATED"", ""MENTION_SELECTED"", ""MENTION_SELECTED"", ""RELATION_CREATED"", ""MENTION_SELECTED"", ""MENTION_SELECTED""]",RELATION_CREATED,train,llm_synthetic_expanded,0.9090909090909091
llm_synth_expanded_838,synthetic,23,6,7,"[""STEP_RELATIONS"", ""MENTION_SELECTED"", ""MENTION_SELECTED"", ""RELATION_CREATED"", ""RELATION_DELETED"", ""MENTION_SELECTED"", ""MENTION_SELECTED""]",RELATION_CREATED,train,llm_synthetic_expanded,1.0
llm_synth_expanded_880,synthetic,18,12,13,"[""PROCESS_START"", ""STEP_RELATION_SUGGESTION"", ""STEP_RELATIONS"", ""MENTION_SELECTED"", ""MENTION_SUGGESTION_BOUNDS_UPDATED"", ""MENTION_SELECTED"", ""MENTION_SELECTED"", ""RELATION_CREATED"", ""MENTION_SELECTED"", ""MENTION_SELECTED"", ""RELATION_CREATED"", ""MENTION_SELECTED"", ""MENTION_SELECTED""]",RELATION_CREATED,train,llm_synthetic_expanded,0.9230769230769231
llm_synth_expanded_1011,synthetic,13,13,14,"[""MENTION_DESELECTED"", ""MENTION_SELECTED"", ""MENTION_SELECTED"", ""MENTION_DESELECTED"", ""ENTITY_GROUPED"", ""MENTION_DESELECTED"", ""MENTION_DESELECTED"", ""STEP_RELATION_SUGGESTION"", ""STEP_RELATIONS"", ""MENTION_SELECTED"", ""MENTION_SELECTED"", ""RELATION_CREATED"", ""MENTION_SELECTED"", ""MENTION_SELECTED""]",RELATION_CREATED,train,llm_synthetic_expanded,1.0
llm_synth_expanded_843,synthetic,23,16,17,"[""PROCESS_START"", ""STEP_RELATION_SUGGESTION"", ""STEP_RELATIONS"", ""MENTION_SELECTED"", ""MENTION_SELECTED"", ""RELATION_CREATED"", ""MENTION_SELECTED"", ""MENTION_SELECTED"", ""RELATION_CREATED"", ""MENTION_SELECTED"", ""MENTION_SELECTED"", ""RELATION_CREATED"", ""MENTION_SELECTED"", ""MENTION_SELECTED"", ""RELATION_CREATED"", ""MENTION_SELECTED"", ""MENTION_SELECTED""]",RELATION_CREATED,train,llm_synthetic_expanded,0.9411764705882353
llm_synth_expanded_720,synthetic,41,11,12,"[""PROCESS_START"", ""MENTION_SELECTED"", ""MENTION_SELECTED"", ""ENTITY_GROUPED"", ""MENTION_SELECTED"", ""MENTION_SELECTED"", ""MENTION_SUGGESTION_ACCEPTED"", ""MENTION_SELECTED"", ""MENTION_SELECTED"", ""RELATION_CREATED"", ""MENTION_SELECTED"", ""MENTION_SELECTED""]",RELATION_CREATED,train,llm_synthetic_expanded,0.8333333333333334
llm_synth_expanded_405,synthetic,43,2,3,"[""MENTION_SELECTED"", ""MENTION_SELECTED"", ""MENTION_SELECTED""]",RELATION_CREATED,train,llm_synthetic_expanded,1.0
llm_synth_expanded_514,synthetic,11,15,16,"[""MENTION_SELECTED"", ""MENTION_SELECTED"", ""RELATION_CREATED"", ""MENTION_SELECTED"", ""MENTION_SELECTED"", ""RELATION_CREATED"", ""MENTION_SELECTED"", ""MENTION_DESELECTED"", ""MENTION_SELECTED"", ""MENTION_SELECTED"", ""RELATION_CREATED"", ""MENTION_SELECTED"", ""MENTION_SELECTED"", ""RELATION_CREATED"", ""MENTION_SELECTED"", ""MENTION_SELECTED""]",RELATION_CREATED,train,llm_synthetic_expanded,1.0
llm_synth_expanded_701,synthetic,41,8,9,"[""RELATION_CREATED"", ""MENTION_SELECTED"", ""MENTION_SELECTED"", ""RELATION_CREATED"", ""MENTION_SELECTED"", ""MENTION_SELECTED"", ""RELATION_CREATED"", ""MENTION_SELECTED"", ""MENTION_SELECTED""]",RELATION_CREATED,train,llm_synthetic_expanded,1.0
llm_synth_expanded_704,synthetic,41,11,12,"[""MENTION_SELECTED"", ""MENTION_SELECTED"", ""ENTITY_GROUPED"", ""STEP_RELATION_SUGGESTION"", ""STEP_RELATIONS"", ""MENTION_SELECTED"", ""MENTION_SELECTED"", ""RELATION_CREATED"", ""MENTION_SELECTED"", ""MENTION_DESELECTED"", ""MENTION_SELECTED"", ""MENTION_SELECTED""]",RELATION_CREATED,train,llm_synthetic_expanded,1.0
llm_synth_expanded_207,synthetic,41,15,16,"[""PROCESS_START"", ""RELATION_CREATED"", ""MENTION_SELECTED"", ""MENTION_SELECTED"", ""RELATION_CREATED"", ""MENTION_SELECTED"", ""MENTION_SELECTED"", ""RELATION_CREATED"", ""MENTION_SELECTED"", ""MENTION_SELECTED"", ""RELATION_CREATED"", ""MENTION_SELECTED"", ""MENTION_SELECTED"", ""RELATION_CREATED"", ""MENTION_SELECTED"", ""MENTION_SELECTED""]",RELATION_CREATED,train,llm_synthetic_expanded,0.9375
llm_synth_expanded_126,synthetic,41,17,18,"[""PROCESS_START"", ""TOKEN_SELECTED"", ""MENTION_SELECTED"", ""RELATION_CREATED"", ""MENTION_SELECTED"", ""MENTION_SELECTED"", ""RELATION_CREATED"", ""MENTION_SELECTED"", ""MENTION_SELECTED"", ""RELATION_CREATED"", ""MENTION_SELECTED"", ""MENTION_SELECTED"", ""RELATION_CREATED"", ""MENTION_SELECTED"", ""MENTION_SELECTED"", ""RELATION_CREATED"", ""MENTION_SELECTED"", ""MENTION_SELECTED""]",RELATION_CREATED,train,llm_synthetic_expanded,0.9444444444444444
llm_synth_expanded_904,synthetic,41,14,15,"[""MENTION_DESELECTED"", ""MENTION_SELECTED"", ""MENTION_SELECTED"", ""RELATION_CREATED"", ""MENTION_SELECTED"", ""MENTION_SELECTED"", ""RELATION_CREATED"", ""MENTION_SELECTED"", ""MENTION_SELECTED"", ""RELATION_CREATED"", ""MENTION_SELECTED"", ""MENTION_SELECTED"", ""RELATION_CREATED"", ""MENTION_SELECTED"", ""MENTION_SELECTED""]",RELATION_CREATED,train,llm_synthetic_expanded,1.0
llm_synth_expanded_838,synthetic,23,15,16,"[""STEP_RELATIONS"", ""MENTION_SELECTED"", ""MENTION_SELECTED"", ""RELATION_CREATED"", ""RELATION_DELETED"", ""MENTION_SELECTED"", ""MENTION_SELECTED"", ""RELATION_CREATED"", ""MENTION_SELECTED"", ""MENTION_SELECTED"", ""RELATION_CREATED"", ""MENTION_SELECTED"", ""MENTION_SELECTED"", ""RELATION_CREATED"", ""MENTION_SELECTED"", ""MENTION_SELECTED""]",RELATION_CREATED,train,llm_synthetic_expanded,1.0
llm_synth_expanded_205,synthetic,41,7,8,"[""PROCESS_START"", ""MENTION_SELECTED"", ""MENTION_SELECTED"", ""RELATION_CREATED"", ""MENTION_SELECTED"", ""MENTION_DESELECTED"", ""MENTION_SELECTED"", ""MENTION_SELECTED""]",RELATION_CREATED,train,llm_synthetic_expanded,0.875
llm_synth_expanded_125,synthetic,41,2,3,"[""PROCESS_START"", ""TOKEN_SELECTED"", ""MENTION_SELECTED""]",RELATION_CREATED,train,llm_synthetic_expanded,0.6666666666666666
llm_synth_expanded_904,synthetic,41,17,18,"[""MENTION_DESELECTED"", ""MENTION_SELECTED"", ""MENTION_SELECTED"", ""RELATION_CREATED"", ""MENTION_SELECTED"", ""MENTION_SELECTED"", ""RELATION_CREATED"", ""MENTION_SELECTED"", ""MENTION_SELECTED"", ""RELATION_CREATED"", ""MENTION_SELECTED"", ""MENTION_SELECTED"", ""RELATION_CREATED"", ""MENTION_SELECTED"", ""MENTION_SELECTED"", ""RELATION_CREATED"", ""MENTION_SELECTED"", ""MENTION_SELECTED""]",RELATION_CREATED,train,llm_synthetic_expanded,1.0
llm_synth_expanded_701,synthetic,41,2,3,"[""RELATION_CREATED"", ""MENTION_SELECTED"", ""MENTION_SELECTED""]",RELATION_CREATED,train,llm_synthetic_expanded,1.0
llm_synth_expanded_335,synthetic,11,18,19,"[""MENTION_SELECTED"", ""MENTION_DESELECTED"", ""MENTION_SELECTED"", ""MENTION_SELECTED"", ""RELATION_CREATED"", ""MENTION_SELECTED"", ""MENTION_SELECTED"", ""RELATION_CREATED"", ""MENTION_SELECTED"", ""MENTION_SELECTED"", ""RELATION_CREATED"", ""MENTION_SELECTED"", ""MENTION_SELECTED"", ""RELATION_CREATED"", ""MENTION_SELECTED"", ""MENTION_SELECTED"", ""RELATION_CREATED"", ""MENTION_SELECTED"", ""MENTION_SELECTED""]",RELATION_CREATED,train,llm_synthetic_expanded,1.0
llm_synth_expanded_335,synthetic,11,15,16,"[""MENTION_SELECTED"", ""MENTION_DESELECTED"", ""MENTION_SELECTED"", ""MENTION_SELECTED"", ""RELATION_CREATED"", ""MENTION_SELECTED"", ""MENTION_SELECTED"", ""RELATION_CREATED"", ""MENTION_SELECTED"", ""MENTION_SELECTED"", ""RELATION_CREATED"", ""MENTION_SELECTED"", ""MENTION_SELECTED"", ""RELATION_CREATED"", ""MENTION_SELECTED"", ""MENTION_SELECTED""]",RELATION_CREATED,train,llm_synthetic_expanded,1.0
llm_synth_expanded_48,synthetic,33,13,14,"[""PROCESS_START"", ""STEP_RELATION_SUGGESTION"", ""STEP_RELATIONS"", ""MENTION_SELECTED"", ""MENTION_SELECTED"", ""RELATION_CREATED"", ""MENTION_SELECTED"", ""MENTION_SELECTED"", ""RELATION_CREATED"", ""MENTION_SELECTED"", ""MENTION_SELECTED"", ""RELATION_CREATED"", ""MENTION_SELECTED"", ""MENTION_SELECTED""]",RELATION_CREATED,train,llm_synthetic_expanded,0.9285714285714286
llm_synth_expanded_881,synthetic,19,18,19,"[""PROCESS_START"", ""STEP_RELATION_SUGGESTION"", ""STEP_RELATIONS"", ""MENTION_SELECTED"", ""MENTION_SUGGESTION_BOUNDS_UPDATED"", ""MENTION_SELECTED"", ""MENTION_SELECTED"", ""RELATION_CREATED"", ""MENTION_SELECTED"", ""MENTION_SELECTED"", ""RELATION_CREATED"", ""MENTION_SELECTED"", ""MENTION_SELECTED"", ""RELATION_CREATED"", ""MENTION_SELECTED"", ""MENTION_SELECTED"", ""RELATION_CREATED"", ""MENTION_SELECTED"", ""MENTION_SELECTED""]",RELATION_CREATED,train,llm_synthetic_expanded,0.9473684210526315
llm_synth_expanded_334,synthetic,11,4,5,"[""RELATION_CREATED"", ""MENTION_SELECTED"", ""MENTION_DESELECTED"", ""MENTION_SELECTED"", ""MENTION_SELECTED""]",RELATION_CREATED,train,llm_synthetic_expanded,1.0
llm_synth_expanded_701,synthetic,41,11,12,"[""RELATION_CREATED"", ""MENTION_SELECTED"", ""MENTION_SELECTED"", ""RELATION_CREATED"", ""MENTION_SELECTED"", ""MENTION_SELECTED"", ""RELATION_CREATED"", ""MENTION_SELECTED"", ""MENTION_SELECTED"", ""RELATION_CREATED"", ""MENTION_SELECTED"", ""MENTION_SELECTED""]",RELATION_CREATED,train,llm_synthetic_expanded,1.0
llm_synth_expanded_879,synthetic,17,12,13,"[""PROCESS_START"", ""STEP_RELATION_SUGGESTION"", ""STEP_RELATIONS"", ""MENTION_SELECTED"", ""MENTION_SUGGESTION_BOUNDS_UPDATED"", ""MENTION_SELECTED"", ""MENTION_SELECTED"", ""RELATION_CREATED"", ""MENTION_SELECTED"", ""MENTION_SELECTED"", ""RELATION_CREATED"", ""MENTION_SELECTED"", ""MENTION_SELECTED""]",RELATION_CREATED,train,llm_synthetic_expanded,0.9230769230769231
llm_synth_expanded_1012,synthetic,13,17,18,"[""MENTION_SELECTED"", ""MENTION_SELECTED"", ""ENTITY_GROUPED"", ""MENTION_DESELECTED"", ""MENTION_DESELECTED"", ""STEP_RELATION_SUGGESTION"", ""STEP_RELATIONS"", ""MENTION_SELECTED"", ""MENTION_SELECTED"", ""MENTION_SELECTED"", ""STEP_RELATION_SUGGESTION"", ""STEP_RELATIONS"", ""MENTION_SELECTED"", ""MENTION_SELECTED"", ""RELATION_CREATED"", ""MENTION_SELECTED"", ""MENTION_SELECTED"", ""UNDO_ACTION""]",RELATION_CREATED,train,llm_synthetic_expanded,0.8888888888888888
llm_synth_expanded_335,synthetic,11,12,13,"[""MENTION_SELECTED"", ""MENTION_DESELECTED"", ""MENTION_SELECTED"", ""MENTION_SELECTED"", ""RELATION_CREATED"", ""MENTION_SELECTED"", ""MENTION_SELECTED"", ""RELATION_CREATED"", ""MENTION_SELECTED"", ""MENTION_SELECTED"", ""RELATION_CREATED"", ""MENTION_SELECTED"", ""MENTION_SELECTED""]",RELATION_CREATED,train,llm_synthetic_expanded,1.0
llm_synth_expanded_841,synthetic,23,3,4,"[""MENTION_SELECTED"", ""MENTION_DESELECTED"", ""MENTION_SELECTED"", ""MENTION_SELECTED""]",RELATION_CREATED,train,llm_synthetic_expanded,1.0
llm_synth_expanded_904,synthetic,41,2,3,"[""MENTION_DESELECTED"", ""MENTION_SELECTED"", ""MENTION_SELECTED""]",RELATION_CREATED,train,llm_synthetic_expanded,1.0
llm_synth_expanded_206,synthetic,41,10,11,"[""PROCESS_START"", ""ENTITY_GROUPED"", ""MENTION_SELECTED"", ""MENTION_SELECTED"", ""ENTITY_GROUPED"", ""MENTION_SELECTED"", ""ENTITY_GROUPED"", ""STEP_RELATION_SUGGESTION"", ""STEP_RELATIONS"", ""MENTION_SELECTED"", ""MENTION_SELECTED""]",RELATION_CREATED,train,llm_synthetic_expanded,0.9090909090909091
llm_synth_expanded_122,synthetic,41,18,19,"[""PROCESS_START"", ""MENTION_SELECTED"", ""RELATION_CREATED"", ""MENTION_SELECTED"", ""MENTION_DESELECTED"", ""TOKEN_SELECTED"", ""TOKEN_SELECTED"", ""TOKEN_DESELECTED"", ""TOKEN_DESELECTED"", ""TOKEN_SELECTED"", ""MENTION_CREATED"", ""MENTION_SELECTED"", ""MENTION_SELECTED"", ""RELATION_CREATED"", ""MENTION_SELECTED"", ""MENTION_SELECTED"", ""RELATION_CREATED"", ""MENTION_SELECTED"", ""MENTION_SELECTED""]",RELATION_CREATED,train,llm_synthetic_expanded,0.9473684210526315
llm_synth_expanded_207,synthetic,41,6,7,"[""PROCESS_START"", ""RELATION_CREATED"", ""MENTION_SELECTED"", ""MENTION_SELECTED"", ""RELATION_CREATED"", ""MENTION_SELECTED"", ""MENTION_SELECTED""]",RELATION_CREATED,train,llm_synthetic_expanded,0.8571428571428571
llm_synth_expanded_205,synthetic,41,2,3,"[""PROCESS_START"", ""MENTION_SELECTED"", ""MENTION_SELECTED""]",RELATION_CREATED,train,llm_synthetic_expanded,0.6666666666666666
llm_synth_expanded_209,synthetic,41,14,15,"[""PROCESS_START"", ""ENTITY_GROUPED"", ""MENTION_SELECTED"", ""MENTION_SELECTED"", ""ENTITY_GROUPED"", ""STEP_RELATION_SUGGESTION"", ""STEP_RELATIONS"", ""MENTION_SELECTED"", ""MENTION_SELECTED"", ""MENTION_DESELECTED"", ""MENTION_DESELECTED"", ""MENTION_SELECTED"", ""MENTION_DESELECTED"", ""MENTION_SELECTED"", ""MENTION_SELECTED""]",RELATION_CREATED,train,llm_synthetic_expanded,0.9333333333333333
llm_synth_expanded_875,synthetic,13,6,7,"[""PROCESS_START"", ""STEP_RELATION_SUGGESTION"", ""STEP_RELATIONS"", ""MENTION_SELECTED"", ""MENTION_SUGGESTION_BOUNDS_UPDATED"", ""MENTION_SELECTED"", ""MENTION_SELECTED""]",RELATION_CREATED,train,llm_synthetic_expanded,0.8571428571428571
llm_synth_expanded_1012,synthetic,13,13,14,"[""MENTION_SELECTED"", ""MENTION_SELECTED"", ""ENTITY_GROUPED"", ""MENTION_DESELECTED"", ""MENTION_DESELECTED"", ""STEP_RELATION_SUGGESTION"", ""STEP_RELATIONS"", ""MENTION_SELECTED"", ""MENTION_SELECTED"", ""MENTION_SELECTED"", ""STEP_RELATION_SUGGESTION"", ""STEP_RELATIONS"", ""MENTION_SELECTED"", ""MENTION_SELECTED""]",RELATION_CREATED,train,llm_synthetic_expanded,1.0
llm_synth_expanded_876,synthetic,14,15,16,"[""PROCESS_START"", ""STEP_RELATION_SUGGESTION"", ""STEP_RELATIONS"", ""MENTION_SELECTED"", ""MENTION_SUGGESTION_BOUNDS_UPDATED"", ""MENTION_SELECTED"", ""MENTION_SELECTED"", ""RELATION_CREATED"", ""MENTION_SELECTED"", ""MENTION_SELECTED"", ""RELATION_CREATED"", ""MENTION_SELECTED"", ""MENTION_SELECTED"", ""RELATION_CREATED"", ""MENTION_SELECTED"", ""MENTION_SELECTED""]",RELATION_CREATED,train,llm_synthetic_expanded,0.9375
llm_synth_expanded_327,synthetic,24,2,3,"[""RELATION_CREATED"", ""MENTION_SELECTED"", ""MENTION_SELECTED""]",RELATION_CREATED,train,llm_synthetic_expanded,1.0
llm_synth_expanded_839,synthetic,23,10,11,"[""MENTION_SELECTED"", ""MENTION_SELECTED"", ""MENTION_SELECTED"", ""ENTITY_GROUPED"", ""MENTION_SELECTED"", ""MENTION_SELECTED"", ""ENTITY_GROUPED"", ""STEP_RELATION_SUGGESTION"", ""STEP_RELATIONS"", ""MENTION_SELECTED"", ""MENTION_SELECTED""]",RELATION_CREATED,train,llm_synthetic_expanded,1.0
llm_synth_expanded_884,synthetic,22,1,2,"[""PROCESS_START"", ""MENTION_SELECTED""]",RELATION_CREATED,train,llm_synthetic_expanded,0.5
llm_synth_expanded_513,synthetic,11,9,10,"[""STEP_RELATION_SUGGESTION"", ""STEP_RELATIONS"", ""MENTION_SELECTED"", ""MENTION_SELECTED"", ""RELATION_CREATED"", ""MENTION_SELECTED"", ""MENTION_SELECTED"", ""RELATION_CREATED"", ""MENTION_SELECTED"", ""MENTION_SELECTED""]",RELATION_CREATED,train,llm_synthetic_expanded,1.0
llm_synth_expanded_208,synthetic,41,18,19,"[""PROCESS_START"", ""TOKEN_SELECTED"", ""TOKEN_SELECTED"", ""MENTION_CREATED"", ""STEP_ENTITIES"", ""MENTION_SELECTED"", ""MENTION_SELECTED"", ""ENTITY_GROUPED"", ""MENTION_SELECTED"", ""MENTION_SELECTED"", ""ENTITY_GROUPED"", ""STEP_RELATION_SUGGESTION"", ""STEP_RELATIONS"", ""MENTION_SELECTED"", ""MENTION_SELECTED"", ""RELATION_CREATED"", ""MENTION_SELECTED"", ""MENTION_SELECTED"", ""MENTION_SELECTED""]",RELATION_CREATED,train,llm_synthetic_expanded,0.9473684210526315
llm_synth_expanded_884,synthetic,22,4,5,"[""PROCESS_START"", ""MENTION_SELECTED"", ""RELATION_CREATED"", ""MENTION_SELECTED"", ""MENTION_SELECTED""]",RELATION_CREATED,train,llm_synthetic_expanded,0.8
llm_synth_expanded_513,synthetic,11,15,16,"[""STEP_RELATION_SUGGESTION"", ""STEP_RELATIONS"", ""MENTION_SELECTED"", ""MENTION_SELECTED"", ""RELATION_CREATED"", ""MENTION_SELECTED"", ""MENTION_SELECTED"", ""RELATION_CREATED"", ""MENTION_SELECTED"", ""MENTION_SELECTED"", ""RELATION_CREATED"", ""MENTION_SELECTED"", ""MENTION_SELECTED"", ""RELATION_CREATED"", ""MENTION_SELECTED"", ""MENTION_SELECTED""]",RELATION_CREATED,train,llm_synthetic_expanded,1.0
llm_synth_expanded_841,synthetic,23,12,13,"[""MENTION_SELECTED"", ""MENTION_DESELECTED"", ""MENTION_SELECTED"", ""MENTION_SELECTED"", ""RELATION_CREATED"", ""MENTION_SELECTED"", ""MENTION_SELECTED"", ""RELATION_CREATED"", ""MENTION_SELECTED"", ""MENTION_SELECTED"", ""RELATION_CREATED"", ""MENTION_SELECTED"", ""MENTION_SELECTED""]",RELATION_CREATED,train,llm_synthetic_expanded,1.0
llm_synth_expanded_162,synthetic,33,2,3,"[""PROCESS_START"", ""STEP_RELATIONS"", ""MENTION_SELECTED""]",RELATION_CREATED,train,llm_synthetic_expanded,0.6666666666666666
llm_synth_expanded_876,synthetic,14,6,7,"[""PROCESS_START"", ""STEP_RELATION_SUGGESTION"", ""STEP_RELATIONS"", ""MENTION_SELECTED"", ""MENTION_SUGGESTION_BOUNDS_UPDATED"", ""MENTION_SELECTED"", ""MENTION_SELECTED""]",RELATION_CREATED,train,llm_synthetic_expanded,0.8571428571428571
llm_synth_expanded_721,synthetic,11,9,10,"[""PROCESS_START"", ""MENTION_SELECTED"", ""MENTION_SELECTED"", ""MENTION_SELECTED"", ""RELATION_CREATED"", ""MENTION_SELECTED"", ""MENTION_SELECTED"", ""RELATION_CREATED"", ""MENTION_SELECTED"", ""MENTION_SELECTED""]",RELATION_CREATED,train,llm_synthetic_expanded,0.9
llm_synth_expanded_874,synthetic,11,7,8,"[""PROCESS_START"", ""STEP_RELATION_SUGGESTION"", ""STEP_RELATIONS"", ""MENTION_SELECTED"", ""MENTION_SELECTED"", ""RELATION_CREATED"", ""MENTION_SELECTED"", ""MENTION_SELECTED""]",RELATION_CREATED,train,llm_synthetic_expanded,0.875
llm_synth_expanded_48,synthetic,33,4,5,"[""PROCESS_START"", ""STEP_RELATION_SUGGESTION"", ""STEP_RELATIONS"", ""MENTION_SELECTED"", ""MENTION_SELECTED""]",RELATION_CREATED,train,llm_synthetic_expanded,0.8
llm_synth_expanded_513,synthetic,11,12,13,"[""STEP_RELATION_SUGGESTION"", ""STEP_RELATIONS"", ""MENTION_SELECTED"", ""MENTION_SELECTED"", ""RELATION_CREATED"", ""MENTION_SELECTED"", ""MENTION_SELECTED"", ""RELATION_CREATED"", ""MENTION_SELECTED"", ""MENTION_SELECTED"", ""RELATION_CREATED"", ""MENTION_SELECTED"", ""MENTION_SELECTED""]",RELATION_CREATED,train,llm_synthetic_expanded,1.0
llm_synth_expanded_210,synthetic,41,14,15,"[""PROCESS_START"", ""MENTION_SELECTED"", ""MENTION_SELECTED"", ""RELATION_CREATED"", ""MENTION_SELECTED"", ""MENTION_SELECTED"", ""RELATION_CREATED"", ""MENTION_SELECTED"", ""MENTION_SELECTED"", ""RELATION_CREATED"", ""MENTION_SELECTED"", ""MENTION_SUGGESTION_BOUNDS_UPDATED"", ""MENTION_SUGGESTION_BOUNDS_UPDATED"", ""MENTION_SELECTED"", ""MENTION_SELECTED""]",RELATION_CREATED,train,llm_synthetic_expanded,0.9333333333333333
llm_synth_expanded_868,synthetic,43,5,6,"[""MENTION_SELECTED"", ""MENTION_SELECTED"", ""MENTION_DESELECTED"", ""MENTION_DESELECTED"", ""MENTION_SELECTED"", ""MENTION_SELECTED""]",RELATION_CREATED,train,llm_synthetic_expanded,1.0
llm_synth_expanded_837,synthetic,23,10,11,"[""MENTION_SELECTED"", ""ENTITY_GROUPED"", ""MENTION_SELECTED"", ""MENTION_SELECTED"", ""ENTITY_GROUPED"", ""TOKEN_SELECTED"", ""MENTION_CREATED"", ""STEP_RELATION_SUGGESTION"", ""STEP_RELATIONS"", ""MENTION_SELECTED"", ""MENTION_SELECTED""]",RELATION_CREATED,train,llm_synthetic_expanded,1.0
llm_synth_expanded_654,synthetic,23,19,20,"[""PROCESS_START"", ""ENTITY_GROUPED"", ""STEP_RELATION_SUGGESTION"", ""STEP_RELATIONS"", ""MENTION_SELECTED"", ""MENTION_SELECTED"", ""RELATION_CREATED"", ""MENTION_SELECTED"", ""MENTION_SELECTED"", ""RELATION_CREATED"", ""MENTION_SELECTED"", ""MENTION_SELECTED"", ""RELATION_CREATED"", ""RELATION_DELETED"", ""RELATION_DELETED"", ""MENTION_SELECTED"", ""MENTION_SELECTED"", ""RELATION_CREATED"", ""MENTION_SELECTED"", ""MENTION_SELECTED""]",RELATION_CREATED,train,llm_synthetic_expanded,0.95
llm_synth_expanded_514,synthetic,11,18,19,"[""MENTION_SELECTED"", ""MENTION_SELECTED"", ""RELATION_CREATED"", ""MENTION_SELECTED"", ""MENTION_SELECTED"", ""RELATION_CREATED"", ""MENTION_SELECTED"", ""MENTION_DESELECTED"", ""MENTION_SELECTED"", ""MENTION_SELECTED"", ""RELATION_CREATED"", ""MENTION_SELECTED"", ""MENTION_SELECTED"", ""RELATION_CREATED"", ""MENTION_SELECTED"", ""MENTION_SELECTED"", ""RELATION_CREATED"", ""MENTION_SELECTED"", ""MENTION_SELECTED""]",RELATION_CREATED,train,llm_synthetic_expanded,1.0
llm_synth_expanded_876,synthetic,14,9,10,"[""PROCESS_START"", ""STEP_RELATION_SUGGESTION"", ""STEP_RELATIONS"", ""MENTION_SELECTED"", ""MENTION_SUGGESTION_BOUNDS_UPDATED"", ""MENTION_SELECTED"", ""MENTION_SELECTED"", ""RELATION_CREATED"", ""MENTION_SELECTED"", ""MENTION_SELECTED""]",RELATION_CREATED,train,llm_synthetic_expanded,0.9
llm_synth_expanded_207,synthetic,41,9,10,"[""PROCESS_START"", ""RELATION_CREATED"", ""MENTION_SELECTED"", ""MENTION_SELECTED"", ""RELATION_CREATED"", ""MENTION_SELECTED"", ""MENTION_SELECTED"", ""RELATION_CREATED"", ""MENTION_SELECTED"", ""MENTION_SELECTED""]",RELATION_CREATED,train,llm_synthetic_expanded,0.9
llm_synth_expanded_839,synthetic,23,14,15,"[""MENTION_SELECTED"", ""MENTION_SELECTED"", ""MENTION_SELECTED"", ""ENTITY_GROUPED"", ""MENTION_SELECTED"", ""MENTION_SELECTED"", ""ENTITY_GROUPED"", ""STEP_RELATION_SUGGESTION"", ""STEP_RELATIONS"", ""MENTION_SELECTED"", ""MENTION_SELECTED"", ""RELATION_CREATED"", ""RELATION_DELETED"", ""MENTION_SELECTED"", ""MENTION_SELECTED""]",RELATION_CREATED,train,llm_synthetic_expanded,1.0
llm_synth_expanded_334,synthetic,11,19,20,"[""RELATION_CREATED"", ""MENTION_SELECTED"", ""MENTION_DESELECTED"", ""MENTION_SELECTED"", ""MENTION_SELECTED"", ""RELATION_CREATED"", ""MENTION_SELECTED"", ""MENTION_SELECTED"", ""RELATION_CREATED"", ""MENTION_SELECTED"", ""MENTION_SELECTED"", ""RELATION_CREATED"", ""MENTION_SELECTED"", ""MENTION_SELECTED"", ""RELATION_CREATED"", ""MENTION_SELECTED"", ""MENTION_SELECTED"", ""RELATION_CREATED"", ""MENTION_SELECTED"", ""MENTION_SELECTED""]",RELATION_CREATED,train,llm_synthetic_expanded,1.0
llm_synth_expanded_126,synthetic,41,11,12,"[""PROCESS_START"", ""TOKEN_SELECTED"", ""MENTION_SELECTED"", ""RELATION_CREATED"", ""MENTION_SELECTED"", ""MENTION_SELECTED"", ""RELATION_CREATED"", ""MENTION_SELECTED"", ""MENTION_SELECTED"", ""RELATION_CREATED"", ""MENTION_SELECTED"", ""MENTION_SELECTED""]",RELATION_CREATED,train,llm_synthetic_expanded,0.9166666666666666
llm_synth_expanded_875,synthetic,13,15,16,"[""PROCESS_START"", ""STEP_RELATION_SUGGESTION"", ""STEP_RELATIONS"", ""MENTION_SELECTED"", ""MENTION_SUGGESTION_BOUNDS_UPDATED"", ""MENTION_SELECTED"", ""MENTION_SELECTED"", ""RELATION_CREATED"", ""MENTION_SELECTED"", ""MENTION_SELECTED"", ""RELATION_CREATED"", ""MENTION_SELECTED"", ""MENTION_SELECTED"", ""RELATION_CREATED"", ""MENTION_SELECTED"", ""MENTION_SELECTED""]",RELATION_CREATED,train,llm_synthetic_expanded,0.9375
llm_synth_expanded_721,synthetic,11,16,17,"[""PROCESS_START"", ""MENTION_SELECTED"", ""MENTION_SELECTED"", ""MENTION_SELECTED"", ""RELATION_CREATED"", ""MENTION_SELECTED"", ""MENTION_SELECTED"", ""RELATION_CREATED"", ""MENTION_SELECTED"", ""MENTION_SELECTED"", ""RELATION_CREATED"", ""MENTION_SELECTED"", ""MENTION_DESELECTED"", ""MENTION_SELECTED"", ""MENTION_DESELECTED"", ""MENTION_SELECTED"", ""MENTION_SELECTED""]",RELATION_CREATED,train,llm_synthetic_expanded,0.9411764705882353
llm_synth_expanded_206,synthetic,41,16,17,"[""PROCESS_START"", ""ENTITY_GROUPED"", ""MENTION_SELECTED"", ""MENTION_SELECTED"", ""ENTITY_GROUPED"", ""MENTION_SELECTED"", ""ENTITY_GROUPED"", ""STEP_RELATION_SUGGESTION"", ""STEP_RELATIONS"", ""MENTION_SELECTED"", ""MENTION_SELECTED"", ""RELATION_CREATED"", ""MENTION_SELECTED"", ""MENTION_SELECTED"", ""RELATION_CREATED"", ""MENTION_SELECTED"", ""MENTION_SELECTED""]",RELATION_CREATED,train,llm_synthetic_expanded,0.9411764705882353
llm_synth_expanded_122,synthetic,41,15,16,"[""PROCESS_START"", ""MENTION_SELECTED"", ""RELATION_CREATED"", ""MENTION_SELECTED"", ""MENTION_DESELECTED"", ""TOKEN_SELECTED"", ""TOKEN_SELECTED"", ""TOKEN_DESELECTED"", ""TOKEN_DESELECTED"", ""TOKEN_SELECTED"", ""MENTION_CREATED"", ""MENTION_SELECTED"", ""MENTION_SELECTED"", ""RELATION_CREATED"", ""MENTION_SELECTED"", ""MENTION_SELECTED""]",RELATION_CREATED,train,llm_synthetic_expanded,0.9375
llm_synth_expanded_1182,synthetic,31,14,15,"[""PROCESS_START"", ""MENTION_SELECTED"", ""MENTION_SELECTED"", ""RELATION_CREATED"", ""MENTION_SELECTED"", ""MENTION_SELECTED"", ""RELATION_CREATED"", ""MENTION_SELECTED"", ""MENTION_SELECTED"", ""RELATION_CREATED"", ""MENTION_SELECTED"", ""MENTION_SELECTED"", ""RELATION_CREATED"", ""MENTION_SELECTED"", ""MENTION_SELECTED""]",RELATION_CREATED,train,llm_synthetic_expanded,0.9333333333333333
llm_synth_expanded_881,synthetic,19,12,13,"[""PROCESS_START"", ""STEP_RELATION_SUGGESTION"", ""STEP_RELATIONS"", ""MENTION_SELECTED"", ""MENTION_SUGGESTION_BOUNDS_UPDATED"", ""MENTION_SELECTED"", ""MENTION_SELECTED"", ""RELATION_CREATED"", ""MENTION_SELECTED"", ""MENTION_SELECTED"", ""RELATION_CREATED"", ""MENTION_SELECTED"", ""MENTION_SELECTED""]",RELATION_CREATED,train,llm_synthetic_expanded,0.9230769230769231
llm_synth_expanded_48,synthetic,33,16,17,"[""PROCESS_START"", ""STEP_RELATION_SUGGESTION"", ""STEP_RELATIONS"", ""MENTION_SELECTED"", ""MENTION_SELECTED"", ""RELATION_CREATED"", ""MENTION_SELECTED"", ""MENTION_SELECTED"", ""RELATION_CREATED"", ""MENTION_SELECTED"", ""MENTION_SELECTED"", ""RELATION_CREATED"", ""MENTION_SELECTED"", ""MENTION_SELECTED"", ""RELATION_CREATED"", ""MENTION_SELECTED"", ""MENTION_SELECTED""]",RELATION_CREATED,train,llm_synthetic_expanded,0.9411764705882353
llm_synth_expanded_164,synthetic,33,2,3,"[""PROCESS_START"", ""MENTION_SELECTED"", ""MENTION_SELECTED""]",RELATION_CREATED,train,llm_synthetic_expanded,0.6666666666666666
llm_synth_expanded_1010,synthetic,13,17,18,"[""MENTION_SELECTED"", ""MENTION_SELECTED"", ""ENTITY_GROUPED"", ""MENTION_DESELECTED"", ""MENTION_SELECTED"", ""MENTION_SELECTED"", ""MENTION_DESELECTED"", ""ENTITY_GROUPED"", ""MENTION_DESELECTED"", ""MENTION_DESELECTED"", ""STEP_RELATION_SUGGESTION"", ""STEP_RELATIONS"", ""MENTION_SELECTED"", ""MENTION_SELECTED"", ""RELATION_CREATED"", ""MENTION_SELECTED"", ""MENTION_SELECTED"", ""UNDO_ACTION""]",RELATION_CREATED,train,llm_synthetic_expanded,0.8888888888888888
llm_synth_expanded_1182,synthetic,31,5,6,"[""PROCESS_START"", ""MENTION_SELECTED"", ""MENTION_SELECTED"", ""RELATION_CREATED"", ""MENTION_SELECTED"", ""MENTION_SELECTED""]",RELATION_CREATED,train,llm_synthetic_expanded,0.8333333333333334
llm_synth_expanded_876,synthetic,14,18,19,"[""PROCESS_START"", ""STEP_RELATION_SUGGESTION"", ""STEP_RELATIONS"", ""MENTION_SELECTED"", ""MENTION_SUGGESTION_BOUNDS_UPDATED"", ""MENTION_SELECTED"", ""MENTION_SELECTED"", ""RELATION_CREATED"", ""MENTION_SELECTED"", ""MENTION_SELECTED"", ""RELATION_CREATED"", ""MENTION_SELECTED"", ""MENTION_SELECTED"", ""RELATION_CREATED"", ""MENTION_SELECTED"", ""MENTION_SELECTED"", ""RELATION_CREATED"", ""MENTION_SELECTED"", ""MENTION_SELECTED""]",RELATION_CREATED,train,llm_synthetic_expanded,0.9473684210526315
llm_synth_expanded_48,synthetic,33,10,11,"[""PROCESS_START"", ""STEP_RELATION_SUGGESTION"", ""STEP_RELATIONS"", ""MENTION_SELECTED"", ""MENTION_SELECTED"", ""RELATION_CREATED"", ""MENTION_SELECTED"", ""MENTION_SELECTED"", ""RELATION_CREATED"", ""MENTION_SELECTED"", ""MENTION_SELECTED""]",RELATION_CREATED,train,llm_synthetic_expanded,0.9090909090909091
llm_synth_expanded_206,synthetic,41,13,14,"[""PROCESS_START"", ""ENTITY_GROUPED"", ""MENTION_SELECTED"", ""MENTION_SELECTED"", ""ENTITY_GROUPED"", ""MENTION_SELECTED"", ""ENTITY_GROUPED"", ""STEP_RELATION_SUGGESTION"", ""STEP_RELATIONS"", ""MENTION_SELECTED"", ""MENTION_SELECTED"", ""RELATION_CREATED"", ""MENTION_SELECTED"", ""MENTION_SELECTED""]",RELATION_CREATED,train,llm_synthetic_expanded,0.9285714285714286
llm_synth_expanded_838,synthetic,23,12,13,"[""STEP_RELATIONS"", ""MENTION_SELECTED"", ""MENTION_SELECTED"", ""RELATION_CREATED"", ""RELATION_DELETED"", ""MENTION_SELECTED"", ""MENTION_SELECTED"", ""RELATION_CREATED"", ""MENTION_SELECTED"", ""MENTION_SELECTED"", ""RELATION_CREATED"", ""MENTION_SELECTED"", ""MENTION_SELECTED""]",RELATION_CREATED,train,llm_synthetic_expanded,1.0
llm_synth_expanded_878,synthetic,16,12,13,"[""PROCESS_START"", ""STEP_RELATION_SUGGESTION"", ""STEP_RELATIONS"", ""MENTION_SELECTED"", ""MENTION_SUGGESTION_BOUNDS_UPDATED"", ""MENTION_SELECTED"", ""MENTION_SELECTED"", ""RELATION_CREATED"", ""MENTION_SELECTED"", ""MENTION_SELECTED"", ""RELATION_CREATED"", ""MENTION_SELECTED"", ""MENTION_SELECTED""]",RELATION_CREATED,train,llm_synthetic_expanded,0.9230769230769231
llm_synth_expanded_1182,synthetic,31,2,3,"[""PROCESS_START"", ""MENTION_SELECTED"", ""MENTION_SELECTED""]",RELATION_CREATED,train,llm_synthetic_expanded,0.6666666666666666
llm_synth_expanded_878,synthetic,16,9,10,"[""PROCESS_START"", ""STEP_RELATION_SUGGESTION"", ""STEP_RELATIONS"", ""MENTION_SELECTED"", ""MENTION_SUGGESTION_BOUNDS_UPDATED"", ""MENTION_SELECTED"", ""MENTION_SELECTED"", ""RELATION_CREATED"", ""MENTION_SELECTED"", ""MENTION_SELECTED""]",RELATION_CREATED,train,llm_synthetic_expanded,0.9
llm_synth_expanded_838,synthetic,23,2,3,"[""STEP_RELATIONS"", ""MENTION_SELECTED"", ""MENTION_SELECTED""]",RELATION_CREATED,train,llm_synthetic_expanded,1.0
llm_synth_expanded_122,synthetic,41,12,13,"[""PROCESS_START"", ""MENTION_SELECTED"", ""RELATION_CREATED"", ""MENTION_SELECTED"", ""MENTION_DESELECTED"", ""TOKEN_SELECTED"", ""TOKEN_SELECTED"", ""TOKEN_DESELECTED"", ""TOKEN_DESELECTED"", ""TOKEN_SELECTED"", ""MENTION_CREATED"", ""MENTION_SELECTED"", ""MENTION_SELECTED""]",RELATION_CREATED,train,llm_synthetic_expanded,0.9230769230769231
llm_synth_expanded_335,synthetic,11,3,4,"[""MENTION_SELECTED"", ""MENTION_DESELECTED"", ""MENTION_SELECTED"", ""MENTION_SELECTED""]",RELATION_CREATED,train,llm_synthetic_expanded,1.0
llm_synth_expanded_841,synthetic,23,9,10,"[""MENTION_SELECTED"", ""MENTION_DESELECTED"", ""MENTION_SELECTED"", ""MENTION_SELECTED"", ""RELATION_CREATED"", ""MENTION_SELECTED"", ""MENTION_SELECTED"", ""RELATION_CREATED"", ""MENTION_SELECTED"", ""MENTION_SELECTED""]",RELATION_CREATED,train,llm_synthetic_expanded,1.0
llm_synth_expanded_878,synthetic,16,15,16,"[""PROCESS_START"", ""STEP_RELATION_SUGGESTION"", ""STEP_RELATIONS"", ""MENTION_SELECTED"", ""MENTION_SUGGESTION_BOUNDS_UPDATED"", ""MENTION_SELECTED"", ""MENTION_SELECTED"", ""RELATION_CREATED"", ""MENTION_SELECTED"", ""MENTION_SELECTED"", ""RELATION_CREATED"", ""MENTION_SELECTED"", ""MENTION_SELECTED"", ""RELATION_CREATED"", ""MENTION_SELECTED"", ""MENTION_SELECTED""]",RELATION_CREATED,train,llm_synthetic_expanded,0.9375
llm_synth_expanded_903,synthetic,41,4,5,"[""MENTION_SELECTED"", ""MENTION_SELECTED"", ""RELATION_CREATED"", ""MENTION_SELECTED"", ""MENTION_SELECTED""]",RELATION_CREATED,train,llm_synthetic_expanded,1.0
llm_synth_expanded_28,synthetic,33,2,3,"[""STEP_RELATIONS"", ""MENTION_SELECTED"", ""MENTION_SELECTED""]",RELATION_CREATED,train,llm_synthetic_expanded,1.0
llm_synth_expanded_996,synthetic,11,15,16,"[""MENTION_SELECTED"", ""ENTITY_REMOVED"", ""MENTION_SELECTED"", ""MENTION_SELECTED"", ""RELATION_CREATED"", ""MENTION_SELECTED"", ""MENTION_SELECTED"", ""RELATION_CREATED"", ""MENTION_SELECTED"", ""MENTION_SELECTED"", ""RELATION_CREATED"", ""MENTION_SELECTED"", ""MENTION_SELECTED"", ""RELATION_CREATED"", ""MENTION_SELECTED"", ""MENTION_SELECTED""]",RELATION_CREATED,train,llm_synthetic_expanded,0.9375
llm_synth_expanded_880,synthetic,18,6,7,"[""PROCESS_START"", ""STEP_RELATION_SUGGESTION"", ""STEP_RELATIONS"", ""MENTION_SELECTED"", ""MENTION_SUGGESTION_BOUNDS_UPDATED"", ""MENTION_SELECTED"", ""MENTION_SELECTED""]",RELATION_CREATED,train,llm_synthetic_expanded,0.8571428571428571
llm_synth_expanded_405,synthetic,43,5,6,"[""MENTION_SELECTED"", ""MENTION_SELECTED"", ""MENTION_SELECTED"", ""RELATION_CREATED"", ""MENTION_SELECTED"", ""MENTION_SELECTED""]",RELATION_CREATED,train,llm_synthetic_expanded,1.0
llm_synth_expanded_880,synthetic,18,15,16,"[""PROCESS_START"", ""STEP_RELATION_SUGGESTION"", ""STEP_RELATIONS"", ""MENTION_SELECTED"", ""MENTION_SUGGESTION_BOUNDS_UPDATED"", ""MENTION_SELECTED"", ""MENTION_SELECTED"", ""RELATION_CREATED"", ""MENTION_SELECTED"", ""MENTION_SELECTED"", ""RELATION_CREATED"", ""MENTION_SELECTED"", ""MENTION_SELECTED"", ""RELATION_CREATED"", ""MENTION_SELECTED"", ""MENTION_SELECTED""]",RELATION_CREATED,train,llm_synthetic_expanded,0.9375
llm_synth_expanded_335,synthetic,11,9,10,"[""MENTION_SELECTED"", ""MENTION_DESELECTED"", ""MENTION_SELECTED"", ""MENTION_SELECTED"", ""RELATION_CREATED"", ""MENTION_SELECTED"", ""MENTION_SELECTED"", ""RELATION_CREATED"", ""MENTION_SELECTED"", ""MENTION_SELECTED""]",RELATION_CREATED,train,llm_synthetic_expanded,1.0
llm_synth_expanded_210,synthetic,41,5,6,"[""PROCESS_START"", ""MENTION_SELECTED"", ""MENTION_SELECTED"", ""RELATION_CREATED"", ""MENTION_SELECTED"", ""MENTION_SELECTED""]",RELATION_CREATED,train,llm_synthetic_expanded,0.8333333333333334
llm_synth_expanded_875,synthetic,13,12,13,"[""PROCESS_START"", ""STEP_RELATION_SUGGESTION"", ""STEP_RELATIONS"", ""MENTION_SELECTED"", ""MENTION_SUGGESTION_BOUNDS_UPDATED"", ""MENTION_SELECTED"", ""MENTION_SELECTED"", ""RELATION_CREATED"", ""MENTION_SELECTED"", ""MENTION_SELECTED"", ""RELATION_CREATED"", ""MENTION_SELECTED"", ""MENTION_SELECTED""]",RELATION_CREATED,train,llm_synthetic_expanded,0.9230769230769231
llm_synth_expanded_208,synthetic,41,14,15,"[""PROCESS_START"", ""TOKEN_SELECTED"", ""TOKEN_SELECTED"", ""MENTION_CREATED"", ""STEP_ENTITIES"", ""MENTION_SELECTED"", ""MENTION_SELECTED"", ""ENTITY_GROUPED"", ""MENTION_SELECTED"", ""MENTION_SELECTED"", ""ENTITY_GROUPED"", ""STEP_RELATION_SUGGESTION"", ""STEP_RELATIONS"", ""MENTION_SELECTED"", ""MENTION_SELECTED""]",RELATION_CREATED,train,llm_synthetic_expanded,0.9333333333333333
llm_synth_expanded_841,synthetic,23,6,7,"[""MENTION_SELECTED"", ""MENTION_DESELECTED"", ""MENTION_SELECTED"", ""MENTION_SELECTED"", ""RELATION_CREATED"", ""MENTION_SELECTED"", ""MENTION_SELECTED""]",RELATION_CREATED,train,llm_synthetic_expanded,1.0
llm_synth_expanded_126,synthetic,41,14,15,"[""PROCESS_START"", ""TOKEN_SELECTED"", ""MENTION_SELECTED"", ""RELATION_CREATED"", ""MENTION_SELECTED"", ""MENTION_SELECTED"", ""RELATION_CREATED"", ""MENTION_SELECTED"", ""MENTION_SELECTED"", ""RELATION_CREATED"", ""MENTION_SELECTED"", ""MENTION_SELECTED"", ""RELATION_CREATED"", ""MENTION_SELECTED"", ""MENTION_SELECTED""]",RELATION_CREATED,train,llm_synthetic_expanded,0.9333333333333333
llm_synth_expanded_879,synthetic,17,15,16,"[""PROCESS_START"", ""STEP_RELATION_SUGGESTION"", ""STEP_RELATIONS"", ""MENTION_SELECTED"", ""MENTION_SUGGESTION_BOUNDS_UPDATED"", ""MENTION_SELECTED"", ""MENTION_SELECTED"", ""RELATION_CREATED"", ""MENTION_SELECTED"", ""MENTION_SELECTED"", ""RELATION_CREATED"", ""MENTION_SELECTED"", ""MENTION_SELECTED"", ""RELATION_CREATED"", ""MENTION_SELECTED"", ""MENTION_SELECTED""]",RELATION_CREATED,train,llm_synthetic_expanded,0.9375
llm_synth_expanded_878,synthetic,16,18,19,"[""PROCESS_START"", ""STEP_RELATION_SUGGESTION"", ""STEP_RELATIONS"", ""MENTION_SELECTED"", ""MENTION_SUGGESTION_BOUNDS_UPDATED"", ""MENTION_SELECTED"", ""MENTION_SELECTED"", ""RELATION_CREATED"", ""MENTION_SELECTED"", ""MENTION_SELECTED"", ""RELATION_CREATED"", ""MENTION_SELECTED"", ""MENTION_SELECTED"", ""RELATION_CREATED"", ""MENTION_SELECTED"", ""MENTION_SELECTED"", ""RELATION_CREATED"", ""MENTION_SELECTED"", ""MENTION_SELECTED""]",RELATION_CREATED,train,llm_synthetic_expanded,0.9473684210526315
llm_synth_expanded_514,synthetic,11,4,5,"[""MENTION_SELECTED"", ""MENTION_SELECTED"", ""RELATION_CREATED"", ""MENTION_SELECTED"", ""MENTION_SELECTED""]",RELATION_CREATED,train,llm_synthetic_expanded,1.0
llm_synth_expanded_207,synthetic,41,18,19,"[""PROCESS_START"", ""RELATION_CREATED"", ""MENTION_SELECTED"", ""MENTION_SELECTED"", ""RELATION_CREATED"", ""MENTION_SELECTED"", ""MENTION_SELECTED"", ""RELATION_CREATED"", ""MENTION_SELECTED"", ""MENTION_SELECTED"", ""RELATION_CREATED"", ""MENTION_SELECTED"", ""MENTION_SELECTED"", ""RELATION_CREATED"", ""MENTION_SELECTED"", ""MENTION_SELECTED"", ""RELATION_CREATED"", ""MENTION_SELECTED"", ""MENTION_SELECTED""]",RELATION_CREATED,train,llm_synthetic_expanded,0.9473684210526315
llm_synth_expanded_903,synthetic,41,14,15,"[""MENTION_SELECTED"", ""MENTION_SELECTED"", ""RELATION_CREATED"", ""MENTION_SELECTED"", ""MENTION_SELECTED"", ""RELATION_CREATED"", ""RELATION_DELETED"", ""MENTION_SELECTED"", ""MENTION_SELECTED"", ""RELATION_CREATED"", ""MENTION_SELECTED"", ""MENTION_SELECTED"", ""RELATION_CREATED"", ""MENTION_SELECTED"", ""MENTION_SELECTED""]",RELATION_CREATED,train,llm_synthetic_expanded,1.0
llm_synth_expanded_210,synthetic,41,18,19,"[""PROCESS_START"", ""MENTION_SELECTED"", ""MENTION_SELECTED"", ""RELATION_CREATED"", ""MENTION_SELECTED"", ""MENTION_SELECTED"", ""RELATION_CREATED"", ""MENTION_SELECTED"", ""MENTION_SELECTED"", ""RELATION_CREATED"", ""MENTION_SELECTED"", ""MENTION_SUGGESTION_BOUNDS_UPDATED"", ""MENTION_SUGGESTION_BOUNDS_UPDATED"", ""MENTION_SELECTED"", ""MENTION_SELECTED"", ""RELATION_CREATED"", ""MENTION_SELECTED"", ""MENTION_SELECTED"", ""MENTION_SELECTED""]",RELATION_CREATED,train,llm_synthetic_expanded,0.9473684210526315
llm_synth_expanded_659,synthetic,23,13,14,"[""PROCESS_START"", ""STEP_RELATION_SUGGESTION"", ""STEP_RELATIONS"", ""MENTION_SELECTED"", ""MENTION_SELECTED"", ""RELATION_CREATED"", ""MENTION_SELECTED"", ""MENTION_SELECTED"", ""RELATION_CREATED"", ""MENTION_SELECTED"", ""MENTION_SELECTED"", ""RELATION_CREATED"", ""MENTION_SELECTED"", ""MENTION_SELECTED""]",RELATION_CREATED,train,llm_synthetic_expanded,0.9285714285714286
llm_synth_expanded_880,synthetic,18,9,10,"[""PROCESS_START"", ""STEP_RELATION_SUGGESTION"", ""STEP_RELATIONS"", ""MENTION_SELECTED"", ""MENTION_SUGGESTION_BOUNDS_UPDATED"", ""MENTION_SELECTED"", ""MENTION_SELECTED"", ""RELATION_CREATED"", ""MENTION_SELECTED"", ""MENTION_SELECTED""]",RELATION_CREATED,train,llm_synthetic_expanded,0.9
llm_synth_expanded_209,synthetic,41,17,18,"[""PROCESS_START"", ""ENTITY_GROUPED"", ""MENTION_SELECTED"", ""MENTION_SELECTED"", ""ENTITY_GROUPED"", ""STEP_RELATION_SUGGESTION"", ""STEP_RELATIONS"", ""MENTION_SELECTED"", ""MENTION_SELECTED"", ""MENTION_DESELECTED"", ""MENTION_DESELECTED"", ""MENTION_SELECTED"", ""MENTION_DESELECTED"", ""MENTION_SELECTED"", ""MENTION_SELECTED"", ""RELATION_CREATED"", ""MENTION_SELECTED"", ""MENTION_SELECTED""]",RELATION_CREATED,train,llm_synthetic_expanded,0.9444444444444444
llm_synth_expanded_877,synthetic,15,6,7,"[""PROCESS_START"", ""STEP_RELATION_SUGGESTION"", ""STEP_RELATIONS"", ""MENTION_SELECTED"", ""MENTION_SUGGESTION_BOUNDS_UPDATED"", ""MENTION_SELECTED"", ""MENTION_SELECTED""]",RELATION_CREATED,train,llm_synthetic_expanded,0.8571428571428571
llm_synth_expanded_48,synthetic,33,7,8,"[""PROCESS_START"", ""STEP_RELATION_SUGGESTION"", ""STEP_RELATIONS"", ""MENTION_SELECTED"", ""MENTION_SELECTED"", ""RELATION_CREATED"", ""MENTION_SELECTED"", ""MENTION_SELECTED""]",RELATION_CREATED,train,llm_synthetic_expanded,0.875
llm_synth_expanded_705,synthetic,41,12,13,"[""MENTION_SELECTED"", ""MENTION_SELECTED"", ""ENTITY_GROUPED"", ""STEP_RELATION_SUGGESTION"", ""STEP_RELATIONS"", ""MENTION_SELECTED"", ""MENTION_SELECTED"", ""RELATION_CREATED"", ""MENTION_SELECTED"", ""MENTION_SELECTED"", ""RELATION_CREATED"", ""MENTION_SELECTED"", ""MENTION_SELECTED""]",RELATION_CREATED,train,llm_synthetic_expanded,1.0
llm_synth_expanded_327,synthetic,24,8,9,"[""RELATION_CREATED"", ""MENTION_SELECTED"", ""MENTION_SELECTED"", ""RELATION_CREATED"", ""MENTION_SELECTED"", ""MENTION_SELECTED"", ""RELATION_CREATED"", ""MENTION_SELECTED"", ""MENTION_SELECTED""]",RELATION_CREATED,train,llm_synthetic_expanded,1.0
llm_synth_expanded_874,synthetic,11,10,11,"[""PROCESS_START"", ""STEP_RELATION_SUGGESTION"", ""STEP_RELATIONS"", ""MENTION_SELECTED"", ""MENTION_SELECTED"", ""RELATION_CREATED"", ""MENTION_SELECTED"", ""MENTION_SELECTED"", ""RELATION_CREATED"", ""MENTION_SELECTED"", ""MENTION_SELECTED""]",RELATION_CREATED,train,llm_synthetic_expanded,0.9090909090909091
llm_synth_expanded_996,synthetic,11,18,19,"[""MENTION_SELECTED"", ""ENTITY_REMOVED"", ""MENTION_SELECTED"", ""MENTION_SELECTED"", ""RELATION_CREATED"", ""MENTION_SELECTED"", ""MENTION_SELECTED"", ""RELATION_CREATED"", ""MENTION_SELECTED"", ""MENTION_SELECTED"", ""RELATION_CREATED"", ""MENTION_SELECTED"", ""MENTION_SELECTED"", ""RELATION_CREATED"", ""MENTION_SELECTED"", ""MENTION_SELECTED"", ""RELATION_CREATED"", ""MENTION_SELECTED"", ""MENTION_SELECTED""]",RELATION_CREATED,train,llm_synthetic_expanded,0.9473684210526315
llm_synth_expanded_880,synthetic,18,18,19,"[""PROCESS_START"", ""STEP_RELATION_SUGGESTION"", ""STEP_RELATIONS"", ""MENTION_SELECTED"", ""MENTION_SUGGESTION_BOUNDS_UPDATED"", ""MENTION_SELECTED"", ""MENTION_SELECTED"", ""RELATION_CREATED"", ""MENTION_SELECTED"", ""MENTION_SELECTED"", ""RELATION_CREATED"", ""MENTION_SELECTED"", ""MENTION_SELECTED"", ""RELATION_CREATED"", ""MENTION_SELECTED"", ""MENTION_SELECTED"", ""RELATION_CREATED"", ""MENTION_SELECTED"", ""MENTION_SELECTED""]",RELATION_CREATED,train,llm_synthetic_expanded,0.9473684210526315
llm_synth_expanded_1011,synthetic,13,17,18,"[""MENTION_DESELECTED"", ""MENTION_SELECTED"", ""MENTION_SELECTED"", ""MENTION_DESELECTED"", ""ENTITY_GROUPED"", ""MENTION_DESELECTED"", ""MENTION_DESELECTED"", ""STEP_RELATION_SUGGESTION"", ""STEP_RELATIONS"", ""MENTION_SELECTED"", ""MENTION_SELECTED"", ""RELATION_CREATED"", ""MENTION_SELECTED"", ""MENTION_SELECTED"", ""RELATION_CREATED"", ""MENTION_SELECTED"", ""MENTION_SELECTED"", ""UNDO_ACTION""]",RELATION_CREATED,train,llm_synthetic_expanded,0.8888888888888888
llm_synth_expanded_211,synthetic,41,19,20,"[""PROCESS_START"", ""ENTITY_GROUPED"", ""MENTION_SELECTED"", ""MENTION_SELECTED"", ""ENTITY_GROUPED"", ""MENTION_SELECTED"", ""ENTITY_GROUPED"", ""STEP_RELATION_SUGGESTION"", ""STEP_RELATIONS"", ""MENTION_SELECTED"", ""MENTION_SELECTED"", ""MENTION_DESELECTED"", ""MENTION_DESELECTED"", ""MENTION_SELECTED"", ""MENTION_DESELECTED"", ""MENTION_SELECTED"", ""MENTION_SELECTED"", ""RELATION_CREATED"", ""MENTION_SELECTED"", ""MENTION_SELECTED""]",RELATION_CREATED,train,llm_synthetic_expanded,0.95
llm_synth_expanded_514,synthetic,11,1,2,"[""MENTION_SELECTED"", ""MENTION_SELECTED""]",RELATION_CREATED,train,llm_synthetic_expanded,1.0
llm_synth_expanded_207,synthetic,41,3,4,"[""PROCESS_START"", ""RELATION_CREATED"", ""MENTION_SELECTED"", ""MENTION_SELECTED""]",RELATION_CREATED,train,llm_synthetic_expanded,0.75
llm_synth_expanded_56,synthetic,42,8,9,"[""STEP_RELATION_SUGGESTION"", ""RELATION_SUGGESTION_REJECTED"", ""RELATION_SUGGESTION_MARKED"", ""RELATION_SUGGESTION_ACCEPTED"", ""RELATION_SUGGESTION_ACCEPTED"", ""RELATION_SUGGESTION_ACCEPTED"", ""STEP_RELATIONS"", ""MENTION_SELECTED"", ""MENTION_SELECTED""]",RELATION_CREATED,train,llm_synthetic_expanded,1.0
llm_synth_expanded_721,synthetic,11,6,7,"[""PROCESS_START"", ""MENTION_SELECTED"", ""MENTION_SELECTED"", ""MENTION_SELECTED"", ""RELATION_CREATED"", ""MENTION_SELECTED"", ""MENTION_SELECTED""]",RELATION_CREATED,train,llm_synthetic_expanded,0.8571428571428571
llm_synth_expanded_659,synthetic,23,4,5,"[""PROCESS_START"", ""STEP_RELATION_SUGGESTION"", ""STEP_RELATIONS"", ""MENTION_SELECTED"", ""MENTION_SELECTED""]",RELATION_CREATED,train,llm_synthetic_expanded,0.8
llm_synth_expanded_514,synthetic,11,12,13,"[""MENTION_SELECTED"", ""MENTION_SELECTED"", ""RELATION_CREATED"", ""MENTION_SELECTED"", ""MENTION_SELECTED"", ""RELATION_CREATED"", ""MENTION_SELECTED"", ""MENTION_DESELECTED"", ""MENTION_SELECTED"", ""MENTION_SELECTED"", ""RELATION_CREATED"", ""MENTION_SELECTED"", ""MENTION_SELECTED""]",RELATION_CREATED,train,llm_synthetic_expanded,1.0
llm_synth_expanded_996,synthetic,11,6,7,"[""MENTION_SELECTED"", ""ENTITY_REMOVED"", ""MENTION_SELECTED"", ""MENTION_SELECTED"", ""RELATION_CREATED"", ""MENTION_SELECTED"", ""MENTION_SELECTED""]",RELATION_CREATED,train,llm_synthetic_expanded,0.8571428571428571
llm_synth_expanded_1010,synthetic,13,13,14,"[""MENTION_SELECTED"", ""MENTION_SELECTED"", ""ENTITY_GROUPED"", ""MENTION_DESELECTED"", ""MENTION_SELECTED"", ""MENTION_SELECTED"", ""MENTION_DESELECTED"", ""ENTITY_GROUPED"", ""MENTION_DESELECTED"", ""MENTION_DESELECTED"", ""STEP_RELATION_SUGGESTION"", ""STEP_RELATIONS"", ""MENTION_SELECTED"", ""MENTION_SELECTED""]",RELATION_CREATED,train,llm_synthetic_expanded,1.0
llm_synth_expanded_654,synthetic,23,16,17,"[""PROCESS_START"", ""ENTITY_GROUPED"", ""STEP_RELATION_SUGGESTION"", ""STEP_RELATIONS"", ""MENTION_SELECTED"", ""MENTION_SELECTED"", ""RELATION_CREATED"", ""MENTION_SELECTED"", ""MENTION_SELECTED"", ""RELATION_CREATED"", ""MENTION_SELECTED"", ""MENTION_SELECTED"", ""RELATION_CREATED"", ""RELATION_DELETED"", ""RELATION_DELETED"", ""MENTION_SELECTED"", ""MENTION_SELECTED""]",RELATION_CREATED,train,llm_synthetic_expanded,0.9411764705882353
llm_synth_expanded_57,synthetic,42,8,9,"[""STEP_ENTITIES"", ""MENTION_SELECTED"", ""MENTION_SELECTED"", ""ENTITY_GROUPED"", ""MENTION_SELECTED"", ""MENTION_SELECTED"", ""ENTITY_GROUPED"", ""MENTION_SELECTED"", ""MENTION_SELECTED""]",RELATION_CREATED,train,llm_synthetic_expanded,1.0
llm_synth_expanded_123,synthetic,41,4,5,"[""PROCESS_START"", ""MENTION_SELECTED"", ""RELATION_CREATED"", ""MENTION_SELECTED"", ""MENTION_SELECTED""]",RELATION_CREATED,train,llm_synthetic_expanded,0.8
llm_synth_expanded_334,synthetic,11,13,14,"[""RELATION_CREATED"", ""MENTION_SELECTED"", ""MENTION_DESELECTED"", ""MENTION_SELECTED"", ""MENTION_SELECTED"", ""RELATION_CREATED"", ""MENTION_SELECTED"", ""MENTION_SELECTED"", ""RELATION_CREATED"", ""MENTION_SELECTED"", ""MENTION_SELECTED"", ""RELATION_CREATED"", ""MENTION_SELECTED"", ""MENTION_SELECTED""]",RELATION_CREATED,train,llm_synthetic_expanded,1.0
llm_synth_expanded_904,synthetic,41,8,9,"[""MENTION_DESELECTED"", ""MENTION_SELECTED"", ""MENTION_SELECTED"", ""RELATION_CREATED"", ""MENTION_SELECTED"", ""MENTION_SELECTED"", ""RELATION_CREATED"", ""MENTION_SELECTED"", ""MENTION_SELECTED""]",RELATION_CREATED,train,llm_synthetic_expanded,1.0
llm_synth_expanded_874,synthetic,11,4,5,"[""PROCESS_START"", ""STEP_RELATION_SUGGESTION"", ""STEP_RELATIONS"", ""MENTION_SELECTED"", ""MENTION_SELECTED""]",RELATION_CREATED,train,llm_synthetic_expanded,0.8
llm_synth_expanded_123,synthetic,41,16,17,"[""PROCESS_START"", ""MENTION_SELECTED"", ""RELATION_CREATED"", ""MENTION_SELECTED"", ""MENTION_SELECTED"", ""RELATION_CREATED"", ""MENTION_SELECTED"", ""MENTION_SELECTED"", ""RELATION_CREATED"", ""MENTION_SELECTED"", ""MENTION_SELECTED"", ""RELATION_CREATED"", ""MENTION_SELECTED"", ""MENTION_SELECTED"", ""RELATION_CREATED"", ""MENTION_SELECTED"", ""MENTION_SELECTED""]",RELATION_CREATED,train,llm_synthetic_expanded,0.9411764705882353
llm_synth_expanded_881,synthetic,19,6,7,"[""PROCESS_START"", ""STEP_RELATION_SUGGESTION"", ""STEP_RELATIONS"", ""MENTION_SELECTED"", ""MENTION_SUGGESTION_BOUNDS_UPDATED"", ""MENTION_SELECTED"", ""MENTION_SELECTED""]",RELATION_CREATED,train,llm_synthetic_expanded,0.8571428571428571
llm_synth_expanded_405,synthetic,43,11,12,"[""MENTION_SELECTED"", ""MENTION_SELECTED"", ""MENTION_SELECTED"", ""RELATION_CREATED"", ""MENTION_SELECTED"", ""MENTION_SELECTED"", ""RELATION_CREATED"", ""MENTION_SELECTED"", ""MENTION_SELECTED"", ""RELATION_CREATED"", ""MENTION_SELECTED"", ""MENTION_SELECTED""]",RELATION_CREATED,train,llm_synthetic_expanded,1.0
llm_synth_expanded_996,synthetic,11,3,4,"[""MENTION_SELECTED"", ""ENTITY_REMOVED"", ""MENTION_SELECTED"", ""MENTION_SELECTED""]",RELATION_CREATED,train,llm_synthetic_expanded,0.75
llm_synth_expanded_874,synthetic,11,13,14,"[""PROCESS_START"", ""STEP_RELATION_SUGGESTION"", ""STEP_RELATIONS"", ""MENTION_SELECTED"", ""MENTION_SELECTED"", ""RELATION_CREATED"", ""MENTION_SELECTED"", ""MENTION_SELECTED"", ""RELATION_CREATED"", ""MENTION_SELECTED"", ""MENTION_SELECTED"", ""RELATION_CREATED"", ""MENTION_SELECTED"", ""MENTION_SELECTED""]",RELATION_CREATED,train,llm_synthetic_expanded,0.9285714285714286
llm_synth_expanded_903,synthetic,41,8,9,"[""MENTION_SELECTED"", ""MENTION_SELECTED"", ""RELATION_CREATED"", ""MENTION_SELECTED"", ""MENTION_SELECTED"", ""RELATION_CREATED"", ""RELATION_DELETED"", ""MENTION_SELECTED"", ""MENTION_SELECTED""]",RELATION_CREATED,train,llm_synthetic_expanded,1.0
llm_synth_expanded_1011,synthetic,13,10,11,"[""MENTION_DESELECTED"", ""MENTION_SELECTED"", ""MENTION_SELECTED"", ""MENTION_DESELECTED"", ""ENTITY_GROUPED"", ""MENTION_DESELECTED"", ""MENTION_DESELECTED"", ""STEP_RELATION_SUGGESTION"", ""STEP_RELATIONS"", ""MENTION_SELECTED"", ""MENTION_SELECTED""]",RELATION_CREATED,train,llm_synthetic_expanded,1.0
llm_synth_expanded_335,synthetic,11,6,7,"[""MENTION_SELECTED"", ""MENTION_DESELECTED"", ""MENTION_SELECTED"", ""MENTION_SELECTED"", ""RELATION_CREATED"", ""MENTION_SELECTED"", ""MENTION_SELECTED""]",RELATION_CREATED,train,llm_synthetic_expanded,1.0
llm_synth_expanded_327,synthetic,24,11,12,"[""RELATION_CREATED"", ""MENTION_SELECTED"", ""MENTION_SELECTED"", ""RELATION_CREATED"", ""MENTION_SELECTED"", ""MENTION_SELECTED"", ""RELATION_CREATED"", ""MENTION_SELECTED"", ""MENTION_SELECTED"", ""RELATION_CREATED"", ""MENTION_SELECTED"", ""MENTION_SELECTED""]",RELATION_CREATED,train,llm_synthetic_expanded,1.0
llm_synth_expanded_720,synthetic,41,8,9,"[""PROCESS_START"", ""MENTION_SELECTED"", ""MENTION_SELECTED"", ""ENTITY_GROUPED"", ""MENTION_SELECTED"", ""MENTION_SELECTED"", ""MENTION_SUGGESTION_ACCEPTED"", ""MENTION_SELECTED"", ""MENTION_SELECTED""]",RELATION_CREATED,train,llm_synthetic_expanded,0.7777777777777778
llm_synth_expanded_231,synthetic,44,2,3,"[""PROCESS_START"", ""MENTION_SELECTED"", ""MENTION_SELECTED""]",RELATION_CREATED,train,llm_synthetic_expanded,0.6666666666666666
llm_synth_expanded_903,synthetic,41,1,2,"[""MENTION_SELECTED"", ""MENTION_SELECTED""]",RELATION_CREATED,train,llm_synthetic_expanded,1.0
llm_synth_expanded_1201,synthetic,41,14,15,"[""PROCESS_START"", ""RELATION_CREATED"", ""MENTION_SELECTED"", ""MENTION_SELECTED"", ""RELATION_CREATED"", ""MENTION_SELECTED"", ""MENTION_SELECTED"", ""RELATION_CREATED"", ""MENTION_SELECTED"", ""MENTION_SELECTED"", ""RELATION_CREATED"", ""MENTION_SELECTED"", ""MENTION_SELECTED"", ""MENTION_DESELECTED"", ""MENTION_SELECTED""]",RELATION_CREATED,train,llm_synthetic_expanded,0.9333333333333333
llm_synth_expanded_881,synthetic,19,15,16,"[""PROCESS_START"", ""STEP_RELATION_SUGGESTION"", ""STEP_RELATIONS"", ""MENTION_SELECTED"", ""MENTION_SUGGESTION_BOUNDS_UPDATED"", ""MENTION_SELECTED"", ""MENTION_SELECTED"", ""RELATION_CREATED"", ""MENTION_SELECTED"", ""MENTION_SELECTED"", ""RELATION_CREATED"", ""MENTION_SELECTED"", ""MENTION_SELECTED"", ""RELATION_CREATED"", ""MENTION_SELECTED"", ""MENTION_SELECTED""]",RELATION_CREATED,train,llm_synthetic_expanded,0.9375
llm_synth_expanded_334,synthetic,11,10,11,"[""RELATION_CREATED"", ""MENTION_SELECTED"", ""MENTION_DESELECTED"", ""MENTION_SELECTED"", ""MENTION_SELECTED"", ""RELATION_CREATED"", ""MENTION_SELECTED"", ""MENTION_SELECTED"", ""RELATION_CREATED"", ""MENTION_SELECTED"", ""MENTION_SELECTED""]",RELATION_CREATED,train,llm_synthetic_expanded,1.0
llm_synth_expanded_211,synthetic,41,16,17,"[""PROCESS_START"", ""ENTITY_GROUPED"", ""MENTION_SELECTED"", ""MENTION_SELECTED"", ""ENTITY_GROUPED"", ""MENTION_SELECTED"", ""ENTITY_GROUPED"", ""STEP_RELATION_SUGGESTION"", ""STEP_RELATIONS"", ""MENTION_SELECTED"", ""MENTION_SELECTED"", ""MENTION_DESELECTED"", ""MENTION_DESELECTED"", ""MENTION_SELECTED"", ""MENTION_DESELECTED"", ""MENTION_SELECTED"", ""MENTION_SELECTED""]",RELATION_CREATED,train,llm_synthetic_expanded,0.9411764705882353
llm_synth_expanded_654,synthetic,23,11,12,"[""PROCESS_START"", ""ENTITY_GROUPED"", ""STEP_RELATION_SUGGESTION"", ""STEP_RELATIONS"", ""MENTION_SELECTED"", ""MENTION_SELECTED"", ""RELATION_CREATED"", ""MENTION_SELECTED"", ""MENTION_SELECTED"", ""RELATION_CREATED"", ""MENTION_SELECTED"", ""MENTION_SELECTED""]",RELATION_CREATED,train,llm_synthetic_expanded,0.9166666666666666
llm_synth_expanded_126,synthetic,41,8,9,"[""PROCESS_START"", ""TOKEN_SELECTED"", ""MENTION_SELECTED"", ""RELATION_CREATED"", ""MENTION_SELECTED"", ""MENTION_SELECTED"", ""RELATION_CREATED"", ""MENTION_SELECTED"", ""MENTION_SELECTED""]",RELATION_CREATED,train,llm_synthetic_expanded,0.8888888888888888
llm_synth_expanded_334,synthetic,11,7,8,"[""RELATION_CREATED"", ""MENTION_SELECTED"", ""MENTION_DESELECTED"", ""MENTION_SELECTED"", ""MENTION_SELECTED"", ""RELATION_CREATED"", ""MENTION_SELECTED"", ""MENTION_SELECTED""]",RELATION_CREATED,train,llm_synthetic_expanded,1.0
llm_synth_expanded_879,synthetic,17,18,19,"[""PROCESS_START"", ""STEP_RELATION_SUGGESTION"", ""STEP_RELATIONS"", ""MENTION_SELECTED"", ""MENTION_SUGGESTION_BOUNDS_UPDATED"", ""MENTION_SELECTED"", ""MENTION_SELECTED"", ""RELATION_CREATED"", ""MENTION_SELECTED"", ""MENTION_SELECTED"", ""RELATION_CREATED"", ""MENTION_SELECTED"", ""MENTION_SELECTED"", ""RELATION_CREATED"", ""MENTION_SELECTED"", ""MENTION_SELECTED"", ""RELATION_CREATED"", ""MENTION_SELECTED"", ""MENTION_SELECTED""]",RELATION_CREATED,train,llm_synthetic_expanded,0.9473684210526315
llm_synth_expanded_1182,synthetic,31,8,9,"[""PROCESS_START"", ""MENTION_SELECTED"", ""MENTION_SELECTED"", ""RELATION_CREATED"", ""MENTION_SELECTED"", ""MENTION_SELECTED"", ""RELATION_CREATED"", ""MENTION_SELECTED"", ""MENTION_SELECTED""]",RELATION_CREATED,train,llm_synthetic_expanded,0.8888888888888888
llm_synth_expanded_868,synthetic,43,12,13,"[""MENTION_SELECTED"", ""MENTION_SELECTED"", ""MENTION_DESELECTED"", ""MENTION_DESELECTED"", ""MENTION_SELECTED"", ""MENTION_SELECTED"", ""RELATION_CREATED"", ""MENTION_SELECTED"", ""MENTION_SELECTED"", ""MENTION_DESELECTED"", ""MENTION_DESELECTED"", ""MENTION_SELECTED"", ""MENTION_SELECTED""]",RELATION_CREATED,train,llm_synthetic_expanded,1.0
llm_synth_expanded_207,synthetic,41,12,13,"[""PROCESS_START"", ""RELATION_CREATED"", ""MENTION_SELECTED"", ""MENTION_SELECTED"", ""RELATION_CREATED"", ""MENTION_SELECTED"", ""MENTION_SELECTED"", ""RELATION_CREATED"", ""MENTION_SELECTED"", ""MENTION_SELECTED"", ""RELATION_CREATED"", ""MENTION_SELECTED"", ""MENTION_SELECTED""]",RELATION_CREATED,train,llm_synthetic_expanded,0.9230769230769231
llm_synth_expanded_879,synthetic,17,9,10,"[""PROCESS_START"", ""STEP_RELATION_SUGGESTION"", ""STEP_RELATIONS"", ""MENTION_SELECTED"", ""MENTION_SUGGESTION_BOUNDS_UPDATED"", ""MENTION_SELECTED"", ""MENTION_SELECTED"", ""RELATION_CREATED"", ""MENTION_SELECTED"", ""MENTION_SELECTED""]",RELATION_CREATED,train,llm_synthetic_expanded,0.9
llm_synth_expanded_1013,synthetic,13,15,16,"[""MENTION_SELECTED"", ""MENTION_SELECTED"", ""MENTION_DESELECTED"", ""MENTION_SELECTED"", ""MENTION_SELECTED"", ""ENTITY_GROUPED"", ""MENTION_DESELECTED"", ""MENTION_DESELECTED"", ""MENTION_DESELECTED"", ""ENTITY_GROUPED"", ""MENTION_DESELECTED"", ""MENTION_DESELECTED"", ""STEP_RELATION_SUGGESTION"", ""STEP_RELATIONS"", ""MENTION_SELECTED"", ""MENTION_SELECTED""]",RELATION_CREATED,train,llm_synthetic_expanded,1.0
llm_synth_expanded_30,synthetic,33,4,5,"[""MENTION_SELECTED"", ""MENTION_SELECTED"", ""ENTITY_GROUPED"", ""MENTION_SELECTED"", ""MENTION_SELECTED""]",RELATION_CREATED,train,llm_synthetic_expanded,1.0
llm_synth_expanded_327,synthetic,24,5,6,"[""RELATION_CREATED"", ""MENTION_SELECTED"", ""MENTION_SELECTED"", ""RELATION_CREATED"", ""MENTION_SELECTED"", ""MENTION_SELECTED""]",RELATION_CREATED,train,llm_synthetic_expanded,1.0
llm_synth_expanded_877,synthetic,15,15,16,"[""PROCESS_START"", ""STEP_RELATION_SUGGESTION"", ""STEP_RELATIONS"", ""MENTION_SELECTED"", ""MENTION_SUGGESTION_BOUNDS_UPDATED"", ""MENTION_SELECTED"", ""MENTION_SELECTED"", ""RELATION_CREATED"", ""MENTION_SELECTED"", ""MENTION_SELECTED"", ""RELATION_CREATED"", ""MENTION_SELECTED"", ""MENTION_SELECTED"", ""RELATION_CREATED"", ""MENTION_SELECTED"", ""MENTION_SELECTED""]",RELATION_CREATED,train,llm_synthetic_expanded,0.9375
llm_synth_expanded_868,synthetic,43,15,16,"[""MENTION_SELECTED"", ""MENTION_SELECTED"", ""MENTION_DESELECTED"", ""MENTION_DESELECTED"", ""MENTION_SELECTED"", ""MENTION_SELECTED"", ""RELATION_CREATED"", ""MENTION_SELECTED"", ""MENTION_SELECTED"", ""MENTION_DESELECTED"", ""MENTION_DESELECTED"", ""MENTION_SELECTED"", ""MENTION_SELECTED"", ""RELATION_CREATED"", ""MENTION_SELECTED"", ""MENTION_SELECTED""]",RELATION_CREATED,train,llm_synthetic_expanded,1.0
llm_synth_expanded_878,synthetic,16,6,7,"[""PROCESS_START"", ""STEP_RELATION_SUGGESTION"", ""STEP_RELATIONS"", ""MENTION_SELECTED"", ""MENTION_SUGGESTION_BOUNDS_UPDATED"", ""MENTION_SELECTED"", ""MENTION_SELECTED""]",RELATION_CREATED,train,llm_synthetic_expanded,0.8571428571428571
llm_synth_expanded_704,synthetic,41,17,18,"[""MENTION_SELECTED"", ""MENTION_SELECTED"", ""ENTITY_GROUPED"", ""STEP_RELATION_SUGGESTION"", ""STEP_RELATIONS"", ""MENTION_SELECTED"", ""MENTION_SELECTED"", ""RELATION_CREATED"", ""MENTION_SELECTED"", ""MENTION_DESELECTED"", ""MENTION_SELECTED"", ""MENTION_SELECTED"", ""RELATION_CREATED"", ""MENTION_SELECTED"", ""MENTION_SELECTED"", ""RELATION_CREATED"", ""MENTION_SELECTED"", ""MENTION_SELECTED""]",RELATION_CREATED,train,llm_synthetic_expanded,1.0
llm_synth_expanded_701,synthetic,41,14,15,"[""RELATION_CREATED"", ""MENTION_SELECTED"", ""MENTION_SELECTED"", ""RELATION_CREATED"", ""MENTION_SELECTED"", ""MENTION_SELECTED"", ""RELATION_CREATED"", ""MENTION_SELECTED"", ""MENTION_SELECTED"", ""RELATION_CREATED"", ""MENTION_SELECTED"", ""MENTION_SELECTED"", ""RELATION_CREATED"", ""MENTION_SELECTED"", ""MENTION_SELECTED""]",RELATION_CREATED,train,llm_synthetic_expanded,1.0
llm_synth_expanded_838,synthetic,23,9,10,"[""STEP_RELATIONS"", ""MENTION_SELECTED"", ""MENTION_SELECTED"", ""RELATION_CREATED"", ""RELATION_DELETED"", ""MENTION_SELECTED"", ""MENTION_SELECTED"", ""RELATION_CREATED"", ""MENTION_SELECTED"", ""MENTION_SELECTED""]",RELATION_CREATED,train,llm_synthetic_expanded,1.0
llm_synth_expanded_654,synthetic,23,8,9,"[""PROCESS_START"", ""ENTITY_GROUPED"", ""STEP_RELATION_SUGGESTION"", ""STEP_RELATIONS"", ""MENTION_SELECTED"", ""MENTION_SELECTED"", ""RELATION_CREATED"", ""MENTION_SELECTED"", ""MENTION_SELECTED""]",RELATION_CREATED,train,llm_synthetic_expanded,0.8888888888888888
llm_synth_expanded_513,synthetic,11,3,4,"[""STEP_RELATION_SUGGESTION"", ""STEP_RELATIONS"", ""MENTION_SELECTED"", ""MENTION_SELECTED""]",RELATION_CREATED,train,llm_synthetic_expanded,1.0
llm_synth_expanded_839,synthetic,23,17,18,"[""MENTION_SELECTED"", ""MENTION_SELECTED"", ""MENTION_SELECTED"", ""ENTITY_GROUPED"", ""MENTION_SELECTED"", ""MENTION_SELECTED"", ""ENTITY_GROUPED"", ""STEP_RELATION_SUGGESTION"", ""STEP_RELATIONS"", ""MENTION_SELECTED"", ""MENTION_SELECTED"", ""RELATION_CREATED"", ""RELATION_DELETED"", ""MENTION_SELECTED"", ""MENTION_SELECTED"", ""RELATION_CREATED"", ""MENTION_SELECTED"", ""MENTION_SELECTED""]",RELATION_CREATED,train,llm_synthetic_expanded,1.0
llm_synth_expanded_1239,synthetic,43,3,4,"[""PROCESS_START"", ""MENTION_SELECTED"", ""MENTION_SELECTED"", ""MENTION_SELECTED""]",RELATION_CREATED,train,llm_synthetic_expanded,0.75
llm_synth_expanded_126,synthetic,41,5,6,"[""PROCESS_START"", ""TOKEN_SELECTED"", ""MENTION_SELECTED"", ""RELATION_CREATED"", ""MENTION_SELECTED"", ""MENTION_SELECTED""]",RELATION_CREATED,train,llm_synthetic_expanded,0.8333333333333334
llm_synth_expanded_996,synthetic,11,9,10,"[""MENTION_SELECTED"", ""ENTITY_REMOVED"", ""MENTION_SELECTED"", ""MENTION_SELECTED"", ""RELATION_CREATED"", ""MENTION_SELECTED"", ""MENTION_SELECTED"", ""RELATION_CREATED"", ""MENTION_SELECTED"", ""MENTION_SELECTED""]",RELATION_CREATED,train,llm_synthetic_expanded,0.9
llm_synth_expanded_405,synthetic,43,8,9,"[""MENTION_SELECTED"", ""MENTION_SELECTED"", ""MENTION_SELECTED"", ""RELATION_CREATED"", ""MENTION_SELECTED"", ""MENTION_SELECTED"", ""RELATION_CREATED"", ""MENTION_SELECTED"", ""MENTION_SELECTED""]",RELATION_CREATED,train,llm_synthetic_expanded,1.0
llm_synth_expanded_705,synthetic,41,15,16,"[""MENTION_SELECTED"", ""MENTION_SELECTED"", ""ENTITY_GROUPED"", ""STEP_RELATION_SUGGESTION"", ""STEP_RELATIONS"", ""MENTION_SELECTED"", ""MENTION_SELECTED"", ""RELATION_CREATED"", ""MENTION_SELECTED"", ""MENTION_SELECTED"", ""RELATION_CREATED"", ""MENTION_SELECTED"", ""MENTION_SELECTED"", ""RELATION_CREATED"", ""MENTION_SELECTED"", ""MENTION_SELECTED""]",RELATION_CREATED,train,llm_synthetic_expanded,1.0
llm_synth_expanded_123,synthetic,41,7,8,"[""PROCESS_START"", ""MENTION_SELECTED"", ""RELATION_CREATED"", ""MENTION_SELECTED"", ""MENTION_SELECTED"", ""RELATION_CREATED"", ""MENTION_SELECTED"", ""MENTION_SELECTED""]",RELATION_CREATED,train,llm_synthetic_expanded,0.875
llm_synth_expanded_659,synthetic,23,7,8,"[""PROCESS_START"", ""STEP_RELATION_SUGGESTION"", ""STEP_RELATIONS"", ""MENTION_SELECTED"", ""MENTION_SELECTED"", ""RELATION_CREATED"", ""MENTION_SELECTED"", ""MENTION_SELECTED""]",RELATION_CREATED,train,llm_synthetic_expanded,0.875
llm_synth_expanded_903,synthetic,41,17,18,"[""MENTION_SELECTED"", ""MENTION_SELECTED"", ""RELATION_CREATED"", ""MENTION_SELECTED"", ""MENTION_SELECTED"", ""RELATION_CREATED"", ""RELATION_DELETED"", ""MENTION_SELECTED"", ""MENTION_SELECTED"", ""RELATION_CREATED"", ""MENTION_SELECTED"", ""MENTION_SELECTED"", ""RELATION_CREATED"", ""MENTION_SELECTED"", ""MENTION_SELECTED"", ""RELATION_CREATED"", ""MENTION_SELECTED"", ""MENTION_SELECTED""]",RELATION_CREATED,train,llm_synthetic_expanded,1.0
llm_synth_expanded_704,synthetic,41,14,15,"[""MENTION_SELECTED"", ""MENTION_SELECTED"", ""ENTITY_GROUPED"", ""STEP_RELATION_SUGGESTION"", ""STEP_RELATIONS"", ""MENTION_SELECTED"", ""MENTION_SELECTED"", ""RELATION_CREATED"", ""MENTION_SELECTED"", ""MENTION_DESELECTED"", ""MENTION_SELECTED"", ""MENTION_SELECTED"", ""RELATION_CREATED"", ""MENTION_SELECTED"", ""MENTION_SELECTED""]",RELATION_CREATED,train,llm_synthetic_expanded,1.0
llm_synth_expanded_654,synthetic,23,12,13,"[""PROCESS_START"", ""ENTITY_GROUPED"", ""STEP_RELATION_SUGGESTION"", ""STEP_RELATIONS"", ""MENTION_SELECTED"", ""MENTION_SELECTED"", ""RELATION_CREATED"", ""MENTION_SELECTED"", ""MENTION_SELECTED"", ""RELATION_CREATED"", ""MENTION_SELECTED"", ""MENTION_SELECTED"", ""RELATION_CREATED""]",RELATION_DELETED,train,llm_synthetic_expanded,0.9230769230769231
llm_synth_expanded_654,synthetic,23,13,14,"[""PROCESS_START"", ""ENTITY_GROUPED"", ""STEP_RELATION_SUGGESTION"", ""STEP_RELATIONS"", ""MENTION_SELECTED"", ""MENTION_SELECTED"", ""RELATION_CREATED"", ""MENTION_SELECTED"", ""MENTION_SELECTED"", ""RELATION_CREATED"", ""MENTION_SELECTED"", ""MENTION_SELECTED"", ""RELATION_CREATED"", ""RELATION_DELETED""]",RELATION_DELETED,train,llm_synthetic_expanded,0.9285714285714286
llm_synth_expanded_903,synthetic,41,5,6,"[""MENTION_SELECTED"", ""MENTION_SELECTED"", ""RELATION_CREATED"", ""MENTION_SELECTED"", ""MENTION_SELECTED"", ""RELATION_CREATED""]",RELATION_DELETED,train,llm_synthetic_expanded,1.0
llm_synth_expanded_837,synthetic,23,11,12,"[""MENTION_SELECTED"", ""ENTITY_GROUPED"", ""MENTION_SELECTED"", ""MENTION_SELECTED"", ""ENTITY_GROUPED"", ""TOKEN_SELECTED"", ""MENTION_CREATED"", ""STEP_RELATION_SUGGESTION"", ""STEP_RELATIONS"", ""MENTION_SELECTED"", ""MENTION_SELECTED"", ""RELATION_CREATED""]",RELATION_DELETED,train,llm_synthetic_expanded,1.0
llm_synth_expanded_839,synthetic,23,11,12,"[""MENTION_SELECTED"", ""MENTION_SELECTED"", ""MENTION_SELECTED"", ""ENTITY_GROUPED"", ""MENTION_SELECTED"", ""MENTION_SELECTED"", ""ENTITY_GROUPED"", ""STEP_RELATION_SUGGESTION"", ""STEP_RELATIONS"", ""MENTION_SELECTED"", ""MENTION_SELECTED"", ""RELATION_CREATED""]",RELATION_DELETED,train,llm_synthetic_expanded,1.0
llm_synth_expanded_838,synthetic,23,3,4,"[""STEP_RELATIONS"", ""MENTION_SELECTED"", ""MENTION_SELECTED"", ""RELATION_CREATED""]",RELATION_DELETED,train,llm_synthetic_expanded,1.0
llm_synth_expanded_344,synthetic,44,21,22,"[""PROCESS_START"", ""MENTION_CREATED"", ""TOKEN_SELECTED"", ""TOKEN_SELECTED"", ""TOKEN_SELECTED"", ""MENTION_CREATED"", ""STEP_ENTITIES"", ""MENTION_SELECTED"", ""MENTION_SELECTED"", ""MENTION_SELECTED"", ""ENTITY_GROUPED"", ""MENTION_SELECTED"", ""MENTION_SELECTED"", ""MENTION_DESELECTED"", ""MENTION_DESELECTED"", ""MENTION_DESELECTED"", ""ENTITY_GROUPED"", ""STEP_RELATION_SUGGESTION"", ""RELATION_SUGGESTION_MARKED"", ""RELATION_SUGGESTION_REJECTED"", ""RELATION_SUGGESTION_ACCEPTED"", ""RELATION_SUGGESTION_ACCEPTED""]",RELATION_SUGGESTION_ACCEPTED,train,llm_synthetic_expanded,0.9545454545454546
llm_synth_expanded_342,synthetic,44,20,21,"[""PROCESS_START"", ""MENTION_CREATED"", ""TOKEN_SELECTED"", ""TOKEN_SELECTED"", ""TOKEN_SELECTED"", ""MENTION_CREATED"", ""STEP_ENTITIES"", ""MENTION_SELECTED"", ""MENTION_SELECTED"", ""MENTION_SELECTED"", ""ENTITY_GROUPED"", ""MENTION_SELECTED"", ""MENTION_SELECTED"", ""MENTION_DESELECTED"", ""MENTION_DESELECTED"", ""MENTION_DESELECTED"", ""ENTITY_GROUPED"", ""STEP_RELATION_SUGGESTION"", ""RELATION_SUGGESTION_REJECTED"", ""RELATION_SUGGESTION_REJECTED"", ""RELATION_SUGGESTION_ACCEPTED""]",RELATION_SUGGESTION_ACCEPTED,train,llm_synthetic_expanded,0.9523809523809523
llm_synth_expanded_338,synthetic,44,19,20,"[""PROCESS_START"", ""MENTION_CREATED"", ""TOKEN_SELECTED"", ""MENTION_CREATED"", ""TOKEN_SELECTED"", ""TOKEN_SELECTED"", ""MENTION_CREATED"", ""STEP_ENTITIES"", ""MENTION_SELECTED"", ""MENTION_SELECTED"", ""MENTION_SELECTED"", ""ENTITY_GROUPED"", ""MENTION_SELECTED"", ""MENTION_SELECTED"", ""ENTITY_GROUPED"", ""STEP_RELATION_SUGGESTION"", ""RELATION_SUGGESTION_REJECTED"", ""RELATION_SUGGESTION_REJECTED"", ""RELATION_SUGGESTION_ACCEPTED"", ""UNDO_ACTION""]",RELATION_SUGGESTION_ACCEPTED,train,llm_synthetic_expanded,0.95
llm_synth_expanded_567,synthetic,36,3,4,"[""PROCESS_START"", ""STEP_RELATION_SUGGESTION"", ""RELATION_SUGGESTION_ACCEPTED"", ""RELATION_SUGGESTION_REJECTED""]",RELATION_SUGGESTION_ACCEPTED,train,llm_synthetic_expanded,0.75
llm_synth_expanded_568,synthetic,37,5,6,"[""PROCESS_START"", ""STEP_RELATION_SUGGESTION"", ""RELATION_SUGGESTION_ACCEPTED"", ""RELATION_SUGGESTION_REJECTED"", ""RELATION_SUGGESTION_ACCEPTED"", ""RELATION_SUGGESTION_ACCEPTED""]",RELATION_SUGGESTION_ACCEPTED,train,llm_synthetic_expanded,0.8333333333333334
llm_synth_expanded_566,synthetic,35,1,2,"[""PROCESS_START"", ""STEP_RELATION_SUGGESTION""]",RELATION_SUGGESTION_ACCEPTED,train,llm_synthetic_expanded,0.5
llm_synth_expanded_339,synthetic,44,16,17,"[""PROCESS_START"", ""TOKEN_SELECTED"", ""TOKEN_SELECTED"", ""TOKEN_SELECTED"", ""MENTION_CREATED"", ""STEP_ENTITIES"", ""MENTION_SELECTED"", ""MENTION_SELECTED"", ""MENTION_SELECTED"", ""ENTITY_GROUPED"", ""MENTION_SELECTED"", ""MENTION_SELECTED"", ""MENTION_SELECTED"", ""ENTITY_GROUPED"", ""STEP_RELATION_SUGGESTION"", ""RELATION_SUGGESTION_REJECTED"", ""RELATION_SUGGESTION_REJECTED""]",RELATION_SUGGESTION_ACCEPTED,train,llm_synthetic_expanded,0.9411764705882353
llm_synth_expanded_566,synthetic,35,3,4,"[""PROCESS_START"", ""STEP_RELATION_SUGGESTION"", ""RELATION_SUGGESTION_ACCEPTED"", ""RELATION_SUGGESTION_REJECTED""]",RELATION_SUGGESTION_ACCEPTED,train,llm_synthetic_expanded,0.75
llm_synth_expanded_565,synthetic,34,3,4,"[""PROCESS_START"", ""MENTION_SUGGESTION_ACCEPTED"", ""STEP_RELATION_SUGGESTION"", ""RELATION_SUGGESTION_ACCEPTED""]",RELATION_SUGGESTION_ACCEPTED,train,llm_synthetic_expanded,0.5
llm_synth_expanded_344,synthetic,44,20,21,"[""PROCESS_START"", ""MENTION_CREATED"", ""TOKEN_SELECTED"", ""TOKEN_SELECTED"", ""TOKEN_SELECTED"", ""MENTION_CREATED"", ""STEP_ENTITIES"", ""MENTION_SELECTED"", ""MENTION_SELECTED"", ""MENTION_SELECTED"", ""ENTITY_GROUPED"", ""MENTION_SELECTED"", ""MENTION_SELECTED"", ""MENTION_DESELECTED"", ""MENTION_DESELECTED"", ""MENTION_DESELECTED"", ""ENTITY_GROUPED"", ""STEP_RELATION_SUGGESTION"", ""RELATION_SUGGESTION_MARKED"", ""RELATION_SUGGESTION_REJECTED"", ""RELATION_SUGGESTION_ACCEPTED""]",RELATION_SUGGESTION_ACCEPTED,train,llm_synthetic_expanded,0.9523809523809523
llm_synth_expanded_339,synthetic,44,19,20,"[""PROCESS_START"", ""TOKEN_SELECTED"", ""TOKEN_SELECTED"", ""TOKEN_SELECTED"", ""MENTION_CREATED"", ""STEP_ENTITIES"", ""MENTION_SELECTED"", ""MENTION_SELECTED"", ""MENTION_SELECTED"", ""ENTITY_GROUPED"", ""MENTION_SELECTED"", ""MENTION_SELECTED"", ""MENTION_SELECTED"", ""ENTITY_GROUPED"", ""STEP_RELATION_SUGGESTION"", ""RELATION_SUGGESTION_REJECTED"", ""RELATION_SUGGESTION_REJECTED"", ""RELATION_SUGGESTION_ACCEPTED"", ""RELATION_SUGGESTION_ACCEPTED"", ""UNDO_ACTION""]",RELATION_SUGGESTION_ACCEPTED,train,llm_synthetic_expanded,0.95
llm_synth_expanded_344,synthetic,44,19,20,"[""PROCESS_START"", ""MENTION_CREATED"", ""TOKEN_SELECTED"", ""TOKEN_SELECTED"", ""TOKEN_SELECTED"", ""MENTION_CREATED"", ""STEP_ENTITIES"", ""MENTION_SELECTED"", ""MENTION_SELECTED"", ""MENTION_SELECTED"", ""ENTITY_GROUPED"", ""MENTION_SELECTED"", ""MENTION_SELECTED"", ""MENTION_DESELECTED"", ""MENTION_DESELECTED"", ""MENTION_DESELECTED"", ""ENTITY_GROUPED"", ""STEP_RELATION_SUGGESTION"", ""RELATION_SUGGESTION_MARKED"", ""RELATION_SUGGESTION_REJECTED""]",RELATION_SUGGESTION_ACCEPTED,train,llm_synthetic_expanded,0.95
llm_synth_expanded_342,synthetic,44,19,20,"[""PROCESS_START"", ""MENTION_CREATED"", ""TOKEN_SELECTED"", ""TOKEN_SELECTED"", ""TOKEN_SELECTED"", ""MENTION_CREATED"", ""STEP_ENTITIES"", ""MENTION_SELECTED"", ""MENTION_SELECTED"", ""MENTION_SELECTED"", ""ENTITY_GROUPED"", ""MENTION_SELECTED"", ""MENTION_SELECTED"", ""MENTION_DESELECTED"", ""MENTION_DESELECTED"", ""MENTION_DESELECTED"", ""ENTITY_GROUPED"", ""STEP_RELATION_SUGGESTION"", ""RELATION_SUGGESTION_REJECTED"", ""RELATION_SUGGESTION_REJECTED""]",RELATION_SUGGESTION_ACCEPTED,train,llm_synthetic_expanded,0.95
llm_synth_expanded_568,synthetic,37,1,2,"[""PROCESS_START"", ""STEP_RELATION_SUGGESTION""]",RELATION_SUGGESTION_ACCEPTED,train,llm_synthetic_expanded,0.5
llm_synth_expanded_340,synthetic,44,16,17,"[""PROCESS_START"", ""MENTION_CREATED"", ""TOKEN_SELECTED"", ""TOKEN_SELECTED"", ""TOKEN_SELECTED"", ""MENTION_CREATED"", ""STEP_ENTITIES"", ""MENTION_SELECTED"", ""MENTION_SELECTED"", ""MENTION_SELECTED"", ""ENTITY_GROUPED"", ""MENTION_SELECTED"", ""MENTION_SELECTED"", ""ENTITY_GROUPED"", ""STEP_RELATION_SUGGESTION"", ""RELATION_SUGGESTION_REJECTED"", ""RELATION_SUGGESTION_REJECTED""]",RELATION_SUGGESTION_ACCEPTED,train,llm_synthetic_expanded,0.9411764705882353
llm_synth_expanded_345,synthetic,44,17,18,"[""PROCESS_START"", ""TOKEN_SELECTED"", ""TOKEN_SELECTED"", ""TOKEN_SELECTED"", ""MENTION_CREATED"", ""STEP_ENTITIES"", ""MENTION_SELECTED"", ""MENTION_SELECTED"", ""MENTION_SELECTED"", ""ENTITY_GROUPED"", ""MENTION_SELECTED"", ""MENTION_SELECTED"", ""MENTION_SELECTED"", ""ENTITY_GROUPED"", ""STEP_RELATION_SUGGESTION"", ""RELATION_SUGGESTION_MARKED"", ""RELATION_SUGGESTION_REJECTED"", ""RELATION_SUGGESTION_ACCEPTED""]",RELATION_SUGGESTION_ACCEPTED,train,llm_synthetic_expanded,0.9444444444444444
llm_synth_expanded_56,synthetic,42,2,3,"[""STEP_RELATION_SUGGESTION"", ""RELATION_SUGGESTION_REJECTED"", ""RELATION_SUGGESTION_MARKED""]",RELATION_SUGGESTION_ACCEPTED,train,llm_synthetic_expanded,1.0
llm_synth_expanded_567,synthetic,36,5,6,"[""PROCESS_START"", ""STEP_RELATION_SUGGESTION"", ""RELATION_SUGGESTION_ACCEPTED"", ""RELATION_SUGGESTION_REJECTED"", ""RELATION_SUGGESTION_ACCEPTED"", ""RELATION_SUGGESTION_ACCEPTED""]",RELATION_SUGGESTION_ACCEPTED,train,llm_synthetic_expanded,0.8333333333333334
llm_synth_expanded_338,synthetic,44,20,21,"[""PROCESS_START"", ""MENTION_CREATED"", ""TOKEN_SELECTED"", ""MENTION_CREATED"", ""TOKEN_SELECTED"", ""TOKEN_SELECTED"", ""MENTION_CREATED"", ""STEP_ENTITIES"", ""MENTION_SELECTED"", ""MENTION_SELECTED"", ""MENTION_SELECTED"", ""ENTITY_GROUPED"", ""MENTION_SELECTED"", ""MENTION_SELECTED"", ""ENTITY_GROUPED"", ""STEP_RELATION_SUGGESTION"", ""RELATION_SUGGESTION_REJECTED"", ""RELATION_SUGGESTION_REJECTED"", ""RELATION_SUGGESTION_ACCEPTED"", ""UNDO_ACTION"", ""RELATION_SUGGESTION_ACCEPTED""]",RELATION_SUGGESTION_ACCEPTED,train,llm_synthetic_expanded,0.9523809523809523
llm_synth_expanded_340,synthetic,44,19,20,"[""PROCESS_START"", ""MENTION_CREATED"", ""TOKEN_SELECTED"", ""TOKEN_SELECTED"", ""TOKEN_SELECTED"", ""MENTION_CREATED"", ""STEP_ENTITIES"", ""MENTION_SELECTED"", ""MENTION_SELECTED"", ""MENTION_SELECTED"", ""ENTITY_GROUPED"", ""MENTION_SELECTED"", ""MENTION_SELECTED"", ""ENTITY_GROUPED"", ""STEP_RELATION_SUGGESTION"", ""RELATION_SUGGESTION_REJECTED"", ""RELATION_SUGGESTION_REJECTED"", ""RELATION_SUGGESTION_ACCEPTED"", ""RELATION_SUGGESTION_ACCEPTED"", ""UNDO_ACTION""]",RELATION_SUGGESTION_ACCEPTED,train,llm_synthetic_expanded,0.95
llm_synth_expanded_56,synthetic,42,3,4,"[""STEP_RELATION_SUGGESTION"", ""RELATION_SUGGESTION_REJECTED"", ""RELATION_SUGGESTION_MARKED"", ""RELATION_SUGGESTION_ACCEPTED""]",RELATION_SUGGESTION_ACCEPTED,train,llm_synthetic_expanded,1.0
llm_synth_expanded_566,synthetic,35,4,5,"[""PROCESS_START"", ""STEP_RELATION_SUGGESTION"", ""RELATION_SUGGESTION_ACCEPTED"", ""RELATION_SUGGESTION_REJECTED"", ""RELATION_SUGGESTION_ACCEPTED""]",RELATION_SUGGESTION_ACCEPTED,train,llm_synthetic_expanded,0.8
llm_synth_expanded_352,synthetic,34,1,2,"[""STEP_ENTITIES"", ""STEP_RELATION_SUGGESTION""]",RELATION_SUGGESTION_ACCEPTED,train,llm_synthetic_expanded,1.0
llm_synth_expanded_56,synthetic,42,4,5,"[""STEP_RELATION_SUGGESTION"", ""RELATION_SUGGESTION_REJECTED"", ""RELATION_SUGGESTION_MARKED"", ""RELATION_SUGGESTION_ACCEPTED"", ""RELATION_SUGGESTION_ACCEPTED""]",RELATION_SUGGESTION_ACCEPTED,train,llm_synthetic_expanded,1.0
llm_synth_expanded_568,synthetic,37,6,7,"[""PROCESS_START"", ""STEP_RELATION_SUGGESTION"", ""RELATION_SUGGESTION_ACCEPTED"", ""RELATION_SUGGESTION_REJECTED"", ""RELATION_SUGGESTION_ACCEPTED"", ""RELATION_SUGGESTION_ACCEPTED"", ""RELATION_SUGGESTION_ACCEPTED""]",RELATION_SUGGESTION_ACCEPTED,train,llm_synthetic_expanded,0.8571428571428571
llm_synth_expanded_568,synthetic,37,4,5,"[""PROCESS_START"", ""STEP_RELATION_SUGGESTION"", ""RELATION_SUGGESTION_ACCEPTED"", ""RELATION_SUGGESTION_REJECTED"", ""RELATION_SUGGESTION_ACCEPTED""]",RELATION_SUGGESTION_ACCEPTED,train,llm_synthetic_expanded,0.8
llm_synth_expanded_338,synthetic,44,17,18,"[""PROCESS_START"", ""MENTION_CREATED"", ""TOKEN_SELECTED"", ""MENTION_CREATED"", ""TOKEN_SELECTED"", ""TOKEN_SELECTED"", ""MENTION_CREATED"", ""STEP_ENTITIES"", ""MENTION_SELECTED"", ""MENTION_SELECTED"", ""MENTION_SELECTED"", ""ENTITY_GROUPED"", ""MENTION_SELECTED"", ""MENTION_SELECTED"", ""ENTITY_GROUPED"", ""STEP_RELATION_SUGGESTION"", ""RELATION_SUGGESTION_REJECTED"", ""RELATION_SUGGESTION_REJECTED""]",RELATION_SUGGESTION_ACCEPTED,train,llm_synthetic_expanded,0.9444444444444444
llm_synth_expanded_568,synthetic,37,3,4,"[""PROCESS_START"", ""STEP_RELATION_SUGGESTION"", ""RELATION_SUGGESTION_ACCEPTED"", ""RELATION_SUGGESTION_REJECTED""]",RELATION_SUGGESTION_ACCEPTED,train,llm_synthetic_expanded,0.75
llm_synth_expanded_483,synthetic,44,7,8,"[""PROCESS_START"", ""MENTION_SELECTED"", ""MENTION_SELECTED"", ""ENTITY_GROUPED"", ""STEP_RELATION_SUGGESTION"", ""RELATION_SUGGESTION_REJECTED"", ""RELATION_SUGGESTION_REJECTED"", ""RELATION_SUGGESTION_ACCEPTED""]",RELATION_SUGGESTION_ACCEPTED,train,llm_synthetic_expanded,0.875
llm_synth_expanded_567,synthetic,36,4,5,"[""PROCESS_START"", ""STEP_RELATION_SUGGESTION"", ""RELATION_SUGGESTION_ACCEPTED"", ""RELATION_SUGGESTION_REJECTED"", ""RELATION_SUGGESTION_ACCEPTED""]",RELATION_SUGGESTION_ACCEPTED,train,llm_synthetic_expanded,0.8
llm_synth_expanded_340,synthetic,44,17,18,"[""PROCESS_START"", ""MENTION_CREATED"", ""TOKEN_SELECTED"", ""TOKEN_SELECTED"", ""TOKEN_SELECTED"", ""MENTION_CREATED"", ""STEP_ENTITIES"", ""MENTION_SELECTED"", ""MENTION_SELECTED"", ""MENTION_SELECTED"", ""ENTITY_GROUPED"", ""MENTION_SELECTED"", ""MENTION_SELECTED"", ""ENTITY_GROUPED"", ""STEP_RELATION_SUGGESTION"", ""RELATION_SUGGESTION_REJECTED"", ""RELATION_SUGGESTION_REJECTED"", ""RELATION_SUGGESTION_ACCEPTED""]",RELATION_SUGGESTION_ACCEPTED,train,llm_synthetic_expanded,0.9444444444444444
llm_synth_expanded_483,synthetic,44,6,7,"[""PROCESS_START"", ""MENTION_SELECTED"", ""MENTION_SELECTED"", ""ENTITY_GROUPED"", ""STEP_RELATION_SUGGESTION"", ""RELATION_SUGGESTION_REJECTED"", ""RELATION_SUGGESTION_REJECTED""]",RELATION_SUGGESTION_ACCEPTED,train,llm_synthetic_expanded,0.8571428571428571
llm_synth_expanded_345,synthetic,44,16,17,"[""PROCESS_START"", ""TOKEN_SELECTED"", ""TOKEN_SELECTED"", ""TOKEN_SELECTED"", ""MENTION_CREATED"", ""STEP_ENTITIES"", ""MENTION_SELECTED"", ""MENTION_SELECTED"", ""MENTION_SELECTED"", ""ENTITY_GROUPED"", ""MENTION_SELECTED"", ""MENTION_SELECTED"", ""MENTION_SELECTED"", ""ENTITY_GROUPED"", ""STEP_RELATION_SUGGESTION"", ""RELATION_SUGGESTION_MARKED"", ""RELATION_SUGGESTION_REJECTED""]",RELATION_SUGGESTION_ACCEPTED,train,llm_synthetic_expanded,0.9411764705882353
llm_synth_expanded_345,synthetic,44,19,20,"[""PROCESS_START"", ""TOKEN_SELECTED"", ""TOKEN_SELECTED"", ""TOKEN_SELECTED"", ""MENTION_CREATED"", ""STEP_ENTITIES"", ""MENTION_SELECTED"", ""MENTION_SELECTED"", ""MENTION_SELECTED"", ""ENTITY_GROUPED"", ""MENTION_SELECTED"", ""MENTION_SELECTED"", ""MENTION_SELECTED"", ""ENTITY_GROUPED"", ""STEP_RELATION_SUGGESTION"", ""RELATION_SUGGESTION_MARKED"", ""RELATION_SUGGESTION_REJECTED"", ""RELATION_SUGGESTION_ACCEPTED"", ""RELATION_SUGGESTION_ACCEPTED"", ""UNDO_ACTION""]",RELATION_SUGGESTION_ACCEPTED,train,llm_synthetic_expanded,0.95
llm_synth_expanded_339,synthetic,44,17,18,"[""PROCESS_START"", ""TOKEN_SELECTED"", ""TOKEN_SELECTED"", ""TOKEN_SELECTED"", ""MENTION_CREATED"", ""STEP_ENTITIES"", ""MENTION_SELECTED"", ""MENTION_SELECTED"", ""MENTION_SELECTED"", ""ENTITY_GROUPED"", ""MENTION_SELECTED"", ""MENTION_SELECTED"", ""MENTION_SELECTED"", ""ENTITY_GROUPED"", ""STEP_RELATION_SUGGESTION"", ""RELATION_SUGGESTION_REJECTED"", ""RELATION_SUGGESTION_REJECTED"", ""RELATION_SUGGESTION_ACCEPTED""]",RELATION_SUGGESTION_ACCEPTED,train,llm_synthetic_expanded,0.9444444444444444
llm_synth_expanded_342,synthetic,44,21,22,"[""PROCESS_START"", ""MENTION_CREATED"", ""TOKEN_SELECTED"", ""TOKEN_SELECTED"", ""TOKEN_SELECTED"", ""MENTION_CREATED"", ""STEP_ENTITIES"", ""MENTION_SELECTED"", ""MENTION_SELECTED"", ""MENTION_SELECTED"", ""ENTITY_GROUPED"", ""MENTION_SELECTED"", ""MENTION_SELECTED"", ""MENTION_DESELECTED"", ""MENTION_DESELECTED"", ""MENTION_DESELECTED"", ""ENTITY_GROUPED"", ""STEP_RELATION_SUGGESTION"", ""RELATION_SUGGESTION_REJECTED"", ""RELATION_SUGGESTION_REJECTED"", ""RELATION_SUGGESTION_ACCEPTED"", ""RELATION_SUGGESTION_ACCEPTED""]",RELATION_SUGGESTION_ACCEPTED,train,llm_synthetic_expanded,0.9545454545454546
llm_synth_expanded_567,synthetic,36,1,2,"[""PROCESS_START"", ""STEP_RELATION_SUGGESTION""]",RELATION_SUGGESTION_ACCEPTED,train,llm_synthetic_expanded,0.5
llm_synth_expanded_56,synthetic,42,1,2,"[""STEP_RELATION_SUGGESTION"", ""RELATION_SUGGESTION_REJECTED""]",RELATION_SUGGESTION_MARKED,train,llm_synthetic_expanded,1.0
llm_synth_expanded_344,synthetic,44,17,18,"[""PROCESS_START"", ""MENTION_CREATED"", ""TOKEN_SELECTED"", ""TOKEN_SELECTED"", ""TOKEN_SELECTED"", ""MENTION_CREATED"", ""STEP_ENTITIES"", ""MENTION_SELECTED"", ""MENTION_SELECTED"", ""MENTION_SELECTED"", ""ENTITY_GROUPED"", ""MENTION_SELECTED"", ""MENTION_SELECTED"", ""MENTION_DESELECTED"", ""MENTION_DESELECTED"", ""MENTION_DESELECTED"", ""ENTITY_GROUPED"", ""STEP_RELATION_SUGGESTION""]",RELATION_SUGGESTION_MARKED,train,llm_synthetic_expanded,0.9444444444444444
llm_synth_expanded_345,synthetic,44,14,15,"[""PROCESS_START"", ""TOKEN_SELECTED"", ""TOKEN_SELECTED"", ""TOKEN_SELECTED"", ""MENTION_CREATED"", ""STEP_ENTITIES"", ""MENTION_SELECTED"", ""MENTION_SELECTED"", ""MENTION_SELECTED"", ""ENTITY_GROUPED"", ""MENTION_SELECTED"", ""MENTION_SELECTED"", ""MENTION_SELECTED"", ""ENTITY_GROUPED"", ""STEP_RELATION_SUGGESTION""]",RELATION_SUGGESTION_MARKED,train,llm_synthetic_expanded,0.9333333333333333
llm_synth_expanded_228,synthetic,44,1,2,"[""PROCESS_START"", ""STEP_RELATION_SUGGESTION""]",RELATION_SUGGESTION_REJECTED,train,llm_synthetic_expanded,0.5
llm_synth_expanded_338,synthetic,44,15,16,"[""PROCESS_START"", ""MENTION_CREATED"", ""TOKEN_SELECTED"", ""MENTION_CREATED"", ""TOKEN_SELECTED"", ""TOKEN_SELECTED"", ""MENTION_CREATED"", ""STEP_ENTITIES"", ""MENTION_SELECTED"", ""MENTION_SELECTED"", ""MENTION_SELECTED"", ""ENTITY_GROUPED"", ""MENTION_SELECTED"", ""MENTION_SELECTED"", ""ENTITY_GROUPED"", ""STEP_RELATION_SUGGESTION""]",RELATION_SUGGESTION_REJECTED,train,llm_synthetic_expanded,0.9375
llm_synth_expanded_340,synthetic,44,14,15,"[""PROCESS_START"", ""MENTION_CREATED"", ""TOKEN_SELECTED"", ""TOKEN_SELECTED"", ""TOKEN_SELECTED"", ""MENTION_CREATED"", ""STEP_ENTITIES"", ""MENTION_SELECTED"", ""MENTION_SELECTED"", ""MENTION_SELECTED"", ""ENTITY_GROUPED"", ""MENTION_SELECTED"", ""MENTION_SELECTED"", ""ENTITY_GROUPED"", ""STEP_RELATION_SUGGESTION""]",RELATION_SUGGESTION_REJECTED,train,llm_synthetic_expanded,0.9333333333333333
llm_synth_expanded_567,synthetic,36,2,3,"[""PROCESS_START"", ""STEP_RELATION_SUGGESTION"", ""RELATION_SUGGESTION_ACCEPTED""]",RELATION_SUGGESTION_REJECTED,train,llm_synthetic_expanded,0.6666666666666666
llm_synth_expanded_566,synthetic,35,2,3,"[""PROCESS_START"", ""STEP_RELATION_SUGGESTION"", ""RELATION_SUGGESTION_ACCEPTED""]",RELATION_SUGGESTION_REJECTED,train,llm_synthetic_expanded,0.6666666666666666
llm_synth_expanded_483,synthetic,44,4,5,"[""PROCESS_START"", ""MENTION_SELECTED"", ""MENTION_SELECTED"", ""ENTITY_GROUPED"", ""STEP_RELATION_SUGGESTION""]",RELATION_SUGGESTION_REJECTED,train,llm_synthetic_expanded,0.8
llm_synth_expanded_342,synthetic,44,18,19,"[""PROCESS_START"", ""MENTION_CREATED"", ""TOKEN_SELECTED"", ""TOKEN_SELECTED"", ""TOKEN_SELECTED"", ""MENTION_CREATED"", ""STEP_ENTITIES"", ""MENTION_SELECTED"", ""MENTION_SELECTED"", ""MENTION_SELECTED"", ""ENTITY_GROUPED"", ""MENTION_SELECTED"", ""MENTION_SELECTED"", ""MENTION_DESELECTED"", ""MENTION_DESELECTED"", ""MENTION_DESELECTED"", ""ENTITY_GROUPED"", ""STEP_RELATION_SUGGESTION"", ""RELATION_SUGGESTION_REJECTED""]",RELATION_SUGGESTION_REJECTED,train,llm_synthetic_expanded,0.9473684210526315
llm_synth_expanded_344,synthetic,44,18,19,"[""PROCESS_START"", ""MENTION_CREATED"", ""TOKEN_SELECTED"", ""TOKEN_SELECTED"", ""TOKEN_SELECTED"", ""MENTION_CREATED"", ""STEP_ENTITIES"", ""MENTION_SELECTED"", ""MENTION_SELECTED"", ""MENTION_SELECTED"", ""ENTITY_GROUPED"", ""MENTION_SELECTED"", ""MENTION_SELECTED"", ""MENTION_DESELECTED"", ""MENTION_DESELECTED"", ""MENTION_DESELECTED"", ""ENTITY_GROUPED"", ""STEP_RELATION_SUGGESTION"", ""RELATION_SUGGESTION_MARKED""]",RELATION_SUGGESTION_REJECTED,train,llm_synthetic_expanded,0.9473684210526315
llm_synth_expanded_338,synthetic,44,16,17,"[""PROCESS_START"", ""MENTION_CREATED"", ""TOKEN_SELECTED"", ""MENTION_CREATED"", ""TOKEN_SELECTED"", ""TOKEN_SELECTED"", ""MENTION_CREATED"", ""STEP_ENTITIES"", ""MENTION_SELECTED"", ""MENTION_SELECTED"", ""MENTION_SELECTED"", ""ENTITY_GROUPED"", ""MENTION_SELECTED"", ""MENTION_SELECTED"", ""ENTITY_GROUPED"", ""STEP_RELATION_SUGGESTION"", ""RELATION_SUGGESTION_REJECTED""]",RELATION_SUGGESTION_REJECTED,train,llm_synthetic_expanded,0.9411764705882353
llm_synth_expanded_568,synthetic,37,2,3,"[""PROCESS_START"", ""STEP_RELATION_SUGGESTION"", ""RELATION_SUGGESTION_ACCEPTED""]",RELATION_SUGGESTION_REJECTED,train,llm_synthetic_expanded,0.6666666666666666
llm_synth_expanded_339,synthetic,44,15,16,"[""PROCESS_START"", ""TOKEN_SELECTED"", ""TOKEN_SELECTED"", ""TOKEN_SELECTED"", ""MENTION_CREATED"", ""STEP_ENTITIES"", ""MENTION_SELECTED"", ""MENTION_SELECTED"", ""MENTION_SELECTED"", ""ENTITY_GROUPED"", ""MENTION_SELECTED"", ""MENTION_SELECTED"", ""MENTION_SELECTED"", ""ENTITY_GROUPED"", ""STEP_RELATION_SUGGESTION"", ""RELATION_SUGGESTION_REJECTED""]",RELATION_SUGGESTION_REJECTED,train,llm_synthetic_expanded,0.9375
llm_synth_expanded_342,synthetic,44,17,18,"[""PROCESS_START"", ""MENTION_CREATED"", ""TOKEN_SELECTED"", ""TOKEN_SELECTED"", ""TOKEN_SELECTED"", ""MENTION_CREATED"", ""STEP_ENTITIES"", ""MENTION_SELECTED"", ""MENTION_SELECTED"", ""MENTION_SELECTED"", ""ENTITY_GROUPED"", ""MENTION_SELECTED"", ""MENTION_SELECTED"", ""MENTION_DESELECTED"", ""MENTION_DESELECTED"", ""MENTION_DESELECTED"", ""ENTITY_GROUPED"", ""STEP_RELATION_SUGGESTION""]",RELATION_SUGGESTION_REJECTED,train,llm_synthetic_expanded,0.9444444444444444
llm_synth_expanded_345,synthetic,44,15,16,"[""PROCESS_START"", ""TOKEN_SELECTED"", ""TOKEN_SELECTED"", ""TOKEN_SELECTED"", ""MENTION_CREATED"", ""STEP_ENTITIES"", ""MENTION_SELECTED"", ""MENTION_SELECTED"", ""MENTION_SELECTED"", ""ENTITY_GROUPED"", ""MENTION_SELECTED"", ""MENTION_SELECTED"", ""MENTION_SELECTED"", ""ENTITY_GROUPED"", ""STEP_RELATION_SUGGESTION"", ""RELATION_SUGGESTION_MARKED""]",RELATION_SUGGESTION_REJECTED,train,llm_synthetic_expanded,0.9375
llm_synth_expanded_483,synthetic,44,5,6,"[""PROCESS_START"", ""MENTION_SELECTED"", ""MENTION_SELECTED"", ""ENTITY_GROUPED"", ""STEP_RELATION_SUGGESTION"", ""RELATION_SUGGESTION_REJECTED""]",RELATION_SUGGESTION_REJECTED,train,llm_synthetic_expanded,0.8333333333333334
llm_synth_expanded_339,synthetic,44,14,15,"[""PROCESS_START"", ""TOKEN_SELECTED"", ""TOKEN_SELECTED"", ""TOKEN_SELECTED"", ""MENTION_CREATED"", ""STEP_ENTITIES"", ""MENTION_SELECTED"", ""MENTION_SELECTED"", ""MENTION_SELECTED"", ""ENTITY_GROUPED"", ""MENTION_SELECTED"", ""MENTION_SELECTED"", ""MENTION_SELECTED"", ""ENTITY_GROUPED"", ""STEP_RELATION_SUGGESTION""]",RELATION_SUGGESTION_REJECTED,train,llm_synthetic_expanded,0.9333333333333333
llm_synth_expanded_340,synthetic,44,15,16,"[""PROCESS_START"", ""MENTION_CREATED"", ""TOKEN_SELECTED"", ""TOKEN_SELECTED"", ""TOKEN_SELECTED"", ""MENTION_CREATED"", ""STEP_ENTITIES"", ""MENTION_SELECTED"", ""MENTION_SELECTED"", ""MENTION_SELECTED"", ""ENTITY_GROUPED"", ""MENTION_SELECTED"", ""MENTION_SELECTED"", ""ENTITY_GROUPED"", ""STEP_RELATION_SUGGESTION"", ""RELATION_SUGGESTION_REJECTED""]",RELATION_SUGGESTION_REJECTED,train,llm_synthetic_expanded,0.9375
llm_synth_expanded_100,synthetic,41,13,14,"[""PROCESS_START"", ""TOKEN_SELECTED"", ""TOKEN_SELECTED"", ""MENTION_CREATED"", ""TOKEN_SELECTED"", ""MENTION_CREATED"", ""TOKEN_SELECTED"", ""MENTION_CREATED"", ""TOKEN_SELECTED"", ""TOKEN_SELECTED"", ""MENTION_CREATED"", ""TOKEN_SELECTED"", ""TOKEN_SELECTED"", ""MENTION_CREATED""]",STEP_ENTITIES,train,llm_synthetic_expanded,0.9285714285714286
llm_synth_expanded_883,synthetic,22,14,15,"[""PROCESS_START"", ""MENTION_SELECTED"", ""MENTION_TYPE_UPDATED"", ""MENTION_SUGGESTION_ACCEPTED"", ""MENTION_SUGGESTION_REJECTED"", ""TOKEN_SELECTED"", ""TOKEN_SELECTED"", ""MENTION_CREATED"", ""TOKEN_SELECTED"", ""MENTION_CREATED"", ""MENTION_SUGGESTION_ACCEPTED"", ""STEP_METION"", ""TOKEN_SELECTED"", ""TOKEN_SELECTED"", ""MENTION_CREATED""]",STEP_ENTITIES,train,llm_synthetic_expanded,0.9333333333333333
llm_synth_expanded_835,synthetic,23,2,3,"[""PROCESS_START"", ""TOKEN_SELECTED"", ""MENTION_CREATED""]",STEP_ENTITIES,train,llm_synthetic_expanded,0.6666666666666666
llm_synth_expanded_124,synthetic,41,17,18,"[""PROCESS_START"", ""TOKEN_SELECTED"", ""TOKEN_SELECTED"", ""TOKEN_SELECTED"", ""MENTION_CREATED"", ""TOKEN_SELECTED"", ""MENTION_CREATED"", ""TOKEN_SELECTED"", ""MENTION_CREATED"", ""TOKEN_SELECTED"", ""MENTION_CREATED"", ""TOKEN_SELECTED"", ""MENTION_CREATED"", ""TOKEN_SELECTED"", ""MENTION_CREATED"", ""TOKEN_SELECTED"", ""MENTION_SELECTED"", ""MENTION_SUGGESTION_BOUNDS_UPDATED""]",STEP_ENTITIES,train,llm_synthetic_expanded,0.9444444444444444
llm_synth_expanded_625,synthetic,41,15,16,"[""PROCESS_START"", ""MENTION_CREATED"", ""TOKEN_SELECTED"", ""MENTION_CREATED"", ""TOKEN_SELECTED"", ""MENTION_CREATED"", ""TOKEN_SELECTED"", ""MENTION_CREATED"", ""TOKEN_SELECTED"", ""MENTION_CREATED"", ""TOKEN_SELECTED"", ""MENTION_CREATED"", ""TOKEN_SELECTED"", ""MENTION_CREATED"", ""TOKEN_SELECTED"", ""MENTION_CREATED""]",STEP_ENTITIES,train,llm_synthetic_expanded,0.9375
llm_synth_expanded_340,synthetic,44,5,6,"[""PROCESS_START"", ""MENTION_CREATED"", ""TOKEN_SELECTED"", ""TOKEN_SELECTED"", ""TOKEN_SELECTED"", ""MENTION_CREATED""]",STEP_ENTITIES,train,llm_synthetic_expanded,0.8333333333333334
llm_synth_expanded_658,synthetic,23,9,10,"[""PROCESS_START"", ""MENTION_DELETED"", ""TOKEN_SELECTED"", ""TOKEN_SELECTED"", ""TOKEN_SELECTED"", ""TOKEN_DESELECTED"", ""TOKEN_DESELECTED"", ""TOKEN_DESELECTED"", ""TOKEN_SELECTED"", ""MENTION_CREATED""]",STEP_ENTITIES,train,llm_synthetic_expanded,0.9
llm_synth_expanded_338,synthetic,44,6,7,"[""PROCESS_START"", ""MENTION_CREATED"", ""TOKEN_SELECTED"", ""MENTION_CREATED"", ""TOKEN_SELECTED"", ""TOKEN_SELECTED"", ""MENTION_CREATED""]",STEP_ENTITIES,train,llm_synthetic_expanded,0.8571428571428571
llm_synth_expanded_1046,synthetic,11,14,15,"[""MENTION_CREATED"", ""TOKEN_SELECTED"", ""TOKEN_DESELECTED"", ""TOKEN_SELECTED"", ""MENTION_CREATED"", ""TOKEN_SELECTED"", ""MENTION_CREATED"", ""TOKEN_SELECTED"", ""TOKEN_DESELECTED"", ""TOKEN_SELECTED"", ""MENTION_CREATED"", ""TOKEN_SELECTED"", ""TOKEN_SELECTED"", ""TOKEN_SELECTED"", ""MENTION_CREATED""]",STEP_ENTITIES,train,llm_synthetic_expanded,1.0
llm_synth_expanded_867,synthetic,43,17,18,"[""TOKEN_SELECTED"", ""MENTION_CREATED"", ""TOKEN_SELECTED"", ""MENTION_CREATED"", ""TOKEN_SELECTED"", ""MENTION_CREATED"", ""TOKEN_SELECTED"", ""MENTION_CREATED"", ""TOKEN_SELECTED"", ""TOKEN_SELECTED"", ""MENTION_CREATED"", ""TOKEN_SELECTED"", ""MENTION_CREATED"", ""TOKEN_SELECTED"", ""MENTION_CREATED"", ""TOKEN_SELECTED"", ""MENTION_CREATED"", ""TOKEN_SELECTED""]",STEP_ENTITIES,train,llm_synthetic_expanded,0.9444444444444444
llm_synth_expanded_740,synthetic,23,10,11,"[""PROCESS_START"", ""MENTION_CREATED"", ""TOKEN_SELECTED"", ""TOKEN_SELECTED"", ""MENTION_CREATED"", ""TOKEN_SELECTED"", ""TOKEN_SELECTED"", ""MENTION_CREATED"", ""TOKEN_SELECTED"", ""TOKEN_SELECTED"", ""MENTION_CREATED""]",STEP_ENTITIES,train,llm_synthetic_expanded,0.9090909090909091
llm_synth_expanded_208,synthetic,41,3,4,"[""PROCESS_START"", ""TOKEN_SELECTED"", ""TOKEN_SELECTED"", ""MENTION_CREATED""]",STEP_ENTITIES,train,llm_synthetic_expanded,0.75
llm_synth_expanded_626,synthetic,11,19,20,"[""PROCESS_START"", ""TOKEN_SELECTED"", ""TOKEN_SELECTED"", ""MENTION_CREATED"", ""TOKEN_SELECTED"", ""MENTION_CREATED"", ""TOKEN_SELECTED"", ""TOKEN_SELECTED"", ""TOKEN_DESELECTED"", ""MENTION_CREATED"", ""TOKEN_SELECTED"", ""TOKEN_SELECTED"", ""MENTION_CREATED"", ""TOKEN_SELECTED"", ""TOKEN_SELECTED"", ""MENTION_CREATED"", ""TOKEN_SELECTED"", ""TOKEN_SELECTED"", ""TOKEN_SELECTED"", ""MENTION_CREATED""]",STEP_ENTITIES,train,llm_synthetic_expanded,0.95
llm_synth_expanded_1054,synthetic,43,3,4,"[""TOKEN_SELECTED"", ""TOKEN_SELECTED"", ""TOKEN_SELECTED"", ""MENTION_CREATED""]",STEP_ENTITIES,train,llm_synthetic_expanded,1.0
llm_synth_expanded_339,synthetic,44,4,5,"[""PROCESS_START"", ""TOKEN_SELECTED"", ""TOKEN_SELECTED"", ""TOKEN_SELECTED"", ""MENTION_CREATED""]",STEP_ENTITIES,train,llm_synthetic_expanded,0.8
llm_synth_expanded_698,synthetic,44,9,10,"[""TOKEN_SELECTED"", ""TOKEN_SELECTED"", ""TOKEN_SELECTED"", ""MENTION_CREATED"", ""TOKEN_SELECTED"", ""MENTION_CREATED"", ""TOKEN_SELECTED"", ""TOKEN_SELECTED"", ""TOKEN_SELECTED"", ""MENTION_CREATED""]",STEP_ENTITIES,train,llm_synthetic_expanded,1.0
llm_synth_expanded_547,synthetic,26,1,2,"[""TOKEN_SELECTED"", ""MENTION_CREATED""]",STEP_ENTITIES,train,llm_synthetic_expanded,1.0
llm_synth_expanded_653,synthetic,23,17,18,"[""PROCESS_START"", ""MENTION_CREATED"", ""TOKEN_SELECTED"", ""MENTION_CREATED"", ""TOKEN_SELECTED"", ""TOKEN_SELECTED"", ""MENTION_CREATED"", ""TOKEN_SELECTED"", ""TOKEN_SELECTED"", ""MENTION_CREATED"", ""TOKEN_SELECTED"", ""TOKEN_SELECTED"", ""MENTION_CREATED"", ""TOKEN_SELECTED"", ""MENTION_CREATED"", ""TOKEN_SELECTED"", ""TOKEN_SELECTED"", ""MENTION_CREATED""]",STEP_ENTITIES,train,llm_synthetic_expanded,0.9444444444444444
llm_synth_expanded_742,synthetic,23,12,13,"[""PROCESS_START"", ""TOKEN_SELECTED"", ""TOKEN_SELECTED"", ""MENTION_CREATED"", ""TOKEN_SELECTED"", ""TOKEN_SELECTED"", ""MENTION_CREATED"", ""TOKEN_SELECTED"", ""TOKEN_SELECTED"", ""MENTION_CREATED"", ""TOKEN_SELECTED"", ""TOKEN_SELECTED"", ""MENTION_CREATED""]",STEP_ENTITIES,train,llm_synthetic_expanded,0.9230769230769231
llm_synth_expanded_361,synthetic,22,3,4,"[""PROCESS_START"", ""MENTION_SUGGESTION_BOUNDS_UPDATED"", ""MENTION_SUGGESTION_BOUNDS_UPDATED"", ""MENTION_SUGGESTION_BOUNDS_UPDATED""]",STEP_ENTITIES,train,llm_synthetic_expanded,0.75
llm_synth_expanded_121,synthetic,41,14,15,"[""PROCESS_START"", ""MENTION_CREATED"", ""MENTION_SELECTED"", ""MENTION_DELETED"", ""TOKEN_SELECTED"", ""TOKEN_SELECTED"", ""TOKEN_SELECTED"", ""MENTION_CREATED"", ""MENTION_SELECTED"", ""MENTION_SELECTED"", ""MENTION_SELECTED"", ""ENTITY_GROUPED"", ""MENTION_SELECTED"", ""MENTION_SELECTED"", ""ENTITY_GROUPED""]",STEP_MENTION_SUGGESTION,train,llm_synthetic_expanded,0.8666666666666667
llm_synth_expanded_125,synthetic,41,17,18,"[""PROCESS_START"", ""TOKEN_SELECTED"", ""MENTION_SELECTED"", ""RELATION_CREATED"", ""MENTION_SELECTED"", ""MENTION_DESELECTED"", ""TOKEN_SELECTED"", ""TOKEN_SELECTED"", ""TOKEN_DESELECTED"", ""TOKEN_DESELECTED"", ""TOKEN_SELECTED"", ""MENTION_CREATED"", ""MENTION_SELECTED"", ""MENTION_SELECTED"", ""ENTITY_GROUPED"", ""MENTION_SELECTED"", ""MENTION_SELECTED"", ""ENTITY_GROUPED""]",STEP_MENTION_SUGGESTION,train,llm_synthetic_expanded,0.8888888888888888
llm_synth_expanded_190,synthetic,32,1,2,"[""PROCESS_START"", ""STEP_MENTION_SUGGESTION""]",STEP_MENTION_SUGGESTION,train,llm_synthetic_expanded,0.5
llm_synth_expanded_419,synthetic,42,4,5,"[""PROCESS_START"", ""STEP_MENTION_SUGGESTION"", ""MENTION_SUGGESTION_ACCEPTED"", ""MENTION_SUGGESTION_ACCEPTED"", ""MENTION_SUGGESTION_ACCEPTED""]",STEP_METION,train,llm_synthetic_expanded,1.0
llm_synth_expanded_1059,synthetic,14,1,2,"[""PROCESS_START"", ""STEP_MENTION_SUGGESTION""]",STEP_METION,train,llm_synthetic_expanded,1.0
llm_synth_expanded_883,synthetic,22,10,11,"[""PROCESS_START"", ""MENTION_SELECTED"", ""MENTION_TYPE_UPDATED"", ""MENTION_SUGGESTION_ACCEPTED"", ""MENTION_SUGGESTION_REJECTED"", ""TOKEN_SELECTED"", ""TOKEN_SELECTED"", ""MENTION_CREATED"", ""TOKEN_SELECTED"", ""MENTION_CREATED"", ""MENTION_SUGGESTION_ACCEPTED""]",STEP_METION,train,llm_synthetic_expanded,0.9090909090909091
llm_synth_expanded_216,synthetic,23,3,4,"[""PROCESS_START"", ""TOKEN_SELECTED"", ""MENTION_SUGGESTION_ACCEPTED"", ""STEP_MENTION_SUGGESTION""]",STEP_METION,train,llm_synthetic_expanded,0.5
llm_synth_expanded_1057,synthetic,12,1,2,"[""PROCESS_START"", ""STEP_MENTION_SUGGESTION""]",STEP_METION,train,llm_synthetic_expanded,1.0
llm_synth_expanded_1012,synthetic,13,10,11,"[""MENTION_SELECTED"", ""MENTION_SELECTED"", ""ENTITY_GROUPED"", ""MENTION_DESELECTED"", ""MENTION_DESELECTED"", ""STEP_RELATION_SUGGESTION"", ""STEP_RELATIONS"", ""MENTION_SELECTED"", ""MENTION_SELECTED"", ""MENTION_SELECTED"", ""STEP_RELATION_SUGGESTION""]",STEP_RELATIONS,train,llm_synthetic_expanded,1.0
llm_synth_expanded_742,synthetic,23,20,21,"[""PROCESS_START"", ""TOKEN_SELECTED"", ""TOKEN_SELECTED"", ""MENTION_CREATED"", ""TOKEN_SELECTED"", ""TOKEN_SELECTED"", ""MENTION_CREATED"", ""TOKEN_SELECTED"", ""TOKEN_SELECTED"", ""MENTION_CREATED"", ""TOKEN_SELECTED"", ""TOKEN_SELECTED"", ""MENTION_CREATED"", ""STEP_ENTITIES"", ""MENTION_SELECTED"", ""MENTION_SELECTED"", ""ENTITY_GROUPED"", ""MENTION_SELECTED"", ""MENTION_SELECTED"", ""ENTITY_GROUPED"", ""STEP_RELATION_SUGGESTION""]",STEP_RELATIONS,train,llm_synthetic_expanded,0.9523809523809523
llm_synth_expanded_880,synthetic,18,1,2,"[""PROCESS_START"", ""STEP_RELATION_SUGGESTION""]",STEP_RELATIONS,train,llm_synthetic_expanded,0.5
llm_synth_expanded_839,synthetic,23,7,8,"[""MENTION_SELECTED"", ""MENTION_SELECTED"", ""MENTION_SELECTED"", ""ENTITY_GROUPED"", ""MENTION_SELECTED"", ""MENTION_SELECTED"", ""ENTITY_GROUPED"", ""STEP_RELATION_SUGGESTION""]",STEP_RELATIONS,train,llm_synthetic_expanded,1.0
llm_synth_expanded_483,synthetic,44,8,9,"[""PROCESS_START"", ""MENTION_SELECTED"", ""MENTION_SELECTED"", ""ENTITY_GROUPED"", ""STEP_RELATION_SUGGESTION"", ""RELATION_SUGGESTION_REJECTED"", ""RELATION_SUGGESTION_REJECTED"", ""RELATION_SUGGESTION_ACCEPTED"", ""RELATION_SUGGESTION_ACCEPTED""]",STEP_RELATIONS,train,llm_synthetic_expanded,0.8888888888888888
llm_synth_expanded_654,synthetic,23,2,3,"[""PROCESS_START"", ""ENTITY_GROUPED"", ""STEP_RELATION_SUGGESTION""]",STEP_RELATIONS,train,llm_synthetic_expanded,0.6666666666666666
llm_synth_expanded_1013,synthetic,13,12,13,"[""MENTION_SELECTED"", ""MENTION_SELECTED"", ""MENTION_DESELECTED"", ""MENTION_SELECTED"", ""MENTION_SELECTED"", ""ENTITY_GROUPED"", ""MENTION_DESELECTED"", ""MENTION_DESELECTED"", ""MENTION_DESELECTED"", ""ENTITY_GROUPED"", ""MENTION_DESELECTED"", ""MENTION_DESELECTED"", ""STEP_RELATION_SUGGESTION""]",STEP_RELATIONS,train,llm_synthetic_expanded,1.0
llm_synth_expanded_881,synthetic,19,1,2,"[""PROCESS_START"", ""STEP_RELATION_SUGGESTION""]",STEP_RELATIONS,train,llm_synthetic_expanded,0.5
llm_synth_expanded_704,synthetic,41,3,4,"[""MENTION_SELECTED"", ""MENTION_SELECTED"", ""ENTITY_GROUPED"", ""STEP_RELATION_SUGGESTION""]",STEP_RELATIONS,train,llm_synthetic_expanded,1.0
llm_synth_expanded_48,synthetic,33,1,2,"[""PROCESS_START"", ""STEP_RELATION_SUGGESTION""]",STEP_RELATIONS,train,llm_synthetic_expanded,0.5
llm_synth_expanded_206,synthetic,41,7,8,"[""PROCESS_START"", ""ENTITY_GROUPED"", ""MENTION_SELECTED"", ""MENTION_SELECTED"", ""ENTITY_GROUPED"", ""MENTION_SELECTED"", ""ENTITY_GROUPED"", ""STEP_RELATION_SUGGESTION""]",STEP_RELATIONS,train,llm_synthetic_expanded,0.875
llm_synth_expanded_837,synthetic,23,7,8,"[""MENTION_SELECTED"", ""ENTITY_GROUPED"", ""MENTION_SELECTED"", ""MENTION_SELECTED"", ""ENTITY_GROUPED"", ""TOKEN_SELECTED"", ""MENTION_CREATED"", ""STEP_RELATION_SUGGESTION""]",STEP_RELATIONS,train,llm_synthetic_expanded,1.0
llm_synth_expanded_208,synthetic,41,11,12,"[""PROCESS_START"", ""TOKEN_SELECTED"", ""TOKEN_SELECTED"", ""MENTION_CREATED"", ""STEP_ENTITIES"", ""MENTION_SELECTED"", ""MENTION_SELECTED"", ""ENTITY_GROUPED"", ""MENTION_SELECTED"", ""MENTION_SELECTED"", ""ENTITY_GROUPED"", ""STEP_RELATION_SUGGESTION""]",STEP_RELATIONS,train,llm_synthetic_expanded,0.9166666666666666
llm_synth_expanded_740,synthetic,23,18,19,"[""PROCESS_START"", ""MENTION_CREATED"", ""TOKEN_SELECTED"", ""TOKEN_SELECTED"", ""MENTION_CREATED"", ""TOKEN_SELECTED"", ""TOKEN_SELECTED"", ""MENTION_CREATED"", ""TOKEN_SELECTED"", ""TOKEN_SELECTED"", ""MENTION_CREATED"", ""STEP_ENTITIES"", ""MENTION_SELECTED"", ""MENTION_SELECTED"", ""ENTITY_GROUPED"", ""MENTION_SELECTED"", ""MENTION_SELECTED"", ""ENTITY_GROUPED"", ""STEP_RELATION_SUGGESTION""]",STEP_RELATIONS,train,llm_synthetic_expanded,0.9473684210526315
llm_synth_expanded_659,synthetic,23,1,2,"[""PROCESS_START"", ""STEP_RELATION_SUGGESTION""]",STEP_RELATIONS,train,llm_synthetic_expanded,0.5
llm_synth_expanded_879,synthetic,17,1,2,"[""PROCESS_START"", ""STEP_RELATION_SUGGESTION""]",STEP_RELATIONS,train,llm_synthetic_expanded,0.5
llm_synth_expanded_56,synthetic,42,5,6,"[""STEP_RELATION_SUGGESTION"", ""RELATION_SUGGESTION_REJECTED"", ""RELATION_SUGGESTION_MARKED"", ""RELATION_SUGGESTION_ACCEPTED"", ""RELATION_SUGGESTION_ACCEPTED"", ""RELATION_SUGGESTION_ACCEPTED""]",STEP_RELATIONS,train,llm_synthetic_expanded,1.0
llm_synth_expanded_121,synthetic,41,15,16,"[""PROCESS_START"", ""MENTION_CREATED"", ""MENTION_SELECTED"", ""MENTION_DELETED"", ""TOKEN_SELECTED"", ""TOKEN_SELECTED"", ""TOKEN_SELECTED"", ""MENTION_CREATED"", ""MENTION_SELECTED"", ""MENTION_SELECTED"", ""MENTION_SELECTED"", ""ENTITY_GROUPED"", ""MENTION_SELECTED"", ""MENTION_SELECTED"", ""ENTITY_GROUPED"", ""STEP_MENTION_SUGGESTION""]",STEP_RELATIONS,train,llm_synthetic_expanded,0.8125
llm_synth_expanded_1010,synthetic,13,10,11,"[""MENTION_SELECTED"", ""MENTION_SELECTED"", ""ENTITY_GROUPED"", ""MENTION_DESELECTED"", ""MENTION_SELECTED"", ""MENTION_SELECTED"", ""MENTION_DESELECTED"", ""ENTITY_GROUPED"", ""MENTION_DESELECTED"", ""MENTION_DESELECTED"", ""STEP_RELATION_SUGGESTION""]",STEP_RELATIONS,train,llm_synthetic_expanded,1.0
llm_synth_expanded_125,synthetic,41,18,19,"[""PROCESS_START"", ""TOKEN_SELECTED"", ""MENTION_SELECTED"", ""RELATION_CREATED"", ""MENTION_SELECTED"", ""MENTION_DESELECTED"", ""TOKEN_SELECTED"", ""TOKEN_SELECTED"", ""TOKEN_DESELECTED"", ""TOKEN_DESELECTED"", ""TOKEN_SELECTED"", ""MENTION_CREATED"", ""MENTION_SELECTED"", ""MENTION_SELECTED"", ""ENTITY_GROUPED"", ""MENTION_SELECTED"", ""MENTION_SELECTED"", ""ENTITY_GROUPED"", ""STEP_MENTION_SUGGESTION""]",STEP_RELATIONS,train,llm_synthetic_expanded,0.8421052631578947
llm_synth_expanded_877,synthetic,15,1,2,"[""PROCESS_START"", ""STEP_RELATION_SUGGESTION""]",STEP_RELATIONS,train,llm_synthetic_expanded,0.5
llm_synth_expanded_1011,synthetic,13,7,8,"[""MENTION_DESELECTED"", ""MENTION_SELECTED"", ""MENTION_SELECTED"", ""MENTION_DESELECTED"", ""ENTITY_GROUPED"", ""MENTION_DESELECTED"", ""MENTION_DESELECTED"", ""STEP_RELATION_SUGGESTION""]",STEP_RELATIONS,train,llm_synthetic_expanded,1.0
llm_synth_expanded_878,synthetic,16,1,2,"[""PROCESS_START"", ""STEP_RELATION_SUGGESTION""]",STEP_RELATIONS,train,llm_synthetic_expanded,0.5
llm_synth_expanded_874,synthetic,11,1,2,"[""PROCESS_START"", ""STEP_RELATION_SUGGESTION""]",STEP_RELATIONS,train,llm_synthetic_expanded,0.5
llm_synth_expanded_1054,synthetic,43,11,12,"[""TOKEN_SELECTED"", ""TOKEN_SELECTED"", ""TOKEN_SELECTED"", ""MENTION_CREATED"", ""STEP_ENTITIES"", ""MENTION_SELECTED"", ""MENTION_SELECTED"", ""MENTION_SELECTED"", ""ENTITY_GROUPED"", ""MENTION_SELECTED"", ""ENTITY_GROUPED"", ""STEP_RELATION_SUGGESTION""]",STEP_RELATIONS,train,llm_synthetic_expanded,1.0
llm_synth_expanded_876,synthetic,14,1,2,"[""PROCESS_START"", ""STEP_RELATION_SUGGESTION""]",STEP_RELATIONS,train,llm_synthetic_expanded,0.5
llm_synth_expanded_352,synthetic,34,2,3,"[""STEP_ENTITIES"", ""STEP_RELATION_SUGGESTION"", ""RELATION_SUGGESTION_ACCEPTED""]",STEP_RELATIONS,train,llm_synthetic_expanded,1.0
llm_synth_expanded_658,synthetic,23,19,20,"[""PROCESS_START"", ""MENTION_DELETED"", ""TOKEN_SELECTED"", ""TOKEN_SELECTED"", ""TOKEN_SELECTED"", ""TOKEN_DESELECTED"", ""TOKEN_DESELECTED"", ""TOKEN_DESELECTED"", ""TOKEN_SELECTED"", ""MENTION_CREATED"", ""STEP_ENTITIES"", ""MENTION_SELECTED"", ""MENTION_SELECTED"", ""ENTITY_GROUPED"", ""MENTION_SELECTED"", ""MENTION_TYPE_UPDATED"", ""MENTION_SELECTED"", ""MENTION_SELECTED"", ""ENTITY_GROUPED"", ""STEP_RELATION_SUGGESTION""]",STEP_RELATIONS,train,llm_synthetic_expanded,0.95
llm_synth_expanded_741,synthetic,23,20,21,"[""PROCESS_START"", ""MENTION_CREATED"", ""TOKEN_SELECTED"", ""TOKEN_SELECTED"", ""MENTION_CREATED"", ""TOKEN_SELECTED"", ""TOKEN_SELECTED"", ""MENTION_CREATED"", ""TOKEN_SELECTED"", ""TOKEN_SELECTED"", ""MENTION_CREATED"", ""STEP_ENTITIES"", ""MENTION_SELECTED"", ""MENTION_SELECTED"", ""ENTITY_GROUPED"", ""MENTION_SELECTED"", ""MENTION_SELECTED"", ""ENTITY_GROUPED"", ""TOKEN_SELECTED"", ""MENTION_CREATED"", ""STEP_RELATION_SUGGESTION""]",STEP_RELATIONS,train,llm_synthetic_expanded,0.9523809523809523
llm_synth_expanded_1012,synthetic,13,5,6,"[""MENTION_SELECTED"", ""MENTION_SELECTED"", ""ENTITY_GROUPED"", ""MENTION_DESELECTED"", ""MENTION_DESELECTED"", ""STEP_RELATION_SUGGESTION""]",STEP_RELATIONS,train,llm_synthetic_expanded,1.0
llm_synth_expanded_875,synthetic,13,1,2,"[""PROCESS_START"", ""STEP_RELATION_SUGGESTION""]",STEP_RELATIONS,train,llm_synthetic_expanded,0.5
llm_synth_expanded_209,synthetic,41,5,6,"[""PROCESS_START"", ""ENTITY_GROUPED"", ""MENTION_SELECTED"", ""MENTION_SELECTED"", ""ENTITY_GROUPED"", ""STEP_RELATION_SUGGESTION""]",STEP_RELATIONS,train,llm_synthetic_expanded,0.8333333333333334
llm_synth_expanded_1013,synthetic,13,11,12,"[""MENTION_SELECTED"", ""MENTION_SELECTED"", ""MENTION_DESELECTED"", ""MENTION_SELECTED"", ""MENTION_SELECTED"", ""ENTITY_GROUPED"", ""MENTION_DESELECTED"", ""MENTION_DESELECTED"", ""MENTION_DESELECTED"", ""ENTITY_GROUPED"", ""MENTION_DESELECTED"", ""MENTION_DESELECTED""]",STEP_RELATION_SUGGESTION,train,llm_synthetic_expanded,1.0
llm_synth_expanded_741,synthetic,23,19,20,"[""PROCESS_START"", ""MENTION_CREATED"", ""TOKEN_SELECTED"", ""TOKEN_SELECTED"", ""MENTION_CREATED"", ""TOKEN_SELECTED"", ""TOKEN_SELECTED"", ""MENTION_CREATED"", ""TOKEN_SELECTED"", ""TOKEN_SELECTED"", ""MENTION_CREATED"", ""STEP_ENTITIES"", ""MENTION_SELECTED"", ""MENTION_SELECTED"", ""ENTITY_GROUPED"", ""MENTION_SELECTED"", ""MENTION_SELECTED"", ""ENTITY_GROUPED"", ""TOKEN_SELECTED"", ""MENTION_CREATED""]",STEP_RELATION_SUGGESTION,train,llm_synthetic_expanded,0.95
llm_synth_expanded_1010,synthetic,13,9,10,"[""MENTION_SELECTED"", ""MENTION_SELECTED"", ""ENTITY_GROUPED"", ""MENTION_DESELECTED"", ""MENTION_SELECTED"", ""MENTION_SELECTED"", ""MENTION_DESELECTED"", ""ENTITY_GROUPED"", ""MENTION_DESELECTED"", ""MENTION_DESELECTED""]",STEP_RELATION_SUGGESTION,train,llm_synthetic_expanded,1.0
llm_synth_expanded_766,synthetic,33,1,2,"[""PROCESS_START"", ""STEP_ENTITIES""]",STEP_RELATION_SUGGESTION,train,llm_synthetic_expanded,0.5
llm_synth_expanded_547,synthetic,26,19,20,"[""TOKEN_SELECTED"", ""MENTION_CREATED"", ""STEP_ENTITIES"", ""MENTION_SELECTED"", ""MENTION_SELECTED"", ""ENTITY_GROUPED"", ""MENTION_SELECTED"", ""MENTION_SELECTED"", ""ENTITY_GROUPED"", ""MENTION_SELECTED"", ""MENTION_SELECTED"", ""ENTITY_GROUPED"", ""MENTION_SELECTED"", ""MENTION_SELECTED"", ""ENTITY_GROUPED"", ""MENTION_SELECTED"", ""MENTION_SELECTED"", ""ENTITY_GROUPED"", ""MENTION_SELECTED"", ""MENTION_DELETED""]",STEP_RELATION_SUGGESTION,train,llm_synthetic_expanded,1.0
llm_synth_expanded_654,synthetic,23,1,2,"[""PROCESS_START"", ""ENTITY_GROUPED""]",STEP_RELATION_SUGGESTION,train,llm_synthetic_expanded,0.5
llm_synth_expanded_1046,synthetic,11,20,21,"[""MENTION_CREATED"", ""TOKEN_SELECTED"", ""TOKEN_DESELECTED"", ""TOKEN_SELECTED"", ""MENTION_CREATED"", ""TOKEN_SELECTED"", ""MENTION_CREATED"", ""TOKEN_SELECTED"", ""TOKEN_DESELECTED"", ""TOKEN_SELECTED"", ""MENTION_CREATED"", ""TOKEN_SELECTED"", ""TOKEN_SELECTED"", ""TOKEN_SELECTED"", ""MENTION_CREATED"", ""STEP_ENTITIES"", ""MENTION_SELECTED"", ""MENTION_SELECTED"", ""ENTITY_GROUPED"", ""MENTION_SELECTED"", ""MENTION_SELECTED""]",STEP_RELATION_SUGGESTION,train,llm_synthetic_expanded,1.0
llm_synth_expanded_1011,synthetic,13,6,7,"[""MENTION_DESELECTED"", ""MENTION_SELECTED"", ""MENTION_SELECTED"", ""MENTION_DESELECTED"", ""ENTITY_GROUPED"", ""MENTION_DESELECTED"", ""MENTION_DESELECTED""]",STEP_RELATION_SUGGESTION,train,llm_synthetic_expanded,1.0
llm_synth_expanded_700,synthetic,44,21,22,"[""TOKEN_SELECTED"", ""TOKEN_SELECTED"", ""TOKEN_SELECTED"", ""MENTION_CREATED"", ""TOKEN_SELECTED"", ""MENTION_CREATED"", ""TOKEN_SELECTED"", ""TOKEN_SELECTED"", ""TOKEN_SELECTED"", ""MENTION_CREATED"", ""STEP_ENTITIES"", ""MENTION_SELECTED"", ""MENTION_SELECTED"", ""MENTION_SELECTED"", ""ENTITY_GROUPED"", ""MENTION_SELECTED"", ""MENTION_SELECTED"", ""ENTITY_GROUPED"", ""MENTION_SELECTED"", ""MENTION_SELECTED"", ""MENTION_SUGGESTION_REJECTED"", ""UNDO_ACTION""]",STEP_RELATION_SUGGESTION,train,llm_synthetic_expanded,0.8636363636363636
llm_synth_expanded_206,synthetic,41,6,7,"[""PROCESS_START"", ""ENTITY_GROUPED"", ""MENTION_SELECTED"", ""MENTION_SELECTED"", ""ENTITY_GROUPED"", ""MENTION_SELECTED"", ""ENTITY_GROUPED""]",STEP_RELATION_SUGGESTION,train,llm_synthetic_expanded,0.8571428571428571
llm_synth_expanded_339,synthetic,44,13,14,"[""PROCESS_START"", ""TOKEN_SELECTED"", ""TOKEN_SELECTED"", ""TOKEN_SELECTED"", ""MENTION_CREATED"", ""STEP_ENTITIES"", ""MENTION_SELECTED"", ""MENTION_SELECTED"", ""MENTION_SELECTED"", ""ENTITY_GROUPED"", ""MENTION_SELECTED"", ""MENTION_SELECTED"", ""MENTION_SELECTED"", ""ENTITY_GROUPED""]",STEP_RELATION_SUGGESTION,train,llm_synthetic_expanded,0.9285714285714286
llm_synth_expanded_742,synthetic,23,19,20,"[""PROCESS_START"", ""TOKEN_SELECTED"", ""TOKEN_SELECTED"", ""MENTION_CREATED"", ""TOKEN_SELECTED"", ""TOKEN_SELECTED"", ""MENTION_CREATED"", ""TOKEN_SELECTED"", ""TOKEN_SELECTED"", ""MENTION_CREATED"", ""TOKEN_SELECTED"", ""TOKEN_SELECTED"", ""MENTION_CREATED"", ""STEP_ENTITIES"", ""MENTION_SELECTED"", ""MENTION_SELECTED"", ""ENTITY_GROUPED"", ""MENTION_SELECTED"", ""MENTION_SELECTED"", ""ENTITY_GROUPED""]",STEP_RELATION_SUGGESTION,train,llm_synthetic_expanded,0.95
llm_synth_expanded_340,synthetic,44,13,14,"[""PROCESS_START"", ""MENTION_CREATED"", ""TOKEN_SELECTED"", ""TOKEN_SELECTED"", ""TOKEN_SELECTED"", ""MENTION_CREATED"", ""STEP_ENTITIES"", ""MENTION_SELECTED"", ""MENTION_SELECTED"", ""MENTION_SELECTED"", ""ENTITY_GROUPED"", ""MENTION_SELECTED"", ""MENTION_SELECTED"", ""ENTITY_GROUPED""]",STEP_RELATION_SUGGESTION,train,llm_synthetic_expanded,0.9285714285714286
llm_synth_expanded_704,synthetic,41,2,3,"[""MENTION_SELECTED"", ""MENTION_SELECTED"", ""ENTITY_GROUPED""]",STEP_RELATION_SUGGESTION,train,llm_synthetic_expanded,1.0
llm_synth_expanded_698,synthetic,44,20,21,"[""TOKEN_SELECTED"", ""TOKEN_SELECTED"", ""TOKEN_SELECTED"", ""MENTION_CREATED"", ""TOKEN_SELECTED"", ""MENTION_CREATED"", ""TOKEN_SELECTED"", ""TOKEN_SELECTED"", ""TOKEN_SELECTED"", ""MENTION_CREATED"", ""STEP_ENTITIES"", ""MENTION_SELECTED"", ""MENTION_SELECTED"", ""MENTION_SELECTED"", ""ENTITY_GROUPED"", ""MENTION_SELECTED"", ""MENTION_SELECTED"", ""ENTITY_GROUPED"", ""MENTION_SELECTED"", ""MENTION_SELECTED"", ""MENTION_SUGGESTION_REJECTED""]",STEP_RELATION_SUGGESTION,train,llm_synthetic_expanded,0.9047619047619048
llm_synth_expanded_839,synthetic,23,6,7,"[""MENTION_SELECTED"", ""MENTION_SELECTED"", ""MENTION_SELECTED"", ""ENTITY_GROUPED"", ""MENTION_SELECTED"", ""MENTION_SELECTED"", ""ENTITY_GROUPED""]",STEP_RELATION_SUGGESTION,train,llm_synthetic_expanded,1.0
llm_synth_expanded_208,synthetic,41,10,11,"[""PROCESS_START"", ""TOKEN_SELECTED"", ""TOKEN_SELECTED"", ""MENTION_CREATED"", ""STEP_ENTITIES"", ""MENTION_SELECTED"", ""MENTION_SELECTED"", ""ENTITY_GROUPED"", ""MENTION_SELECTED"", ""MENTION_SELECTED"", ""ENTITY_GROUPED""]",STEP_RELATION_SUGGESTION,train,llm_synthetic_expanded,0.9090909090909091
llm_synth_expanded_209,synthetic,41,4,5,"[""PROCESS_START"", ""ENTITY_GROUPED"", ""MENTION_SELECTED"", ""MENTION_SELECTED"", ""ENTITY_GROUPED""]",STEP_RELATION_SUGGESTION,train,llm_synthetic_expanded,0.8
llm_synth_expanded_1012,synthetic,13,4,5,"[""MENTION_SELECTED"", ""MENTION_SELECTED"", ""ENTITY_GROUPED"", ""MENTION_DESELECTED"", ""MENTION_DESELECTED""]",STEP_RELATION_SUGGESTION,train,llm_synthetic_expanded,1.0
llm_synth_expanded_338,synthetic,44,14,15,"[""PROCESS_START"", ""MENTION_CREATED"", ""TOKEN_SELECTED"", ""MENTION_CREATED"", ""TOKEN_SELECTED"", ""TOKEN_SELECTED"", ""MENTION_CREATED"", ""STEP_ENTITIES"", ""MENTION_SELECTED"", ""MENTION_SELECTED"", ""MENTION_SELECTED"", ""ENTITY_GROUPED"", ""MENTION_SELECTED"", ""MENTION_SELECTED"", ""ENTITY_GROUPED""]",STEP_RELATION_SUGGESTION,train,llm_synthetic_expanded,0.9333333333333333
llm_synth_expanded_837,synthetic,23,6,7,"[""MENTION_SELECTED"", ""ENTITY_GROUPED"", ""MENTION_SELECTED"", ""MENTION_SELECTED"", ""ENTITY_GROUPED"", ""TOKEN_SELECTED"", ""MENTION_CREATED""]",STEP_RELATION_SUGGESTION,train,llm_synthetic_expanded,1.0
llm_synth_expanded_1012,synthetic,13,9,10,"[""MENTION_SELECTED"", ""MENTION_SELECTED"", ""ENTITY_GROUPED"", ""MENTION_DESELECTED"", ""MENTION_DESELECTED"", ""STEP_RELATION_SUGGESTION"", ""STEP_RELATIONS"", ""MENTION_SELECTED"", ""MENTION_SELECTED"", ""MENTION_SELECTED""]",STEP_RELATION_SUGGESTION,train,llm_synthetic_expanded,1.0
llm_synth_expanded_768,synthetic,33,1,2,"[""PROCESS_START"", ""ENTITY_GROUPED""]",STEP_RELATION_SUGGESTION,train,llm_synthetic_expanded,0.5
llm_synth_expanded_1054,synthetic,43,10,11,"[""TOKEN_SELECTED"", ""TOKEN_SELECTED"", ""TOKEN_SELECTED"", ""MENTION_CREATED"", ""STEP_ENTITIES"", ""MENTION_SELECTED"", ""MENTION_SELECTED"", ""MENTION_SELECTED"", ""ENTITY_GROUPED"", ""MENTION_SELECTED"", ""ENTITY_GROUPED""]",STEP_RELATION_SUGGESTION,train,llm_synthetic_expanded,1.0
llm_synth_expanded_825,synthetic,22,1,2,"[""PROCESS_START"", ""STEP_MENTION_SUGGESTION""]",STEP_RELATION_SUGGESTION,train,llm_synthetic_expanded,0.5
llm_synth_expanded_483,synthetic,44,3,4,"[""PROCESS_START"", ""MENTION_SELECTED"", ""MENTION_SELECTED"", ""ENTITY_GROUPED""]",STEP_RELATION_SUGGESTION,train,llm_synthetic_expanded,0.75
llm_synth_expanded_658,synthetic,23,18,19,"[""PROCESS_START"", ""MENTION_DELETED"", ""TOKEN_SELECTED"", ""TOKEN_SELECTED"", ""TOKEN_SELECTED"", ""TOKEN_DESELECTED"", ""TOKEN_DESELECTED"", ""TOKEN_DESELECTED"", ""TOKEN_SELECTED"", ""MENTION_CREATED"", ""STEP_ENTITIES"", ""MENTION_SELECTED"", ""MENTION_SELECTED"", ""ENTITY_GROUPED"", ""MENTION_SELECTED"", ""MENTION_TYPE_UPDATED"", ""MENTION_SELECTED"", ""MENTION_SELECTED"", ""ENTITY_GROUPED""]",STEP_RELATION_SUGGESTION,train,llm_synthetic_expanded,0.9473684210526315
llm_synth_expanded_740,synthetic,23,17,18,"[""PROCESS_START"", ""MENTION_CREATED"", ""TOKEN_SELECTED"", ""TOKEN_SELECTED"", ""MENTION_CREATED"", ""TOKEN_SELECTED"", ""TOKEN_SELECTED"", ""MENTION_CREATED"", ""TOKEN_SELECTED"", ""TOKEN_SELECTED"", ""MENTION_CREATED"", ""STEP_ENTITIES"", ""MENTION_SELECTED"", ""MENTION_SELECTED"", ""ENTITY_GROUPED"", ""MENTION_SELECTED"", ""MENTION_SELECTED"", ""ENTITY_GROUPED""]",STEP_RELATION_SUGGESTION,train,llm_synthetic_expanded,0.9444444444444444
llm_synth_expanded_1045,synthetic,11,20,21,"[""TOKEN_SELECTED"", ""MENTION_CREATED"", ""TOKEN_SELECTED"", ""MENTION_CREATED"", ""TOKEN_SELECTED"", ""TOKEN_SELECTED"", ""TOKEN_SELECTED"", ""MENTION_CREATED"", ""TOKEN_SELECTED"", ""TOKEN_SELECTED"", ""TOKEN_SELECTED"", ""MENTION_CREATED"", ""TOKEN_SELECTED"", ""MENTION_CREATED"", ""MENTION_SELECTED"", ""MENTION_SELECTED"", ""ENTITY_GROUPED"", ""MENTION_SELECTED"", ""MENTION_SELECTED"", ""MENTION_SELECTED"", ""ENTITY_GROUPED""]",STEP_RELATION_SUGGESTION,train,llm_synthetic_expanded,1.0
llm_synth_expanded_769,synthetic,33,1,2,"[""PROCESS_START"", ""ENTITY_REMOVED""]",STEP_RELATION_SUGGESTION,train,llm_synthetic_expanded,0.5
llm_synth_expanded_342,synthetic,44,16,17,"[""PROCESS_START"", ""MENTION_CREATED"", ""TOKEN_SELECTED"", ""TOKEN_SELECTED"", ""TOKEN_SELECTED"", ""MENTION_CREATED"", ""STEP_ENTITIES"", ""MENTION_SELECTED"", ""MENTION_SELECTED"", ""MENTION_SELECTED"", ""ENTITY_GROUPED"", ""MENTION_SELECTED"", ""MENTION_SELECTED"", ""MENTION_DESELECTED"", ""MENTION_DESELECTED"", ""MENTION_DESELECTED"", ""ENTITY_GROUPED""]",STEP_RELATION_SUGGESTION,train,llm_synthetic_expanded,0.9411764705882353
llm_synth_expanded_647,synthetic,43,3,4,"[""PROCESS_START"", ""TOKEN_SELECTED"", ""TOKEN_SELECTED"", ""TOKEN_DESELECTED""]",TOKEN_DESELECTED,train,llm_synthetic_expanded,0.75
llm_synth_expanded_320,synthetic,33,7,8,"[""MENTION_CREATED"", ""MENTION_SELECTED"", ""MENTION_DELETED"", ""TOKEN_SELECTED"", ""TOKEN_SELECTED"", ""MENTION_CREATED"", ""TOKEN_SELECTED"", ""TOKEN_SELECTED""]",TOKEN_DESELECTED,train,llm_synthetic_expanded,1.0
llm_synth_expanded_78,synthetic,43,16,17,"[""TOKEN_SELECTED"", ""MENTION_CREATED"", ""TOKEN_SELECTED"", ""TOKEN_DESELECTED"", ""TOKEN_SELECTED"", ""MENTION_CREATED"", ""TOKEN_SELECTED"", ""TOKEN_SELECTED"", ""TOKEN_SELECTED"", ""MENTION_CREATED"", ""TOKEN_SELECTED"", ""MENTION_CREATED"", ""TOKEN_SELECTED"", ""TOKEN_SELECTED"", ""TOKEN_SELECTED"", ""TOKEN_DESELECTED"", ""TOKEN_DESELECTED""]",TOKEN_DESELECTED,train,llm_synthetic_expanded,1.0
llm_synth_expanded_658,synthetic,23,4,5,"[""PROCESS_START"", ""MENTION_DELETED"", ""TOKEN_SELECTED"", ""TOKEN_SELECTED"", ""TOKEN_SELECTED""]",TOKEN_DESELECTED,train,llm_synthetic_expanded,0.8
llm_synth_expanded_74,synthetic,43,11,12,"[""MENTION_SUGGESTION_BOUNDS_UPDATED"", ""TOKEN_SELECTED"", ""TOKEN_SELECTED"", ""TOKEN_SELECTED"", ""MENTION_CREATED"", ""TOKEN_SELECTED"", ""MENTION_CREATED"", ""TOKEN_SELECTED"", ""MENTION_CREATED"", ""TOKEN_SELECTED"", ""TOKEN_SELECTED"", ""TOKEN_DESELECTED""]",TOKEN_DESELECTED,train,llm_synthetic_expanded,1.0
llm_synth_expanded_1222,synthetic,24,11,12,"[""PROCESS_START"", ""STEP_MENTION_SUGGESTION"", ""TOKEN_SELECTED"", ""TOKEN_SELECTED"", ""MENTION_CREATED"", ""TOKEN_SELECTED"", ""TOKEN_SELECTED"", ""MENTION_CREATED"", ""TOKEN_SELECTED"", ""TOKEN_SELECTED"", ""TOKEN_SELECTED"", ""TOKEN_DESELECTED""]",TOKEN_DESELECTED,train,llm_synthetic_expanded,1.0
llm_synth_expanded_580,synthetic,41,7,8,"[""MENTION_CREATED"", ""TOKEN_SELECTED"", ""MENTION_CREATED"", ""TOKEN_SELECTED"", ""MENTION_CREATED"", ""TOKEN_SELECTED"", ""TOKEN_SELECTED"", ""TOKEN_DESELECTED""]",TOKEN_DESELECTED,train,llm_synthetic_expanded,1.0
llm_synth_expanded_715,synthetic,33,15,16,"[""PROCESS_START"", ""STEP_MENTION_SUGGESTION"", ""STEP_METION"", ""TOKEN_SELECTED"", ""MENTION_CREATED"", ""TOKEN_SELECTED"", ""TOKEN_SELECTED"", ""TOKEN_SELECTED"", ""TOKEN_DESELECTED"", ""TOKEN_DESELECTED"", ""TOKEN_DESELECTED"", ""TOKEN_SELECTED"", ""TOKEN_SELECTED"", ""MENTION_CREATED"", ""TOKEN_SELECTED"", ""TOKEN_SELECTED""]",TOKEN_DESELECTED,train,llm_synthetic_expanded,1.0
llm_synth_expanded_836,synthetic,23,5,6,"[""TOKEN_SELECTED"", ""MENTION_CREATED"", ""TOKEN_SELECTED"", ""MENTION_CREATED"", ""TOKEN_SELECTED"", ""TOKEN_SELECTED""]",TOKEN_DESELECTED,train,llm_synthetic_expanded,1.0
llm_synth_expanded_78,synthetic,43,14,15,"[""TOKEN_SELECTED"", ""MENTION_CREATED"", ""TOKEN_SELECTED"", ""TOKEN_DESELECTED"", ""TOKEN_SELECTED"", ""MENTION_CREATED"", ""TOKEN_SELECTED"", ""TOKEN_SELECTED"", ""TOKEN_SELECTED"", ""MENTION_CREATED"", ""TOKEN_SELECTED"", ""MENTION_CREATED"", ""TOKEN_SELECTED"", ""TOKEN_SELECTED"", ""TOKEN_SELECTED""]",TOKEN_DESELECTED,train,llm_synthetic_expanded,1.0
llm_synth_expanded_658,synthetic,23,5,6,"[""PROCESS_START"", ""MENTION_DELETED"", ""TOKEN_SELECTED"", ""TOKEN_SELECTED"", ""TOKEN_SELECTED"", ""TOKEN_DESELECTED""]",TOKEN_DESELECTED,train,llm_synthetic_expanded,0.8333333333333334
llm_synth_expanded_125,synthetic,41,8,9,"[""PROCESS_START"", ""TOKEN_SELECTED"", ""MENTION_SELECTED"", ""RELATION_CREATED"", ""MENTION_SELECTED"", ""MENTION_DESELECTED"", ""TOKEN_SELECTED"", ""TOKEN_SELECTED"", ""TOKEN_DESELECTED""]",TOKEN_DESELECTED,train,llm_synthetic_expanded,0.8888888888888888
llm_synth_expanded_320,synthetic,33,16,17,"[""MENTION_CREATED"", ""MENTION_SELECTED"", ""MENTION_DELETED"", ""TOKEN_SELECTED"", ""TOKEN_SELECTED"", ""MENTION_CREATED"", ""TOKEN_SELECTED"", ""TOKEN_SELECTED"", ""TOKEN_DESELECTED"", ""TOKEN_DESELECTED"", ""TOKEN_SELECTED"", ""MENTION_CREATED"", ""TOKEN_SELECTED"", ""TOKEN_SELECTED"", ""TOKEN_SELECTED"", ""TOKEN_DESELECTED"", ""TOKEN_DESELECTED""]",TOKEN_DESELECTED,train,llm_synthetic_expanded,1.0
llm_synth_expanded_122,synthetic,41,6,7,"[""PROCESS_START"", ""MENTION_SELECTED"", ""RELATION_CREATED"", ""MENTION_SELECTED"", ""MENTION_DESELECTED"", ""TOKEN_SELECTED"", ""TOKEN_SELECTED""]",TOKEN_DESELECTED,train,llm_synthetic_expanded,0.8571428571428571
llm_synth_expanded_320,synthetic,33,14,15,"[""MENTION_CREATED"", ""MENTION_SELECTED"", ""MENTION_DELETED"", ""TOKEN_SELECTED"", ""TOKEN_SELECTED"", ""MENTION_CREATED"", ""TOKEN_SELECTED"", ""TOKEN_SELECTED"", ""TOKEN_DESELECTED"", ""TOKEN_DESELECTED"", ""TOKEN_SELECTED"", ""MENTION_CREATED"", ""TOKEN_SELECTED"", ""TOKEN_SELECTED"", ""TOKEN_SELECTED""]",TOKEN_DESELECTED,train,llm_synthetic_expanded,1.0
llm_synth_expanded_1009,synthetic,23,6,7,"[""PROCESS_START"", ""MENTION_CREATED"", ""TOKEN_SELECTED"", ""TOKEN_SELECTED"", ""TOKEN_DESELECTED"", ""TOKEN_SELECTED"", ""TOKEN_SELECTED""]",TOKEN_DESELECTED,train,llm_synthetic_expanded,0.8571428571428571
llm_synth_expanded_320,synthetic,33,15,16,"[""MENTION_CREATED"", ""MENTION_SELECTED"", ""MENTION_DELETED"", ""TOKEN_SELECTED"", ""TOKEN_SELECTED"", ""MENTION_CREATED"", ""TOKEN_SELECTED"", ""TOKEN_SELECTED"", ""TOKEN_DESELECTED"", ""TOKEN_DESELECTED"", ""TOKEN_SELECTED"", ""MENTION_CREATED"", ""TOKEN_SELECTED"", ""TOKEN_SELECTED"", ""TOKEN_SELECTED"", ""TOKEN_DESELECTED""]",TOKEN_DESELECTED,train,llm_synthetic_expanded,1.0
llm_synth_expanded_1046,synthetic,11,1,2,"[""MENTION_CREATED"", ""TOKEN_SELECTED""]",TOKEN_DESELECTED,train,llm_synthetic_expanded,1.0
llm_synth_expanded_1009,synthetic,23,11,12,"[""PROCESS_START"", ""MENTION_CREATED"", ""TOKEN_SELECTED"", ""TOKEN_SELECTED"", ""TOKEN_DESELECTED"", ""TOKEN_SELECTED"", ""TOKEN_SELECTED"", ""TOKEN_DESELECTED"", ""TOKEN_SELECTED"", ""MENTION_CREATED"", ""TOKEN_SELECTED"", ""TOKEN_DESELECTED""]",TOKEN_DESELECTED,train,llm_synthetic_expanded,0.9166666666666666
llm_synth_expanded_18,synthetic,43,13,14,"[""PROCESS_START"", ""STEP_MENTION_SUGGESTION"", ""STEP_METION"", ""TOKEN_SELECTED"", ""MENTION_CREATED"", ""TOKEN_SELECTED"", ""TOKEN_SELECTED"", ""TOKEN_SELECTED"", ""MENTION_CREATED"", ""TOKEN_SELECTED"", ""MENTION_CREATED"", ""TOKEN_SELECTED"", ""TOKEN_SELECTED"", ""TOKEN_SELECTED""]",TOKEN_DESELECTED,train,llm_synthetic_expanded,1.0
llm_synth_expanded_647,synthetic,43,2,3,"[""PROCESS_START"", ""TOKEN_SELECTED"", ""TOKEN_SELECTED""]",TOKEN_DESELECTED,train,llm_synthetic_expanded,0.6666666666666666
llm_synth_expanded_78,synthetic,43,2,3,"[""TOKEN_SELECTED"", ""MENTION_CREATED"", ""TOKEN_SELECTED""]",TOKEN_DESELECTED,train,llm_synthetic_expanded,1.0
llm_synth_expanded_125,synthetic,41,7,8,"[""PROCESS_START"", ""TOKEN_SELECTED"", ""MENTION_SELECTED"", ""RELATION_CREATED"", ""MENTION_SELECTED"", ""MENTION_DESELECTED"", ""TOKEN_SELECTED"", ""TOKEN_SELECTED""]",TOKEN_DESELECTED,train,llm_synthetic_expanded,0.875
llm_synth_expanded_1222,synthetic,24,14,15,"[""PROCESS_START"", ""STEP_MENTION_SUGGESTION"", ""TOKEN_SELECTED"", ""TOKEN_SELECTED"", ""MENTION_CREATED"", ""TOKEN_SELECTED"", ""TOKEN_SELECTED"", ""MENTION_CREATED"", ""TOKEN_SELECTED"", ""TOKEN_SELECTED"", ""TOKEN_SELECTED"", ""TOKEN_DESELECTED"", ""TOKEN_DESELECTED"", ""TOKEN_SELECTED"", ""TOKEN_SELECTED""]",TOKEN_DESELECTED,train,llm_synthetic_expanded,1.0
llm_synth_expanded_18,synthetic,43,14,15,"[""PROCESS_START"", ""STEP_MENTION_SUGGESTION"", ""STEP_METION"", ""TOKEN_SELECTED"", ""MENTION_CREATED"", ""TOKEN_SELECTED"", ""TOKEN_SELECTED"", ""TOKEN_SELECTED"", ""MENTION_CREATED"", ""TOKEN_SELECTED"", ""MENTION_CREATED"", ""TOKEN_SELECTED"", ""TOKEN_SELECTED"", ""TOKEN_SELECTED"", ""TOKEN_DESELECTED""]",TOKEN_DESELECTED,train,llm_synthetic_expanded,1.0
llm_synth_expanded_836,synthetic,23,6,7,"[""TOKEN_SELECTED"", ""MENTION_CREATED"", ""TOKEN_SELECTED"", ""MENTION_CREATED"", ""TOKEN_SELECTED"", ""TOKEN_SELECTED"", ""TOKEN_DESELECTED""]",TOKEN_DESELECTED,train,llm_synthetic_expanded,1.0
llm_synth_expanded_615,synthetic,33,8,9,"[""PROCESS_START"", ""STEP_MENTION_SUGGESTION"", ""STEP_METION"", ""TOKEN_SELECTED"", ""MENTION_CREATED"", ""TOKEN_SELECTED"", ""TOKEN_SELECTED"", ""TOKEN_SELECTED"", ""TOKEN_DESELECTED""]",TOKEN_DESELECTED,train,llm_synthetic_expanded,1.0
llm_synth_expanded_18,synthetic,43,15,16,"[""PROCESS_START"", ""STEP_MENTION_SUGGESTION"", ""STEP_METION"", ""TOKEN_SELECTED"", ""MENTION_CREATED"", ""TOKEN_SELECTED"", ""TOKEN_SELECTED"", ""TOKEN_SELECTED"", ""MENTION_CREATED"", ""TOKEN_SELECTED"", ""MENTION_CREATED"", ""TOKEN_SELECTED"", ""TOKEN_SELECTED"", ""TOKEN_SELECTED"", ""TOKEN_DESELECTED"", ""TOKEN_DESELECTED""]",TOKEN_DESELECTED,train,llm_synthetic_expanded,1.0
llm_synth_expanded_1009,synthetic,23,3,4,"[""PROCESS_START"", ""MENTION_CREATED"", ""TOKEN_SELECTED"", ""TOKEN_SELECTED""]",TOKEN_DESELECTED,train,llm_synthetic_expanded,0.75
llm_synth_expanded_1222,synthetic,24,15,16,"[""PROCESS_START"", ""STEP_MENTION_SUGGESTION"", ""TOKEN_SELECTED"", ""TOKEN_SELECTED"", ""MENTION_CREATED"", ""TOKEN_SELECTED"", ""TOKEN_SELECTED"", ""MENTION_CREATED"", ""TOKEN_SELECTED"", ""TOKEN_SELECTED"", ""TOKEN_SELECTED"", ""TOKEN_DESELECTED"", ""TOKEN_DESELECTED"", ""TOKEN_SELECTED"", ""TOKEN_SELECTED"", ""TOKEN_DESELECTED""]",TOKEN_DESELECTED,train,llm_synthetic_expanded,1.0
llm_synth_expanded_74,synthetic,43,10,11,"[""MENTION_SUGGESTION_BOUNDS_UPDATED"", ""TOKEN_SELECTED"", ""TOKEN_SELECTED"", ""TOKEN_SELECTED"", ""MENTION_CREATED"", ""TOKEN_SELECTED"", ""MENTION_CREATED"", ""TOKEN_SELECTED"", ""MENTION_CREATED"", ""TOKEN_SELECTED"", ""TOKEN_SELECTED""]",TOKEN_DESELECTED,train,llm_synthetic_expanded,1.0
llm_synth_expanded_1046,synthetic,11,7,8,"[""MENTION_CREATED"", ""TOKEN_SELECTED"", ""TOKEN_DESELECTED"", ""TOKEN_SELECTED"", ""MENTION_CREATED"", ""TOKEN_SELECTED"", ""MENTION_CREATED"", ""TOKEN_SELECTED""]",TOKEN_DESELECTED,train,llm_synthetic_expanded,1.0
llm_synth_expanded_626,synthetic,11,7,8,"[""PROCESS_START"", ""TOKEN_SELECTED"", ""TOKEN_SELECTED"", ""MENTION_CREATED"", ""TOKEN_SELECTED"", ""MENTION_CREATED"", ""TOKEN_SELECTED"", ""TOKEN_SELECTED""]",TOKEN_DESELECTED,train,llm_synthetic_expanded,0.875
llm_synth_expanded_1009,synthetic,23,10,11,"[""PROCESS_START"", ""MENTION_CREATED"", ""TOKEN_SELECTED"", ""TOKEN_SELECTED"", ""TOKEN_DESELECTED"", ""TOKEN_SELECTED"", ""TOKEN_SELECTED"", ""TOKEN_DESELECTED"", ""TOKEN_SELECTED"", ""MENTION_CREATED"", ""TOKEN_SELECTED""]",TOKEN_DESELECTED,train,llm_synthetic_expanded,0.9090909090909091
llm_synth_expanded_122,synthetic,41,7,8,"[""PROCESS_START"", ""MENTION_SELECTED"", ""RELATION_CREATED"", ""MENTION_SELECTED"", ""MENTION_DESELECTED"", ""TOKEN_SELECTED"", ""TOKEN_SELECTED"", ""TOKEN_DESELECTED""]",TOKEN_DESELECTED,train,llm_synthetic_expanded,0.875
llm_synth_expanded_615,synthetic,33,9,10,"[""PROCESS_START"", ""STEP_MENTION_SUGGESTION"", ""STEP_METION"", ""TOKEN_SELECTED"", ""MENTION_CREATED"", ""TOKEN_SELECTED"", ""TOKEN_SELECTED"", ""TOKEN_SELECTED"", ""TOKEN_DESELECTED"", ""TOKEN_DESELECTED""]",TOKEN_DESELECTED,train,llm_synthetic_expanded,1.0
llm_synth_expanded_580,synthetic,41,6,7,"[""MENTION_CREATED"", ""TOKEN_SELECTED"", ""MENTION_CREATED"", ""TOKEN_SELECTED"", ""MENTION_CREATED"", ""TOKEN_SELECTED"", ""TOKEN_SELECTED""]",TOKEN_DESELECTED,train,llm_synthetic_expanded,1.0
llm_synth_expanded_615,synthetic,33,7,8,"[""PROCESS_START"", ""STEP_MENTION_SUGGESTION"", ""STEP_METION"", ""TOKEN_SELECTED"", ""MENTION_CREATED"", ""TOKEN_SELECTED"", ""TOKEN_SELECTED"", ""TOKEN_SELECTED""]",TOKEN_DESELECTED,train,llm_synthetic_expanded,1.0
llm_synth_expanded_78,synthetic,43,15,16,"[""TOKEN_SELECTED"", ""MENTION_CREATED"", ""TOKEN_SELECTED"", ""TOKEN_DESELECTED"", ""TOKEN_SELECTED"", ""MENTION_CREATED"", ""TOKEN_SELECTED"", ""TOKEN_SELECTED"", ""TOKEN_SELECTED"", ""MENTION_CREATED"", ""TOKEN_SELECTED"", ""MENTION_CREATED"", ""TOKEN_SELECTED"", ""TOKEN_SELECTED"", ""TOKEN_SELECTED"", ""TOKEN_DESELECTED""]",TOKEN_DESELECTED,train,llm_synthetic_expanded,1.0
llm_synth_expanded_320,synthetic,33,8,9,"[""MENTION_CREATED"", ""MENTION_SELECTED"", ""MENTION_DELETED"", ""TOKEN_SELECTED"", ""TOKEN_SELECTED"", ""MENTION_CREATED"", ""TOKEN_SELECTED"", ""TOKEN_SELECTED"", ""TOKEN_DESELECTED""]",TOKEN_DESELECTED,train,llm_synthetic_expanded,1.0
llm_synth_expanded_658,synthetic,23,6,7,"[""PROCESS_START"", ""MENTION_DELETED"", ""TOKEN_SELECTED"", ""TOKEN_SELECTED"", ""TOKEN_SELECTED"", ""TOKEN_DESELECTED"", ""TOKEN_DESELECTED""]",TOKEN_DESELECTED,train,llm_synthetic_expanded,0.8571428571428571
llm_synth_expanded_1218,synthetic,34,3,4,"[""PROCESS_START"", ""MENTION_SUGGESTION_BOUNDS_UPDATED"", ""MENTION_SELECTED"", ""MENTION_SELECTED""]",TOKEN_DESELECTED,train,llm_synthetic_expanded,0.5
llm_synth_expanded_1173,synthetic,31,12,13,"[""PROCESS_START"", ""STEP_MENTION_SUGGESTION"", ""STEP_METION"", ""TOKEN_SELECTED"", ""MENTION_SUGGESTION_ACCEPTED"", ""TOKEN_SELECTED"", ""MENTION_CREATED"", ""TOKEN_SELECTED"", ""TOKEN_SELECTED"", ""MENTION_CREATED"", ""TOKEN_SELECTED"", ""TOKEN_SELECTED"", ""MENTION_CREATED""]",TOKEN_SELECTED,train,llm_synthetic_expanded,1.0
llm_synth_expanded_1045,synthetic,11,3,4,"[""TOKEN_SELECTED"", ""MENTION_CREATED"", ""TOKEN_SELECTED"", ""MENTION_CREATED""]",TOKEN_SELECTED,train,llm_synthetic_expanded,1.0
llm_synth_expanded_1201,synthetic,41,22,23,"[""PROCESS_START"", ""RELATION_CREATED"", ""MENTION_SELECTED"", ""MENTION_SELECTED"", ""RELATION_CREATED"", ""MENTION_SELECTED"", ""MENTION_SELECTED"", ""RELATION_CREATED"", ""MENTION_SELECTED"", ""MENTION_SELECTED"", ""RELATION_CREATED"", ""MENTION_SELECTED"", ""MENTION_SELECTED"", ""MENTION_DESELECTED"", ""MENTION_SELECTED"", ""RELATION_CREATED"", ""MENTION_SELECTED"", ""MENTION_SELECTED"", ""RELATION_CREATED"", ""MENTION_SELECTED"", ""MENTION_DESELECTED"", ""MENTION_SELECTED"", ""MENTION_CREATED""]",TOKEN_SELECTED,train,llm_synthetic_expanded,0.9130434782608695
llm_synth_expanded_1045,synthetic,11,8,9,"[""TOKEN_SELECTED"", ""MENTION_CREATED"", ""TOKEN_SELECTED"", ""MENTION_CREATED"", ""TOKEN_SELECTED"", ""TOKEN_SELECTED"", ""TOKEN_SELECTED"", ""MENTION_CREATED"", ""TOKEN_SELECTED""]",TOKEN_SELECTED,train,llm_synthetic_expanded,1.0
llm_synth_expanded_558,synthetic,23,2,3,"[""PROCESS_START"", ""STEP_RELATIONS"", ""TOKEN_SELECTED""]",TOKEN_SELECTED,train,llm_synthetic_expanded,0.6666666666666666
llm_synth_expanded_1246,synthetic,21,9,10,"[""PROCESS_START"", ""STEP_MENTION_SUGGESTION"", ""STEP_METION"", ""TOKEN_SELECTED"", ""MENTION_CREATED"", ""TOKEN_SELECTED"", ""MENTION_CREATED"", ""TOKEN_SELECTED"", ""MENTION_CREATED"", ""TOKEN_SELECTED""]",TOKEN_SELECTED,train,llm_synthetic_expanded,1.0
llm_synth_expanded_867,synthetic,43,16,17,"[""TOKEN_SELECTED"", ""MENTION_CREATED"", ""TOKEN_SELECTED"", ""MENTION_CREATED"", ""TOKEN_SELECTED"", ""MENTION_CREATED"", ""TOKEN_SELECTED"", ""MENTION_CREATED"", ""TOKEN_SELECTED"", ""TOKEN_SELECTED"", ""MENTION_CREATED"", ""TOKEN_SELECTED"", ""MENTION_CREATED"", ""TOKEN_SELECTED"", ""MENTION_CREATED"", ""TOKEN_SELECTED"", ""MENTION_CREATED""]",TOKEN_SELECTED,train,llm_synthetic_expanded,1.0
llm_synth_expanded_659,synthetic,23,16,17,"[""PROCESS_START"", ""STEP_RELATION_SUGGESTION"", ""STEP_RELATIONS"", ""MENTION_SELECTED"", ""MENTION_SELECTED"", ""RELATION_CREATED"", ""MENTION_SELECTED"", ""MENTION_SELECTED"", ""RELATION_CREATED"", ""MENTION_SELECTED"", ""MENTION_SELECTED"", ""RELATION_CREATED"", ""MENTION_SELECTED"", ""MENTION_SELECTED"", ""RELATION_CREATED"", ""MENTION_SELECTED"", ""MENTION_TYPE_UPDATED""]",TOKEN_SELECTED,train,llm_synthetic_expanded,0.9411764705882353
llm_synth_expanded_892,synthetic,23,25,26,"[""PROCESS_START"", ""STEP_RELATIONS"", ""STEP_MENTION_SUGGESTION"", ""STEP_METION"", ""TOKEN_SELECTED"", ""MENTION_CREATED"", ""TOKEN_SELECTED"", ""MENTION_CREATED"", ""TOKEN_SELECTED"", ""TOKEN_SELECTED"", ""MENTION_SUGGESTION_REJECTED"", ""TOKEN_SELECTED"", ""TOKEN_SELECTED"", ""MENTION_CREATED"", ""TOKEN_SELECTED"", ""TOKEN_SELECTED"", ""MENTION_CREATED"", ""TOKEN_SELECTED"", ""TOKEN_SELECTED"", ""MENTION_CREATED"", ""TOKEN_SELECTED"", ""TOKEN_SELECTED"", ""MENTION_CREATED"", ""TOKEN_SELECTED"", ""TOKEN_SELECTED"", ""MENTION_CREATED""]",TOKEN_SELECTED,train,llm_synthetic_expanded,0.8846153846153846
llm_synth_expanded_580,synthetic,41,5,6,"[""MENTION_CREATED"", ""TOKEN_SELECTED"", ""MENTION_CREATED"", ""TOKEN_SELECTED"", ""MENTION_CREATED"", ""TOKEN_SELECTED""]",TOKEN_SELECTED,train,llm_synthetic_expanded,1.0
llm_synth_expanded_867,synthetic,43,7,8,"[""TOKEN_SELECTED"", ""MENTION_CREATED"", ""TOKEN_SELECTED"", ""MENTION_CREATED"", ""TOKEN_SELECTED"", ""MENTION_CREATED"", ""TOKEN_SELECTED"", ""MENTION_CREATED""]",TOKEN_SELECTED,train,llm_synthetic_expanded,1.0
llm_synth_expanded_171,synthetic,24,13,14,"[""PROCESS_START"", ""MENTION_CREATED"", ""TOKEN_SELECTED"", ""TOKEN_SELECTED"", ""MENTION_CREATED"", ""TOKEN_SELECTED"", ""TOKEN_SELECTED"", ""MENTION_CREATED"", ""TOKEN_SELECTED"", ""TOKEN_SELECTED"", ""MENTION_CREATED"", ""TOKEN_SELECTED"", ""TOKEN_SELECTED"", ""MENTION_CREATED""]",TOKEN_SELECTED,train,llm_synthetic_expanded,0.9285714285714286
llm_synth_expanded_201,synthetic,33,2,3,"[""PROCESS_START"", ""STEP_RELATIONS"", ""TOKEN_SELECTED""]",TOKEN_SELECTED,train,llm_synthetic_expanded,0.6666666666666666
llm_synth_expanded_125,synthetic,41,6,7,"[""PROCESS_START"", ""TOKEN_SELECTED"", ""MENTION_SELECTED"", ""RELATION_CREATED"", ""MENTION_SELECTED"", ""MENTION_DESELECTED"", ""TOKEN_SELECTED""]",TOKEN_SELECTED,train,llm_synthetic_expanded,0.8571428571428571
llm_synth_expanded_325,synthetic,33,4,5,"[""TOKEN_SELECTED"", ""MENTION_CREATED"", ""TOKEN_SELECTED"", ""TOKEN_SELECTED"", ""MENTION_CREATED""]",TOKEN_SELECTED,train,llm_synthetic_expanded,1.0
llm_synth_expanded_548,synthetic,25,12,13,"[""PROCESS_START"", ""STEP_RELATIONS"", ""RELATION_SUGGESTION_MARKED"", ""TOKEN_SELECTED"", ""TOKEN_SELECTED"", ""MENTION_CREATED"", ""TOKEN_SELECTED"", ""TOKEN_SELECTED"", ""MENTION_CREATED"", ""TOKEN_SELECTED"", ""TOKEN_SELECTED"", ""TOKEN_SELECTED"", ""MENTION_CREATED""]",TOKEN_SELECTED,train,llm_synthetic_expanded,0.7692307692307693
llm_synth_expanded_125,synthetic,41,9,10,"[""PROCESS_START"", ""TOKEN_SELECTED"", ""MENTION_SELECTED"", ""RELATION_CREATED"", ""MENTION_SELECTED"", ""MENTION_DESELECTED"", ""TOKEN_SELECTED"", ""TOKEN_SELECTED"", ""TOKEN_DESELECTED"", ""TOKEN_DESELECTED""]",TOKEN_SELECTED,train,llm_synthetic_expanded,0.9
llm_synth_expanded_867,synthetic,43,5,6,"[""TOKEN_SELECTED"", ""MENTION_CREATED"", ""TOKEN_SELECTED"", ""MENTION_CREATED"", ""TOKEN_SELECTED"", ""MENTION_CREATED""]",TOKEN_SELECTED,train,llm_synthetic_expanded,1.0
llm_synth_expanded_483,synthetic,44,17,18,"[""PROCESS_START"", ""MENTION_SELECTED"", ""MENTION_SELECTED"", ""ENTITY_GROUPED"", ""STEP_RELATION_SUGGESTION"", ""RELATION_SUGGESTION_REJECTED"", ""RELATION_SUGGESTION_REJECTED"", ""RELATION_SUGGESTION_ACCEPTED"", ""RELATION_SUGGESTION_ACCEPTED"", ""STEP_RELATIONS"", ""MENTION_SELECTED"", ""MENTION_DELETED"", ""MENTION_SELECTED"", ""MENTION_DELETED"", ""MENTION_SELECTED"", ""MENTION_DELETED"", ""MENTION_SELECTED"", ""MENTION_DELETED""]",TOKEN_SELECTED,train,llm_synthetic_expanded,0.9444444444444444
llm_synth_expanded_991,synthetic,11,1,2,"[""TOKEN_SELECTED"", ""MENTION_CREATED""]",TOKEN_SELECTED,train,llm_synthetic_expanded,1.0
llm_synth_expanded_225,synthetic,25,2,3,"[""TOKEN_SELECTED"", ""TOKEN_SELECTED"", ""MENTION_CREATED""]",TOKEN_SELECTED,train,llm_synthetic_expanded,1.0
llm_synth_expanded_66,synthetic,41,14,15,"[""PROCESS_START"", ""STEP_MENTION_SUGGESTION"", ""STEP_METION"", ""TOKEN_SELECTED"", ""MENTION_CREATED"", ""TOKEN_SELECTED"", ""MENTION_CREATED"", ""TOKEN_SELECTED"", ""MENTION_CREATED"", ""TOKEN_SELECTED"", ""TOKEN_SELECTED"", ""TOKEN_DESELECTED"", ""MENTION_CREATED"", ""TOKEN_SELECTED"", ""MENTION_CREATED""]",TOKEN_SELECTED,train,llm_synthetic_expanded,1.0
llm_synth_expanded_1222,synthetic,24,12,13,"[""PROCESS_START"", ""STEP_MENTION_SUGGESTION"", ""TOKEN_SELECTED"", ""TOKEN_SELECTED"", ""MENTION_CREATED"", ""TOKEN_SELECTED"", ""TOKEN_SELECTED"", ""MENTION_CREATED"", ""TOKEN_SELECTED"", ""TOKEN_SELECTED"", ""TOKEN_SELECTED"", ""TOKEN_DESELECTED"", ""TOKEN_DESELECTED""]",TOKEN_SELECTED,train,llm_synthetic_expanded,1.0
llm_synth_expanded_1059,synthetic,14,6,7,"[""PROCESS_START"", ""STEP_MENTION_SUGGESTION"", ""STEP_METION"", ""TOKEN_SELECTED"", ""MENTION_CREATED"", ""TOKEN_SELECTED"", ""MENTION_CREATED""]",TOKEN_SELECTED,train,llm_synthetic_expanded,1.0
llm_synth_expanded_1058,synthetic,13,7,8,"[""PROCESS_START"", ""STEP_MENTION_SUGGESTION"", ""STEP_METION"", ""TOKEN_SELECTED"", ""MENTION_CREATED"", ""TOKEN_SELECTED"", ""MENTION_CREATED"", ""TOKEN_SELECTED""]",TOKEN_SELECTED,train,llm_synthetic_expanded,1.0
llm_synth_expanded_1222,synthetic,24,13,14,"[""PROCESS_START"", ""STEP_MENTION_SUGGESTION"", ""TOKEN_SELECTED"", ""TOKEN_SELECTED"", ""MENTION_CREATED"", ""TOKEN_SELECTED"", ""TOKEN_SELECTED"", ""MENTION_CREATED"", ""TOKEN_SELECTED"", ""TOKEN_SELECTED"", ""TOKEN_SELECTED"", ""TOKEN_DESELECTED"", ""TOKEN_DESELECTED"", ""TOKEN_SELECTED""]",TOKEN_SELECTED,train,llm_synthetic_expanded,1.0
llm_synth_expanded_263,synthetic,41,8,9,"[""TOKEN_SELECTED"", ""MENTION_CREATED"", ""TOKEN_SELECTED"", ""TOKEN_SELECTED"", ""MENTION_CREATED"", ""TOKEN_SELECTED"", ""TOKEN_SELECTED"", ""TOKEN_SELECTED"", ""MENTION_CREATED""]",TOKEN_SELECTED,train,llm_synthetic_expanded,1.0
llm_synth_expanded_867,synthetic,43,12,13,"[""TOKEN_SELECTED"", ""MENTION_CREATED"", ""TOKEN_SELECTED"", ""MENTION_CREATED"", ""TOKEN_SELECTED"", ""MENTION_CREATED"", ""TOKEN_SELECTED"", ""MENTION_CREATED"", ""TOKEN_SELECTED"", ""TOKEN_SELECTED"", ""MENTION_CREATED"", ""TOKEN_SELECTED"", ""MENTION_CREATED""]",TOKEN_SELECTED,train,llm_synthetic_expanded,1.0
llm_synth_expanded_225,synthetic,25,18,19,"[""TOKEN_SELECTED"", ""TOKEN_SELECTED"", ""MENTION_CREATED"", ""TOKEN_SELECTED"", ""TOKEN_SELECTED"", ""MENTION_CREATED"", ""TOKEN_SELECTED"", ""TOKEN_SELECTED"", ""MENTION_CREATED"", ""TOKEN_SELECTED"", ""MENTION_CREATED"", ""TOKEN_SELECTED"", ""MENTION_CREATED"", ""TOKEN_SELECTED"", ""MENTION_CREATED"", ""TOKEN_SELECTED"", ""MENTION_CREATED"", ""TOKEN_SELECTED"", ""MENTION_CREATED""]",TOKEN_SELECTED,train,llm_synthetic_expanded,1.0
llm_synth_expanded_263,synthetic,41,13,14,"[""TOKEN_SELECTED"", ""MENTION_CREATED"", ""TOKEN_SELECTED"", ""TOKEN_SELECTED"", ""MENTION_CREATED"", ""TOKEN_SELECTED"", ""TOKEN_SELECTED"", ""TOKEN_SELECTED"", ""MENTION_CREATED"", ""TOKEN_SELECTED"", ""MENTION_CREATED"", ""TOKEN_SELECTED"", ""MENTION_CREATED"", ""TOKEN_SELECTED""]",TOKEN_SELECTED,train,llm_synthetic_expanded,1.0
llm_synth_expanded_78,synthetic,43,13,14,"[""TOKEN_SELECTED"", ""MENTION_CREATED"", ""TOKEN_SELECTED"", ""TOKEN_DESELECTED"", ""TOKEN_SELECTED"", ""MENTION_CREATED"", ""TOKEN_SELECTED"", ""TOKEN_SELECTED"", ""TOKEN_SELECTED"", ""MENTION_CREATED"", ""TOKEN_SELECTED"", ""MENTION_CREATED"", ""TOKEN_SELECTED"", ""TOKEN_SELECTED""]",TOKEN_SELECTED,train,llm_synthetic_expanded,1.0
llm_synth_expanded_320,synthetic,33,17,18,"[""MENTION_CREATED"", ""MENTION_SELECTED"", ""MENTION_DELETED"", ""TOKEN_SELECTED"", ""TOKEN_SELECTED"", ""MENTION_CREATED"", ""TOKEN_SELECTED"", ""TOKEN_SELECTED"", ""TOKEN_DESELECTED"", ""TOKEN_DESELECTED"", ""TOKEN_SELECTED"", ""MENTION_CREATED"", ""TOKEN_SELECTED"", ""TOKEN_SELECTED"", ""TOKEN_SELECTED"", ""TOKEN_DESELECTED"", ""TOKEN_DESELECTED"", ""TOKEN_DESELECTED""]",TOKEN_SELECTED,train,llm_synthetic_expanded,1.0
llm_synth_expanded_325,synthetic,33,10,11,"[""TOKEN_SELECTED"", ""MENTION_CREATED"", ""TOKEN_SELECTED"", ""TOKEN_SELECTED"", ""MENTION_CREATED"", ""TOKEN_SELECTED"", ""TOKEN_SELECTED"", ""MENTION_CREATED"", ""TOKEN_SELECTED"", ""TOKEN_SELECTED"", ""MENTION_CREATED""]",TOKEN_SELECTED,train,llm_synthetic_expanded,1.0
llm_synth_expanded_201,synthetic,33,1,2,"[""PROCESS_START"", ""STEP_RELATIONS""]",TOKEN_SELECTED,train,llm_synthetic_expanded,0.5
llm_synth_expanded_80,synthetic,31,10,11,"[""PROCESS_START"", ""STEP_MENTION_SUGGESTION"", ""STEP_METION"", ""TOKEN_SELECTED"", ""MENTION_CREATED"", ""TOKEN_SELECTED"", ""MENTION_CREATED"", ""TOKEN_SELECTED"", ""MENTION_CREATED"", ""TOKEN_SELECTED"", ""MENTION_CREATED""]",TOKEN_SELECTED,train,llm_synthetic_expanded,1.0
llm_synth_expanded_1177,synthetic,31,18,19,"[""PROCESS_START"", ""STEP_MENTION_SUGGESTION"", ""STEP_METION"", ""TOKEN_SELECTED"", ""TOKEN_SELECTED"", ""MENTION_CREATED"", ""TOKEN_SELECTED"", ""TOKEN_SELECTED"", ""MENTION_CREATED"", ""TOKEN_SELECTED"", ""TOKEN_SELECTED"", ""MENTION_CREATED"", ""TOKEN_SELECTED"", ""TOKEN_SELECTED"", ""MENTION_CREATED"", ""TOKEN_SELECTED"", ""TOKEN_SELECTED"", ""MENTION_CREATED"", ""TOKEN_SELECTED""]",TOKEN_SELECTED,train,llm_synthetic_expanded,1.0
llm_synth_expanded_836,synthetic,23,9,10,"[""TOKEN_SELECTED"", ""MENTION_CREATED"", ""TOKEN_SELECTED"", ""MENTION_CREATED"", ""TOKEN_SELECTED"", ""TOKEN_SELECTED"", ""TOKEN_DESELECTED"", ""TOKEN_DESELECTED"", ""TOKEN_SELECTED"", ""MENTION_CREATED""]",TOKEN_SELECTED,train,llm_synthetic_expanded,1.0
llm_synth_expanded_742,synthetic,23,7,8,"[""PROCESS_START"", ""TOKEN_SELECTED"", ""TOKEN_SELECTED"", ""MENTION_CREATED"", ""TOKEN_SELECTED"", ""TOKEN_SELECTED"", ""MENTION_CREATED"", ""TOKEN_SELECTED""]",TOKEN_SELECTED,train,llm_synthetic_expanded,0.875
llm_synth_expanded_773,synthetic,33,5,6,"[""PROCESS_START"", ""ENTITY_GROUPED"", ""STEP_RELATION_SUGGESTION"", ""STEP_METION"", ""MENTION_SUGGESTION_REJECTED"", ""TOKEN_SELECTED""]",TOKEN_SELECTED,train,llm_synthetic_expanded,0.5
llm_synth_expanded_1046,synthetic,11,10,11,"[""MENTION_CREATED"", ""TOKEN_SELECTED"", ""TOKEN_DESELECTED"", ""TOKEN_SELECTED"", ""MENTION_CREATED"", ""TOKEN_SELECTED"", ""MENTION_CREATED"", ""TOKEN_SELECTED"", ""TOKEN_DESELECTED"", ""TOKEN_SELECTED"", ""MENTION_CREATED""]",TOKEN_SELECTED,train,llm_synthetic_expanded,1.0
llm_synth_expanded_74,synthetic,43,9,10,"[""MENTION_SUGGESTION_BOUNDS_UPDATED"", ""TOKEN_SELECTED"", ""TOKEN_SELECTED"", ""TOKEN_SELECTED"", ""MENTION_CREATED"", ""TOKEN_SELECTED"", ""MENTION_CREATED"", ""TOKEN_SELECTED"", ""MENTION_CREATED"", ""TOKEN_SELECTED""]",TOKEN_SELECTED,train,llm_synthetic_expanded,1.0
llm_synth_expanded_1246,synthetic,21,11,12,"[""PROCESS_START"", ""STEP_MENTION_SUGGESTION"", ""STEP_METION"", ""TOKEN_SELECTED"", ""MENTION_CREATED"", ""TOKEN_SELECTED"", ""MENTION_CREATED"", ""TOKEN_SELECTED"", ""MENTION_CREATED"", ""TOKEN_SELECTED"", ""TOKEN_SELECTED"", ""MENTION_SUGGESTION_ACCEPTED""]",TOKEN_SELECTED,train,llm_synthetic_expanded,1.0
llm_synth_expanded_18,synthetic,43,11,12,"[""PROCESS_START"", ""STEP_MENTION_SUGGESTION"", ""STEP_METION"", ""TOKEN_SELECTED"", ""MENTION_CREATED"", ""TOKEN_SELECTED"", ""TOKEN_SELECTED"", ""TOKEN_SELECTED"", ""MENTION_CREATED"", ""TOKEN_SELECTED"", ""MENTION_CREATED"", ""TOKEN_SELECTED""]",TOKEN_SELECTED,train,llm_synthetic_expanded,1.0
llm_synth_expanded_310,synthetic,23,15,16,"[""PROCESS_START"", ""STEP_RELATIONS"", ""STEP_RELATION_SUGGESTION"", ""STEP_METION"", ""TOKEN_SELECTED"", ""TOKEN_SELECTED"", ""MENTION_CREATED"", ""TOKEN_SELECTED"", ""TOKEN_SELECTED"", ""MENTION_CREATED"", ""TOKEN_SELECTED"", ""TOKEN_SELECTED"", ""MENTION_CREATED"", ""TOKEN_SELECTED"", ""TOKEN_SELECTED"", ""MENTION_CREATED""]",TOKEN_SELECTED,train,llm_synthetic_expanded,0.8125
llm_synth_expanded_766,synthetic,33,5,6,"[""PROCESS_START"", ""STEP_ENTITIES"", ""STEP_RELATION_SUGGESTION"", ""STEP_METION"", ""MENTION_SUGGESTION_ACCEPTED"", ""TOKEN_SELECTED""]",TOKEN_SELECTED,train,llm_synthetic_expanded,0.5
llm_synth_expanded_560,synthetic,23,1,2,"[""PROCESS_START"", ""RELATION_CREATED""]",TOKEN_SELECTED,train,llm_synthetic_expanded,0.5
llm_synth_expanded_1009,synthetic,23,4,5,"[""PROCESS_START"", ""MENTION_CREATED"", ""TOKEN_SELECTED"", ""TOKEN_SELECTED"", ""TOKEN_DESELECTED""]",TOKEN_SELECTED,train,llm_synthetic_expanded,0.8
llm_synth_expanded_1096,synthetic,23,5,6,"[""PROCESS_START"", ""MENTION_SELECTED"", ""MENTION_TYPE_UPDATED"", ""TOKEN_SELECTED"", ""TOKEN_SELECTED"", ""TOKEN_SELECTED""]",TOKEN_SELECTED,train,llm_synthetic_expanded,0.8333333333333334
llm_synth_expanded_171,synthetic,24,17,18,"[""PROCESS_START"", ""MENTION_CREATED"", ""TOKEN_SELECTED"", ""TOKEN_SELECTED"", ""MENTION_CREATED"", ""TOKEN_SELECTED"", ""TOKEN_SELECTED"", ""MENTION_CREATED"", ""TOKEN_SELECTED"", ""TOKEN_SELECTED"", ""MENTION_CREATED"", ""TOKEN_SELECTED"", ""TOKEN_SELECTED"", ""MENTION_CREATED"", ""TOKEN_SELECTED"", ""TOKEN_SELECTED"", ""MENTION_CREATED"", ""TOKEN_SELECTED""]",TOKEN_SELECTED,train,llm_synthetic_expanded,0.9444444444444444
llm_synth_expanded_1045,synthetic,11,9,10,"[""TOKEN_SELECTED"", ""MENTION_CREATED"", ""TOKEN_SELECTED"", ""MENTION_CREATED"", ""TOKEN_SELECTED"", ""TOKEN_SELECTED"", ""TOKEN_SELECTED"", ""MENTION_CREATED"", ""TOKEN_SELECTED"", ""TOKEN_SELECTED""]",TOKEN_SELECTED,train,llm_synthetic_expanded,1.0
llm_synth_expanded_653,synthetic,23,12,13,"[""PROCESS_START"", ""MENTION_CREATED"", ""TOKEN_SELECTED"", ""MENTION_CREATED"", ""TOKEN_SELECTED"", ""TOKEN_SELECTED"", ""MENTION_CREATED"", ""TOKEN_SELECTED"", ""TOKEN_SELECTED"", ""MENTION_CREATED"", ""TOKEN_SELECTED"", ""TOKEN_SELECTED"", ""MENTION_CREATED""]",TOKEN_SELECTED,train,llm_synthetic_expanded,0.9230769230769231
llm_synth_expanded_225,synthetic,25,12,13,"[""TOKEN_SELECTED"", ""TOKEN_SELECTED"", ""MENTION_CREATED"", ""TOKEN_SELECTED"", ""TOKEN_SELECTED"", ""MENTION_CREATED"", ""TOKEN_SELECTED"", ""TOKEN_SELECTED"", ""MENTION_CREATED"", ""TOKEN_SELECTED"", ""MENTION_CREATED"", ""TOKEN_SELECTED"", ""MENTION_CREATED""]",TOKEN_SELECTED,train,llm_synthetic_expanded,1.0
llm_synth_expanded_768,synthetic,33,4,5,"[""PROCESS_START"", ""ENTITY_GROUPED"", ""STEP_RELATION_SUGGESTION"", ""STEP_METION"", ""MENTION_SUGGESTION_ACCEPTED""]",TOKEN_SELECTED,train,llm_synthetic_expanded,0.4
llm_synth_expanded_1046,synthetic,11,6,7,"[""MENTION_CREATED"", ""TOKEN_SELECTED"", ""TOKEN_DESELECTED"", ""TOKEN_SELECTED"", ""MENTION_CREATED"", ""TOKEN_SELECTED"", ""MENTION_CREATED""]",TOKEN_SELECTED,train,llm_synthetic_expanded,1.0
llm_synth_expanded_254,synthetic,23,9,10,"[""PROCESS_START"", ""STEP_MENTION_SUGGESTION"", ""STEP_METION"", ""TOKEN_SELECTED"", ""MENTION_CREATED"", ""TOKEN_SELECTED"", ""TOKEN_SELECTED"", ""MENTION_CREATED"", ""TOKEN_SELECTED"", ""TOKEN_SELECTED""]",TOKEN_SELECTED,train,llm_synthetic_expanded,1.0
llm_synth_expanded_171,synthetic,24,16,17,"[""PROCESS_START"", ""MENTION_CREATED"", ""TOKEN_SELECTED"", ""TOKEN_SELECTED"", ""MENTION_CREATED"", ""TOKEN_SELECTED"", ""TOKEN_SELECTED"", ""MENTION_CREATED"", ""TOKEN_SELECTED"", ""TOKEN_SELECTED"", ""MENTION_CREATED"", ""TOKEN_SELECTED"", ""TOKEN_SELECTED"", ""MENTION_CREATED"", ""TOKEN_SELECTED"", ""TOKEN_SELECTED"", ""MENTION_CREATED""]",TOKEN_SELECTED,train,llm_synthetic_expanded,0.9411764705882353
llm_synth_expanded_121,synthetic,41,4,5,"[""PROCESS_START"", ""MENTION_CREATED"", ""MENTION_SELECTED"", ""MENTION_DELETED"", ""TOKEN_SELECTED""]",TOKEN_SELECTED,train,llm_synthetic_expanded,0.8
llm_synth_expanded_1174,synthetic,31,12,13,"[""PROCESS_START"", ""STEP_MENTION_SUGGESTION"", ""STEP_METION"", ""TOKEN_SELECTED"", ""TOKEN_SELECTED"", ""MENTION_CREATED"", ""TOKEN_SELECTED"", ""TOKEN_SELECTED"", ""MENTION_CREATED"", ""TOKEN_SELECTED"", ""TOKEN_SELECTED"", ""MENTION_CREATED"", ""TOKEN_SELECTED""]",TOKEN_SELECTED,train,llm_synthetic_expanded,1.0
llm_synth_expanded_198,synthetic,23,12,13,"[""PROCESS_START"", ""STEP_MENTION_SUGGESTION"", ""STEP_METION"", ""TOKEN_SELECTED"", ""TOKEN_SELECTED"", ""MENTION_CREATED"", ""TOKEN_SELECTED"", ""TOKEN_SELECTED"", ""MENTION_CREATED"", ""TOKEN_SELECTED"", ""TOKEN_SELECTED"", ""MENTION_CREATED"", ""TOKEN_SELECTED""]",TOKEN_SELECTED,train,llm_synthetic_expanded,1.0
llm_synth_expanded_100,synthetic,41,10,11,"[""PROCESS_START"", ""TOKEN_SELECTED"", ""TOKEN_SELECTED"", ""MENTION_CREATED"", ""TOKEN_SELECTED"", ""MENTION_CREATED"", ""TOKEN_SELECTED"", ""MENTION_CREATED"", ""TOKEN_SELECTED"", ""TOKEN_SELECTED"", ""MENTION_CREATED""]",TOKEN_SELECTED,train,llm_synthetic_expanded,0.9090909090909091
llm_synth_expanded_1046,synthetic,11,12,13,"[""MENTION_CREATED"", ""TOKEN_SELECTED"", ""TOKEN_DESELECTED"", ""TOKEN_SELECTED"", ""MENTION_CREATED"", ""TOKEN_SELECTED"", ""MENTION_CREATED"", ""TOKEN_SELECTED"", ""TOKEN_DESELECTED"", ""TOKEN_SELECTED"", ""MENTION_CREATED"", ""TOKEN_SELECTED"", ""TOKEN_SELECTED""]",TOKEN_SELECTED,train,llm_synthetic_expanded,1.0
llm_synth_expanded_78,synthetic,43,6,7,"[""TOKEN_SELECTED"", ""MENTION_CREATED"", ""TOKEN_SELECTED"", ""TOKEN_DESELECTED"", ""TOKEN_SELECTED"", ""MENTION_CREATED"", ""TOKEN_SELECTED""]",TOKEN_SELECTED,train,llm_synthetic_expanded,1.0
llm_synth_expanded_1175,synthetic,31,17,18,"[""PROCESS_START"", ""STEP_MENTION_SUGGESTION"", ""STEP_METION"", ""TOKEN_SELECTED"", ""TOKEN_SELECTED"", ""MENTION_CREATED"", ""TOKEN_SELECTED"", ""TOKEN_SELECTED"", ""MENTION_CREATED"", ""TOKEN_SELECTED"", ""TOKEN_SELECTED"", ""MENTION_CREATED"", ""TOKEN_SELECTED"", ""TOKEN_SELECTED"", ""MENTION_CREATED"", ""TOKEN_SELECTED"", ""TOKEN_SELECTED"", ""MENTION_CREATED""]",TOKEN_SELECTED,train,llm_synthetic_expanded,1.0
llm_synth_expanded_887,synthetic,23,19,20,"[""PROCESS_START"", ""STEP_RELATIONS"", ""STEP_MENTION_SUGGESTION"", ""STEP_METION"", ""TOKEN_SELECTED"", ""MENTION_CREATED"", ""TOKEN_SELECTED"", ""MENTION_CREATED"", ""TOKEN_SELECTED"", ""TOKEN_SELECTED"", ""MENTION_SUGGESTION_REJECTED"", ""TOKEN_SELECTED"", ""TOKEN_SELECTED"", ""MENTION_CREATED"", ""TOKEN_SELECTED"", ""TOKEN_SELECTED"", ""MENTION_CREATED"", ""TOKEN_SELECTED"", ""TOKEN_SELECTED"", ""MENTION_CREATED""]",TOKEN_SELECTED,train,llm_synthetic_expanded,0.85
llm_synth_expanded_256,synthetic,23,14,15,"[""PROCESS_START"", ""STEP_MENTION_SUGGESTION"", ""STEP_METION"", ""TOKEN_SELECTED"", ""MENTION_DELETED"", ""TOKEN_SELECTED"", ""TOKEN_SELECTED"", ""MENTION_CREATED"", ""TOKEN_SELECTED"", ""TOKEN_SELECTED"", ""TOKEN_SELECTED"", ""MENTION_CREATED"", ""MENTION_SELECTED"", ""MENTION_SUGGESTION_BOUNDS_UPDATED"", ""MENTION_SUGGESTION_BOUNDS_UPDATED""]",TOKEN_SELECTED,train,llm_synthetic_expanded,0.9333333333333333
llm_synth_expanded_78,synthetic,43,1,2,"[""TOKEN_SELECTED"", ""MENTION_CREATED""]",TOKEN_SELECTED,train,llm_synthetic_expanded,1.0
llm_synth_expanded_122,synthetic,41,8,9,"[""PROCESS_START"", ""MENTION_SELECTED"", ""RELATION_CREATED"", ""MENTION_SELECTED"", ""MENTION_DESELECTED"", ""TOKEN_SELECTED"", ""TOKEN_SELECTED"", ""TOKEN_DESELECTED"", ""TOKEN_DESELECTED""]",TOKEN_SELECTED,train,llm_synthetic_expanded,0.8888888888888888
llm_synth_expanded_198,synthetic,23,14,15,"[""PROCESS_START"", ""STEP_MENTION_SUGGESTION"", ""STEP_METION"", ""TOKEN_SELECTED"", ""TOKEN_SELECTED"", ""MENTION_CREATED"", ""TOKEN_SELECTED"", ""TOKEN_SELECTED"", ""MENTION_CREATED"", ""TOKEN_SELECTED"", ""TOKEN_SELECTED"", ""MENTION_CREATED"", ""TOKEN_SELECTED"", ""TOKEN_SELECTED"", ""MENTION_CREATED""]",TOKEN_SELECTED,train,llm_synthetic_expanded,1.0
llm_synth_expanded_204,synthetic,33,1,2,"[""PROCESS_START"", ""STEP_MENTION_SUGGESTION""]",TOKEN_SELECTED,train,llm_synthetic_expanded,1.0
llm_synth_expanded_320,synthetic,33,6,7,"[""MENTION_CREATED"", ""MENTION_SELECTED"", ""MENTION_DELETED"", ""TOKEN_SELECTED"", ""TOKEN_SELECTED"", ""MENTION_CREATED"", ""TOKEN_SELECTED""]",TOKEN_SELECTED,train,llm_synthetic_expanded,1.0
llm_synth_expanded_263,synthetic,41,16,17,"[""TOKEN_SELECTED"", ""MENTION_CREATED"", ""TOKEN_SELECTED"", ""TOKEN_SELECTED"", ""MENTION_CREATED"", ""TOKEN_SELECTED"", ""TOKEN_SELECTED"", ""TOKEN_SELECTED"", ""MENTION_CREATED"", ""TOKEN_SELECTED"", ""MENTION_CREATED"", ""TOKEN_SELECTED"", ""MENTION_CREATED"", ""TOKEN_SELECTED"", ""TOKEN_SELECTED"", ""MENTION_CREATED"", ""TOKEN_SELECTED""]",TOKEN_SELECTED,train,llm_synthetic_expanded,1.0
llm_synth_expanded_153,synthetic,22,1,2,"[""PROCESS_START"", ""TOKEN_SELECTED""]",TOKEN_SELECTED,train,llm_synthetic_expanded,0.5
llm_synth_expanded_1046,synthetic,11,4,5,"[""MENTION_CREATED"", ""TOKEN_SELECTED"", ""TOKEN_DESELECTED"", ""TOKEN_SELECTED"", ""MENTION_CREATED""]",TOKEN_SELECTED,train,llm_synthetic_expanded,1.0
llm_synth_expanded_78,synthetic,43,5,6,"[""TOKEN_SELECTED"", ""MENTION_CREATED"", ""TOKEN_SELECTED"", ""TOKEN_DESELECTED"", ""TOKEN_SELECTED"", ""MENTION_CREATED""]",TOKEN_SELECTED,train,llm_synthetic_expanded,1.0
llm_synth_expanded_74,synthetic,43,14,15,"[""MENTION_SUGGESTION_BOUNDS_UPDATED"", ""TOKEN_SELECTED"", ""TOKEN_SELECTED"", ""TOKEN_SELECTED"", ""MENTION_CREATED"", ""TOKEN_SELECTED"", ""MENTION_CREATED"", ""TOKEN_SELECTED"", ""MENTION_CREATED"", ""TOKEN_SELECTED"", ""TOKEN_SELECTED"", ""TOKEN_DESELECTED"", ""TOKEN_DESELECTED"", ""TOKEN_SELECTED"", ""MENTION_CREATED""]",TOKEN_SELECTED,train,llm_synthetic_expanded,1.0
llm_synth_expanded_580,synthetic,41,4,5,"[""MENTION_CREATED"", ""TOKEN_SELECTED"", ""MENTION_CREATED"", ""TOKEN_SELECTED"", ""MENTION_CREATED""]",TOKEN_SELECTED,train,llm_synthetic_expanded,1.0
llm_synth_expanded_698,synthetic,44,5,6,"[""TOKEN_SELECTED"", ""TOKEN_SELECTED"", ""TOKEN_SELECTED"", ""MENTION_CREATED"", ""TOKEN_SELECTED"", ""MENTION_CREATED""]",TOKEN_SELECTED,train,llm_synthetic_expanded,1.0
llm_synth_expanded_78,synthetic,43,17,18,"[""TOKEN_SELECTED"", ""MENTION_CREATED"", ""TOKEN_SELECTED"", ""TOKEN_DESELECTED"", ""TOKEN_SELECTED"", ""MENTION_CREATED"", ""TOKEN_SELECTED"", ""TOKEN_SELECTED"", ""TOKEN_SELECTED"", ""MENTION_CREATED"", ""TOKEN_SELECTED"", ""MENTION_CREATED"", ""TOKEN_SELECTED"", ""TOKEN_SELECTED"", ""TOKEN_SELECTED"", ""TOKEN_DESELECTED"", ""TOKEN_DESELECTED"", ""TOKEN_DESELECTED""]",TOKEN_SELECTED,train,llm_synthetic_expanded,1.0
llm_synth_expanded_836,synthetic,23,12,13,"[""TOKEN_SELECTED"", ""MENTION_CREATED"", ""TOKEN_SELECTED"", ""MENTION_CREATED"", ""TOKEN_SELECTED"", ""TOKEN_SELECTED"", ""TOKEN_DESELECTED"", ""TOKEN_DESELECTED"", ""TOKEN_SELECTED"", ""MENTION_CREATED"", ""TOKEN_SELECTED"", ""MENTION_CREATED"", ""TOKEN_SELECTED""]",TOKEN_SELECTED,train,llm_synthetic_expanded,1.0
llm_synth_expanded_959,synthetic,44,5,6,"[""PROCESS_START"", ""STEP_MENTION_SUGGESTION"", ""TOKEN_SELECTED"", ""TOKEN_SELECTED"", ""TOKEN_SELECTED"", ""MENTION_CREATED""]",TOKEN_SELECTED,train,llm_synthetic_expanded,1.0
llm_synth_expanded_580,synthetic,41,17,18,"[""MENTION_CREATED"", ""TOKEN_SELECTED"", ""MENTION_CREATED"", ""TOKEN_SELECTED"", ""MENTION_CREATED"", ""TOKEN_SELECTED"", ""TOKEN_SELECTED"", ""TOKEN_DESELECTED"", ""TOKEN_DESELECTED"", ""TOKEN_SELECTED"", ""TOKEN_SELECTED"", ""MENTION_CREATED"", ""TOKEN_SELECTED"", ""MENTION_CREATED"", ""TOKEN_SELECTED"", ""TOKEN_SELECTED"", ""TOKEN_SELECTED"", ""MENTION_CREATED""]",TOKEN_SELECTED,train,llm_synthetic_expanded,1.0
llm_synth_expanded_769,synthetic,33,4,5,"[""PROCESS_START"", ""ENTITY_REMOVED"", ""STEP_RELATION_SUGGESTION"", ""STEP_METION"", ""MENTION_SUGGESTION_ACCEPTED""]",TOKEN_SELECTED,train,llm_synthetic_expanded,0.4
llm_synth_expanded_1173,synthetic,31,4,5,"[""PROCESS_START"", ""STEP_MENTION_SUGGESTION"", ""STEP_METION"", ""TOKEN_SELECTED"", ""MENTION_SUGGESTION_ACCEPTED""]",TOKEN_SELECTED,train,llm_synthetic_expanded,1.0
llm_synth_expanded_653,synthetic,23,14,15,"[""PROCESS_START"", ""MENTION_CREATED"", ""TOKEN_SELECTED"", ""MENTION_CREATED"", ""TOKEN_SELECTED"", ""TOKEN_SELECTED"", ""MENTION_CREATED"", ""TOKEN_SELECTED"", ""TOKEN_SELECTED"", ""MENTION_CREATED"", ""TOKEN_SELECTED"", ""TOKEN_SELECTED"", ""MENTION_CREATED"", ""TOKEN_SELECTED"", ""MENTION_CREATED""]",TOKEN_SELECTED,train,llm_synthetic_expanded,0.9333333333333333
llm_synth_expanded_38,synthetic,12,5,6,"[""PROCESS_START"", ""MENTION_CREATED"", ""TOKEN_SELECTED"", ""MENTION_CREATED"", ""TOKEN_SELECTED"", ""MENTION_CREATED""]",TOKEN_SELECTED,train,llm_synthetic_expanded,0.8333333333333334
llm_synth_expanded_122,synthetic,41,5,6,"[""PROCESS_START"", ""MENTION_SELECTED"", ""RELATION_CREATED"", ""MENTION_SELECTED"", ""MENTION_DESELECTED"", ""TOKEN_SELECTED""]",TOKEN_SELECTED,train,llm_synthetic_expanded,0.8333333333333334
llm_synth_expanded_263,synthetic,41,4,5,"[""TOKEN_SELECTED"", ""MENTION_CREATED"", ""TOKEN_SELECTED"", ""TOKEN_SELECTED"", ""MENTION_CREATED""]",TOKEN_SELECTED,train,llm_synthetic_expanded,1.0
llm_synth_expanded_740,synthetic,23,7,8,"[""PROCESS_START"", ""MENTION_CREATED"", ""TOKEN_SELECTED"", ""TOKEN_SELECTED"", ""MENTION_CREATED"", ""TOKEN_SELECTED"", ""TOKEN_SELECTED"", ""MENTION_CREATED""]",TOKEN_SELECTED,train,llm_synthetic_expanded,0.875
llm_synth_expanded_1229,synthetic,25,12,13,"[""PROCESS_START"", ""STEP_MENTION_SUGGESTION"", ""STEP_METION"", ""TOKEN_SELECTED"", ""TOKEN_SELECTED"", ""MENTION_CREATED"", ""TOKEN_SELECTED"", ""TOKEN_SELECTED"", ""MENTION_CREATED"", ""TOKEN_SELECTED"", ""TOKEN_SELECTED"", ""MENTION_CREATED"", ""TOKEN_SELECTED""]",TOKEN_SELECTED,train,llm_synthetic_expanded,1.0
llm_synth_expanded_1096,synthetic,23,3,4,"[""PROCESS_START"", ""MENTION_SELECTED"", ""MENTION_TYPE_UPDATED"", ""TOKEN_SELECTED""]",TOKEN_SELECTED,train,llm_synthetic_expanded,0.75
llm_synth_expanded_776,synthetic,43,5,6,"[""PROCESS_START"", ""STEP_MENTION_SUGGESTION"", ""STEP_METION"", ""TOKEN_SELECTED"", ""TOKEN_SELECTED"", ""TOKEN_SELECTED""]",TOKEN_SELECTED,train,llm_synthetic_expanded,1.0
llm_synth_expanded_991,synthetic,11,12,13,"[""TOKEN_SELECTED"", ""MENTION_CREATED"", ""TOKEN_SELECTED"", ""TOKEN_SELECTED"", ""MENTION_CREATED"", ""TOKEN_SELECTED"", ""TOKEN_SELECTED"", ""TOKEN_SELECTED"", ""MENTION_CREATED"", ""TOKEN_SELECTED"", ""TOKEN_SELECTED"", ""TOKEN_SELECTED"", ""MENTION_CREATED""]",TOKEN_SELECTED,train,llm_synthetic_expanded,1.0
llm_synth_expanded_38,synthetic,12,1,2,"[""PROCESS_START"", ""MENTION_CREATED""]",TOKEN_SELECTED,train,llm_synthetic_expanded,0.5
llm_synth_expanded_74,synthetic,43,16,17,"[""MENTION_SUGGESTION_BOUNDS_UPDATED"", ""TOKEN_SELECTED"", ""TOKEN_SELECTED"", ""TOKEN_SELECTED"", ""MENTION_CREATED"", ""TOKEN_SELECTED"", ""MENTION_CREATED"", ""TOKEN_SELECTED"", ""MENTION_CREATED"", ""TOKEN_SELECTED"", ""TOKEN_SELECTED"", ""TOKEN_DESELECTED"", ""TOKEN_DESELECTED"", ""TOKEN_SELECTED"", ""MENTION_CREATED"", ""TOKEN_SELECTED"", ""MENTION_CREATED""]",TOKEN_SELECTED,train,llm_synthetic_expanded,1.0
llm_synth_expanded_698,synthetic,44,1,2,"[""TOKEN_SELECTED"", ""TOKEN_SELECTED""]",TOKEN_SELECTED,train,llm_synthetic_expanded,1.0
llm_synth_expanded_153,synthetic,22,6,7,"[""PROCESS_START"", ""TOKEN_SELECTED"", ""TOKEN_SELECTED"", ""MENTION_CREATED"", ""TOKEN_SELECTED"", ""TOKEN_SELECTED"", ""MENTION_CREATED""]",TOKEN_SELECTED,train,llm_synthetic_expanded,0.8571428571428571
llm_synth_expanded_1173,synthetic,31,9,10,"[""PROCESS_START"", ""STEP_MENTION_SUGGESTION"", ""STEP_METION"", ""TOKEN_SELECTED"", ""MENTION_SUGGESTION_ACCEPTED"", ""TOKEN_SELECTED"", ""MENTION_CREATED"", ""TOKEN_SELECTED"", ""TOKEN_SELECTED"", ""MENTION_CREATED""]",TOKEN_SELECTED,train,llm_synthetic_expanded,1.0
llm_synth_expanded_991,synthetic,11,4,5,"[""TOKEN_SELECTED"", ""MENTION_CREATED"", ""TOKEN_SELECTED"", ""TOKEN_SELECTED"", ""MENTION_CREATED""]",TOKEN_SELECTED,train,llm_synthetic_expanded,1.0
llm_synth_expanded_171,synthetic,24,2,3,"[""PROCESS_START"", ""MENTION_CREATED"", ""TOKEN_SELECTED""]",TOKEN_SELECTED,train,llm_synthetic_expanded,0.6666666666666666
llm_synth_expanded_886,synthetic,23,16,17,"[""PROCESS_START"", ""STEP_RELATIONS"", ""STEP_MENTION_SUGGESTION"", ""STEP_METION"", ""TOKEN_SELECTED"", ""MENTION_CREATED"", ""TOKEN_SELECTED"", ""MENTION_CREATED"", ""TOKEN_SELECTED"", ""TOKEN_SELECTED"", ""MENTION_SUGGESTION_REJECTED"", ""TOKEN_SELECTED"", ""TOKEN_SELECTED"", ""MENTION_CREATED"", ""TOKEN_SELECTED"", ""TOKEN_SELECTED"", ""MENTION_CREATED""]",TOKEN_SELECTED,train,llm_synthetic_expanded,0.8235294117647058
llm_synth_expanded_626,synthetic,11,16,17,"[""PROCESS_START"", ""TOKEN_SELECTED"", ""TOKEN_SELECTED"", ""MENTION_CREATED"", ""TOKEN_SELECTED"", ""MENTION_CREATED"", ""TOKEN_SELECTED"", ""TOKEN_SELECTED"", ""TOKEN_DESELECTED"", ""MENTION_CREATED"", ""TOKEN_SELECTED"", ""TOKEN_SELECTED"", ""MENTION_CREATED"", ""TOKEN_SELECTED"", ""TOKEN_SELECTED"", ""MENTION_CREATED"", ""TOKEN_SELECTED""]",TOKEN_SELECTED,train,llm_synthetic_expanded,0.9411764705882353
llm_synth_expanded_325,synthetic,33,2,3,"[""TOKEN_SELECTED"", ""MENTION_CREATED"", ""TOKEN_SELECTED""]",TOKEN_SELECTED,train,llm_synthetic_expanded,1.0
llm_synth_expanded_338,synthetic,44,1,2,"[""PROCESS_START"", ""MENTION_CREATED""]",TOKEN_SELECTED,train,llm_synthetic_expanded,0.5
llm_synth_expanded_1229,synthetic,25,17,18,"[""PROCESS_START"", ""STEP_MENTION_SUGGESTION"", ""STEP_METION"", ""TOKEN_SELECTED"", ""TOKEN_SELECTED"", ""MENTION_CREATED"", ""TOKEN_SELECTED"", ""TOKEN_SELECTED"", ""MENTION_CREATED"", ""TOKEN_SELECTED"", ""TOKEN_SELECTED"", ""MENTION_CREATED"", ""TOKEN_SELECTED"", ""TOKEN_SELECTED"", ""MENTION_CREATED"", ""TOKEN_SELECTED"", ""TOKEN_SELECTED"", ""MENTION_CREATED""]",TOKEN_SELECTED,train,llm_synthetic_expanded,1.0
llm_synth_expanded_1025,synthetic,41,4,5,"[""PROCESS_START"", ""STEP_MENTION_SUGGESTION"", ""STEP_METION"", ""TOKEN_SELECTED"", ""TOKEN_SELECTED""]",TOKEN_SELECTED,train,llm_synthetic_expanded,1.0
llm_synth_expanded_991,synthetic,11,2,3,"[""TOKEN_SELECTED"", ""MENTION_CREATED"", ""TOKEN_SELECTED""]",TOKEN_SELECTED,train,llm_synthetic_expanded,1.0
llm_synth_expanded_310,synthetic,23,12,13,"[""PROCESS_START"", ""STEP_RELATIONS"", ""STEP_RELATION_SUGGESTION"", ""STEP_METION"", ""TOKEN_SELECTED"", ""TOKEN_SELECTED"", ""MENTION_CREATED"", ""TOKEN_SELECTED"", ""TOKEN_SELECTED"", ""MENTION_CREATED"", ""TOKEN_SELECTED"", ""TOKEN_SELECTED"", ""MENTION_CREATED""]",TOKEN_SELECTED,train,llm_synthetic_expanded,0.7692307692307693
llm_synth_expanded_320,synthetic,33,5,6,"[""MENTION_CREATED"", ""MENTION_SELECTED"", ""MENTION_DELETED"", ""TOKEN_SELECTED"", ""TOKEN_SELECTED"", ""MENTION_CREATED""]",TOKEN_SELECTED,train,llm_synthetic_expanded,1.0
llm_synth_expanded_769,synthetic,33,5,6,"[""PROCESS_START"", ""ENTITY_REMOVED"", ""STEP_RELATION_SUGGESTION"", ""STEP_METION"", ""MENTION_SUGGESTION_ACCEPTED"", ""TOKEN_SELECTED""]",TOKEN_SELECTED,train,llm_synthetic_expanded,0.5
llm_synth_expanded_263,synthetic,41,1,2,"[""TOKEN_SELECTED"", ""MENTION_CREATED""]",TOKEN_SELECTED,train,llm_synthetic_expanded,1.0
llm_synth_expanded_256,synthetic,23,7,8,"[""PROCESS_START"", ""STEP_MENTION_SUGGESTION"", ""STEP_METION"", ""TOKEN_SELECTED"", ""MENTION_DELETED"", ""TOKEN_SELECTED"", ""TOKEN_SELECTED"", ""MENTION_CREATED""]",TOKEN_SELECTED,train,llm_synthetic_expanded,0.875
llm_synth_expanded_574,synthetic,41,9,10,"[""PROCESS_START"", ""STEP_MENTION_SUGGESTION"", ""STEP_METION"", ""TOKEN_SELECTED"", ""MENTION_CREATED"", ""TOKEN_SELECTED"", ""TOKEN_SELECTED"", ""TOKEN_SELECTED"", ""MENTION_SUGGESTION_ACCEPTED"", ""TOKEN_SELECTED""]",TOKEN_SELECTED,train,llm_synthetic_expanded,1.0
llm_synth_expanded_78,synthetic,43,12,13,"[""TOKEN_SELECTED"", ""MENTION_CREATED"", ""TOKEN_SELECTED"", ""TOKEN_DESELECTED"", ""TOKEN_SELECTED"", ""MENTION_CREATED"", ""TOKEN_SELECTED"", ""TOKEN_SELECTED"", ""TOKEN_SELECTED"", ""MENTION_CREATED"", ""TOKEN_SELECTED"", ""MENTION_CREATED"", ""TOKEN_SELECTED""]",TOKEN_SELECTED,train,llm_synthetic_expanded,1.0
llm_synth_expanded_742,synthetic,23,1,2,"[""PROCESS_START"", ""TOKEN_SELECTED""]",TOKEN_SELECTED,train,llm_synthetic_expanded,0.5
llm_synth_expanded_1173,synthetic,31,6,7,"[""PROCESS_START"", ""STEP_MENTION_SUGGESTION"", ""STEP_METION"", ""TOKEN_SELECTED"", ""MENTION_SUGGESTION_ACCEPTED"", ""TOKEN_SELECTED"", ""MENTION_CREATED""]",TOKEN_SELECTED,train,llm_synthetic_expanded,1.0
llm_synth_expanded_742,synthetic,23,9,10,"[""PROCESS_START"", ""TOKEN_SELECTED"", ""TOKEN_SELECTED"", ""MENTION_CREATED"", ""TOKEN_SELECTED"", ""TOKEN_SELECTED"", ""MENTION_CREATED"", ""TOKEN_SELECTED"", ""TOKEN_SELECTED"", ""MENTION_CREATED""]",TOKEN_SELECTED,train,llm_synthetic_expanded,0.9
llm_synth_expanded_263,synthetic,41,10,11,"[""TOKEN_SELECTED"", ""MENTION_CREATED"", ""TOKEN_SELECTED"", ""TOKEN_SELECTED"", ""MENTION_CREATED"", ""TOKEN_SELECTED"", ""TOKEN_SELECTED"", ""TOKEN_SELECTED"", ""MENTION_CREATED"", ""TOKEN_SELECTED"", ""MENTION_CREATED""]",TOKEN_SELECTED,train,llm_synthetic_expanded,1.0
llm_synth_expanded_653,synthetic,23,3,4,"[""PROCESS_START"", ""MENTION_CREATED"", ""TOKEN_SELECTED"", ""MENTION_CREATED""]",TOKEN_SELECTED,train,llm_synthetic_expanded,0.75
llm_synth_expanded_181,synthetic,33,2,3,"[""PROCESS_START"", ""TOKEN_SELECTED"", ""TOKEN_SELECTED""]",TOKEN_SELECTED,train,llm_synthetic_expanded,0.6666666666666666
llm_synth_expanded_1057,synthetic,12,8,9,"[""PROCESS_START"", ""STEP_MENTION_SUGGESTION"", ""STEP_METION"", ""TOKEN_SELECTED"", ""MENTION_CREATED"", ""TOKEN_SELECTED"", ""MENTION_CREATED"", ""TOKEN_SELECTED"", ""TOKEN_SELECTED""]",TOKEN_SELECTED,train,llm_synthetic_expanded,1.0
llm_synth_expanded_580,synthetic,41,18,19,"[""MENTION_CREATED"", ""TOKEN_SELECTED"", ""MENTION_CREATED"", ""TOKEN_SELECTED"", ""MENTION_CREATED"", ""TOKEN_SELECTED"", ""TOKEN_SELECTED"", ""TOKEN_DESELECTED"", ""TOKEN_DESELECTED"", ""TOKEN_SELECTED"", ""TOKEN_SELECTED"", ""MENTION_CREATED"", ""TOKEN_SELECTED"", ""MENTION_CREATED"", ""TOKEN_SELECTED"", ""TOKEN_SELECTED"", ""TOKEN_SELECTED"", ""MENTION_CREATED"", ""TOKEN_SELECTED""]",TOKEN_SELECTED,train,llm_synthetic_expanded,1.0
llm_synth_expanded_74,synthetic,43,12,13,"[""MENTION_SUGGESTION_BOUNDS_UPDATED"", ""TOKEN_SELECTED"", ""TOKEN_SELECTED"", ""TOKEN_SELECTED"", ""MENTION_CREATED"", ""TOKEN_SELECTED"", ""MENTION_CREATED"", ""TOKEN_SELECTED"", ""MENTION_CREATED"", ""TOKEN_SELECTED"", ""TOKEN_SELECTED"", ""TOKEN_DESELECTED"", ""TOKEN_DESELECTED""]",TOKEN_SELECTED,train,llm_synthetic_expanded,1.0
llm_synth_expanded_171,synthetic,24,7,8,"[""PROCESS_START"", ""MENTION_CREATED"", ""TOKEN_SELECTED"", ""TOKEN_SELECTED"", ""MENTION_CREATED"", ""TOKEN_SELECTED"", ""TOKEN_SELECTED"", ""MENTION_CREATED""]",TOKEN_SELECTED,train,llm_synthetic_expanded,0.875
llm_synth_expanded_548,synthetic,25,10,11,"[""PROCESS_START"", ""STEP_RELATIONS"", ""RELATION_SUGGESTION_MARKED"", ""TOKEN_SELECTED"", ""TOKEN_SELECTED"", ""MENTION_CREATED"", ""TOKEN_SELECTED"", ""TOKEN_SELECTED"", ""MENTION_CREATED"", ""TOKEN_SELECTED"", ""TOKEN_SELECTED""]",TOKEN_SELECTED,train,llm_synthetic_expanded,0.7272727272727273
llm_synth_expanded_40,synthetic,12,7,8,"[""PROCESS_START"", ""MENTION_CREATED"", ""TOKEN_SELECTED"", ""MENTION_CREATED"", ""TOKEN_SELECTED"", ""MENTION_CREATED"", ""TOKEN_SELECTED"", ""MENTION_SELECTED""]",TOKEN_SELECTED,train,llm_synthetic_expanded,0.875
llm_synth_expanded_580,synthetic,41,11,12,"[""MENTION_CREATED"", ""TOKEN_SELECTED"", ""MENTION_CREATED"", ""TOKEN_SELECTED"", ""MENTION_CREATED"", ""TOKEN_SELECTED"", ""TOKEN_SELECTED"", ""TOKEN_DESELECTED"", ""TOKEN_DESELECTED"", ""TOKEN_SELECTED"", ""TOKEN_SELECTED"", ""MENTION_CREATED""]",TOKEN_SELECTED,train,llm_synthetic_expanded,1.0
llm_synth_expanded_74,synthetic,43,17,18,"[""MENTION_SUGGESTION_BOUNDS_UPDATED"", ""TOKEN_SELECTED"", ""TOKEN_SELECTED"", ""TOKEN_SELECTED"", ""MENTION_CREATED"", ""TOKEN_SELECTED"", ""MENTION_CREATED"", ""TOKEN_SELECTED"", ""MENTION_CREATED"", ""TOKEN_SELECTED"", ""TOKEN_SELECTED"", ""TOKEN_DESELECTED"", ""TOKEN_DESELECTED"", ""TOKEN_SELECTED"", ""MENTION_CREATED"", ""TOKEN_SELECTED"", ""MENTION_CREATED"", ""TOKEN_SELECTED""]",TOKEN_SELECTED,train,llm_synthetic_expanded,1.0
llm_synth_expanded_548,synthetic,25,15,16,"[""PROCESS_START"", ""STEP_RELATIONS"", ""RELATION_SUGGESTION_MARKED"", ""TOKEN_SELECTED"", ""TOKEN_SELECTED"", ""MENTION_CREATED"", ""TOKEN_SELECTED"", ""TOKEN_SELECTED"", ""MENTION_CREATED"", ""TOKEN_SELECTED"", ""TOKEN_SELECTED"", ""TOKEN_SELECTED"", ""MENTION_CREATED"", ""TOKEN_SELECTED"", ""TOKEN_SELECTED"", ""MENTION_CREATED""]",TOKEN_SELECTED,train,llm_synthetic_expanded,0.8125
llm_synth_expanded_1057,synthetic,12,6,7,"[""PROCESS_START"", ""STEP_MENTION_SUGGESTION"", ""STEP_METION"", ""TOKEN_SELECTED"", ""MENTION_CREATED"", ""TOKEN_SELECTED"", ""MENTION_CREATED""]",TOKEN_SELECTED,train,llm_synthetic_expanded,1.0
llm_synth_expanded_1009,synthetic,23,5,6,"[""PROCESS_START"", ""MENTION_CREATED"", ""TOKEN_SELECTED"", ""TOKEN_SELECTED"", ""TOKEN_DESELECTED"", ""TOKEN_SELECTED""]",TOKEN_SELECTED,train,llm_synthetic_expanded,0.8333333333333334
llm_synth_expanded_885,synthetic,23,7,8,"[""PROCESS_START"", ""STEP_RELATIONS"", ""STEP_MENTION_SUGGESTION"", ""STEP_METION"", ""TOKEN_SELECTED"", ""MENTION_CREATED"", ""TOKEN_SELECTED"", ""MENTION_CREATED""]",TOKEN_SELECTED,train,llm_synthetic_expanded,0.75
llm_synth_expanded_580,synthetic,41,2,3,"[""MENTION_CREATED"", ""TOKEN_SELECTED"", ""MENTION_CREATED""]",TOKEN_SELECTED,train,llm_synthetic_expanded,1.0
llm_synth_expanded_548,synthetic,25,5,6,"[""PROCESS_START"", ""STEP_RELATIONS"", ""RELATION_SUGGESTION_MARKED"", ""TOKEN_SELECTED"", ""TOKEN_SELECTED"", ""MENTION_CREATED""]",TOKEN_SELECTED,train,llm_synthetic_expanded,0.5
llm_synth_expanded_263,synthetic,41,2,3,"[""TOKEN_SELECTED"", ""MENTION_CREATED"", ""TOKEN_SELECTED""]",TOKEN_SELECTED,train,llm_synthetic_expanded,1.0
llm_synth_expanded_1059,synthetic,14,2,3,"[""PROCESS_START"", ""STEP_MENTION_SUGGESTION"", ""STEP_METION""]",TOKEN_SELECTED,train,llm_synthetic_expanded,1.0
llm_synth_expanded_580,synthetic,41,8,9,"[""MENTION_CREATED"", ""TOKEN_SELECTED"", ""MENTION_CREATED"", ""TOKEN_SELECTED"", ""MENTION_CREATED"", ""TOKEN_SELECTED"", ""TOKEN_SELECTED"", ""TOKEN_DESELECTED"", ""TOKEN_DESELECTED""]",TOKEN_SELECTED,train,llm_synthetic_expanded,1.0
llm_synth_expanded_325,synthetic,33,14,15,"[""TOKEN_SELECTED"", ""MENTION_CREATED"", ""TOKEN_SELECTED"", ""TOKEN_SELECTED"", ""MENTION_CREATED"", ""TOKEN_SELECTED"", ""TOKEN_SELECTED"", ""MENTION_CREATED"", ""TOKEN_SELECTED"", ""TOKEN_SELECTED"", ""MENTION_CREATED"", ""TOKEN_SELECTED"", ""TOKEN_SELECTED"", ""MENTION_CREATED"", ""TOKEN_SELECTED""]",TOKEN_SELECTED,train,llm_synthetic_expanded,1.0
llm_synth_expanded_339,synthetic,44,2,3,"[""PROCESS_START"", ""TOKEN_SELECTED"", ""TOKEN_SELECTED""]",TOKEN_SELECTED,train,llm_synthetic_expanded,0.6666666666666666
llm_synth_expanded_204,synthetic,33,2,3,"[""PROCESS_START"", ""STEP_MENTION_SUGGESTION"", ""TOKEN_SELECTED""]",TOKEN_SELECTED,train,llm_synthetic_expanded,1.0
llm_synth_expanded_1045,synthetic,11,11,12,"[""TOKEN_SELECTED"", ""MENTION_CREATED"", ""TOKEN_SELECTED"", ""MENTION_CREATED"", ""TOKEN_SELECTED"", ""TOKEN_SELECTED"", ""TOKEN_SELECTED"", ""MENTION_CREATED"", ""TOKEN_SELECTED"", ""TOKEN_SELECTED"", ""TOKEN_SELECTED"", ""MENTION_CREATED""]",TOKEN_SELECTED,train,llm_synthetic_expanded,1.0
llm_synth_expanded_338,synthetic,44,4,5,"[""PROCESS_START"", ""MENTION_CREATED"", ""TOKEN_SELECTED"", ""MENTION_CREATED"", ""TOKEN_SELECTED""]",TOKEN_SELECTED,train,llm_synthetic_expanded,0.8
llm_synth_expanded_180,synthetic,33,1,2,"[""PROCESS_START"", ""TOKEN_SELECTED""]",TOKEN_SELECTED,train,llm_synthetic_expanded,0.5
llm_synth_expanded_698,synthetic,44,6,7,"[""TOKEN_SELECTED"", ""TOKEN_SELECTED"", ""TOKEN_SELECTED"", ""MENTION_CREATED"", ""TOKEN_SELECTED"", ""MENTION_CREATED"", ""TOKEN_SELECTED""]",TOKEN_SELECTED,train,llm_synthetic_expanded,1.0
llm_synth_expanded_310,synthetic,23,4,5,"[""PROCESS_START"", ""STEP_RELATIONS"", ""STEP_RELATION_SUGGESTION"", ""STEP_METION"", ""TOKEN_SELECTED""]",TOKEN_SELECTED,train,llm_synthetic_expanded,0.4
llm_synth_expanded_625,synthetic,41,3,4,"[""PROCESS_START"", ""MENTION_CREATED"", ""TOKEN_SELECTED"", ""MENTION_CREATED""]",TOKEN_SELECTED,train,llm_synthetic_expanded,0.75
llm_synth_expanded_626,synthetic,11,9,10,"[""PROCESS_START"", ""TOKEN_SELECTED"", ""TOKEN_SELECTED"", ""MENTION_CREATED"", ""TOKEN_SELECTED"", ""MENTION_CREATED"", ""TOKEN_SELECTED"", ""TOKEN_SELECTED"", ""TOKEN_DESELECTED"", ""MENTION_CREATED""]",TOKEN_SELECTED,train,llm_synthetic_expanded,0.9
llm_synth_expanded_325,synthetic,33,20,21,"[""TOKEN_SELECTED"", ""MENTION_CREATED"", ""TOKEN_SELECTED"", ""TOKEN_SELECTED"", ""MENTION_CREATED"", ""TOKEN_SELECTED"", ""TOKEN_SELECTED"", ""MENTION_CREATED"", ""TOKEN_SELECTED"", ""TOKEN_SELECTED"", ""MENTION_CREATED"", ""TOKEN_SELECTED"", ""TOKEN_SELECTED"", ""MENTION_CREATED"", ""TOKEN_SELECTED"", ""TOKEN_SELECTED"", ""MENTION_CREATED"", ""TOKEN_SELECTED"", ""TOKEN_SELECTED"", ""MENTION_CREATED"", ""TOKEN_SELECTED""]",TOKEN_SELECTED,train,llm_synthetic_expanded,1.0
llm_synth_expanded_548,synthetic,25,17,18,"[""PROCESS_START"", ""STEP_RELATIONS"", ""RELATION_SUGGESTION_MARKED"", ""TOKEN_SELECTED"", ""TOKEN_SELECTED"", ""MENTION_CREATED"", ""TOKEN_SELECTED"", ""TOKEN_SELECTED"", ""MENTION_CREATED"", ""TOKEN_SELECTED"", ""TOKEN_SELECTED"", ""TOKEN_SELECTED"", ""MENTION_CREATED"", ""TOKEN_SELECTED"", ""TOKEN_SELECTED"", ""MENTION_CREATED"", ""TOKEN_SELECTED"", ""MENTION_CREATED""]",TOKEN_SELECTED,train,llm_synthetic_expanded,0.8333333333333334
llm_synth_expanded_1021,synthetic,41,3,4,"[""PROCESS_START"", ""STEP_RELATIONS"", ""RELATION_CREATED"", ""TOKEN_SELECTED""]",TOKEN_SELECTED,train,llm_synthetic_expanded,0.5
llm_synth_expanded_949,synthetic,33,15,16,"[""PROCESS_START"", ""STEP_MENTION_SUGGESTION"", ""STEP_METION"", ""TOKEN_SELECTED"", ""TOKEN_SELECTED"", ""MENTION_CREATED"", ""TOKEN_SELECTED"", ""MENTION_CREATED"", ""TOKEN_SELECTED"", ""TOKEN_SELECTED"", ""MENTION_CREATED"", ""TOKEN_SELECTED"", ""MENTION_CREATED"", ""TOKEN_SELECTED"", ""TOKEN_SELECTED"", ""MENTION_SUGGESTION_ACCEPTED""]",TOKEN_SELECTED,train,llm_synthetic_expanded,1.0
llm_synth_expanded_100,synthetic,41,5,6,"[""PROCESS_START"", ""TOKEN_SELECTED"", ""TOKEN_SELECTED"", ""MENTION_CREATED"", ""TOKEN_SELECTED"", ""MENTION_CREATED""]",TOKEN_SELECTED,train,llm_synthetic_expanded,0.8333333333333334
llm_synth_expanded_325,synthetic,33,1,2,"[""TOKEN_SELECTED"", ""MENTION_CREATED""]",TOKEN_SELECTED,train,llm_synthetic_expanded,1.0
llm_synth_expanded_885,synthetic,23,3,4,"[""PROCESS_START"", ""STEP_RELATIONS"", ""STEP_MENTION_SUGGESTION"", ""STEP_METION""]",TOKEN_SELECTED,train,llm_synthetic_expanded,0.5
llm_synth_expanded_1057,synthetic,12,2,3,"[""PROCESS_START"", ""STEP_MENTION_SUGGESTION"", ""STEP_METION""]",TOKEN_SELECTED,train,llm_synthetic_expanded,1.0
llm_synth_expanded_625,synthetic,41,7,8,"[""PROCESS_START"", ""MENTION_CREATED"", ""TOKEN_SELECTED"", ""MENTION_CREATED"", ""TOKEN_SELECTED"", ""MENTION_CREATED"", ""TOKEN_SELECTED"", ""MENTION_CREATED""]",TOKEN_SELECTED,train,llm_synthetic_expanded,0.875
llm_synth_expanded_625,synthetic,41,9,10,"[""PROCESS_START"", ""MENTION_CREATED"", ""TOKEN_SELECTED"", ""MENTION_CREATED"", ""TOKEN_SELECTED"", ""MENTION_CREATED"", ""TOKEN_SELECTED"", ""MENTION_CREATED"", ""TOKEN_SELECTED"", ""MENTION_CREATED""]",TOKEN_SELECTED,train,llm_synthetic_expanded,0.9
llm_synth_expanded_153,synthetic,22,4,5,"[""PROCESS_START"", ""TOKEN_SELECTED"", ""TOKEN_SELECTED"", ""MENTION_CREATED"", ""TOKEN_SELECTED""]",TOKEN_SELECTED,train,llm_synthetic_expanded,0.8
llm_synth_expanded_263,synthetic,41,5,6,"[""TOKEN_SELECTED"", ""MENTION_CREATED"", ""TOKEN_SELECTED"", ""TOKEN_SELECTED"", ""MENTION_CREATED"", ""TOKEN_SELECTED""]",TOKEN_SELECTED,train,llm_synthetic_expanded,1.0
llm_synth_expanded_549,synthetic,25,18,19,"[""PROCESS_START"", ""STEP_RELATIONS"", ""RELATION_SUGGESTION_MARKED"", ""TOKEN_SELECTED"", ""TOKEN_SELECTED"", ""MENTION_CREATED"", ""TOKEN_SELECTED"", ""TOKEN_SELECTED"", ""MENTION_CREATED"", ""TOKEN_SELECTED"", ""TOKEN_SELECTED"", ""TOKEN_SELECTED"", ""MENTION_CREATED"", ""TOKEN_SELECTED"", ""TOKEN_SELECTED"", ""MENTION_CREATED"", ""TOKEN_SELECTED"", ""MENTION_CREATED"", ""TOKEN_SELECTED""]",TOKEN_SELECTED,train,llm_synthetic_expanded,0.8421052631578947
llm_synth_expanded_991,synthetic,11,10,11,"[""TOKEN_SELECTED"", ""MENTION_CREATED"", ""TOKEN_SELECTED"", ""TOKEN_SELECTED"", ""MENTION_CREATED"", ""TOKEN_SELECTED"", ""TOKEN_SELECTED"", ""TOKEN_SELECTED"", ""MENTION_CREATED"", ""TOKEN_SELECTED"", ""TOKEN_SELECTED""]",TOKEN_SELECTED,train,llm_synthetic_expanded,1.0
llm_synth_expanded_39,synthetic,12,7,8,"[""PROCESS_START"", ""MENTION_CREATED"", ""TOKEN_SELECTED"", ""MENTION_CREATED"", ""TOKEN_SELECTED"", ""MENTION_CREATED"", ""TOKEN_SELECTED"", ""MENTION_DELETED""]",TOKEN_SELECTED,train,llm_synthetic_expanded,0.75
llm_synth_expanded_883,synthetic,22,5,6,"[""PROCESS_START"", ""MENTION_SELECTED"", ""MENTION_TYPE_UPDATED"", ""MENTION_SUGGESTION_ACCEPTED"", ""MENTION_SUGGESTION_REJECTED"", ""TOKEN_SELECTED""]",TOKEN_SELECTED,train,llm_synthetic_expanded,0.8333333333333334
llm_synth_expanded_836,synthetic,23,7,8,"[""TOKEN_SELECTED"", ""MENTION_CREATED"", ""TOKEN_SELECTED"", ""MENTION_CREATED"", ""TOKEN_SELECTED"", ""TOKEN_SELECTED"", ""TOKEN_DESELECTED"", ""TOKEN_DESELECTED""]",TOKEN_SELECTED,train,llm_synthetic_expanded,1.0
llm_synth_expanded_340,synthetic,44,2,3,"[""PROCESS_START"", ""MENTION_CREATED"", ""TOKEN_SELECTED""]",TOKEN_SELECTED,train,llm_synthetic_expanded,0.6666666666666666
llm_synth_expanded_325,synthetic,33,17,18,"[""TOKEN_SELECTED"", ""MENTION_CREATED"", ""TOKEN_SELECTED"", ""TOKEN_SELECTED"", ""MENTION_CREATED"", ""TOKEN_SELECTED"", ""TOKEN_SELECTED"", ""MENTION_CREATED"", ""TOKEN_SELECTED"", ""TOKEN_SELECTED"", ""MENTION_CREATED"", ""TOKEN_SELECTED"", ""TOKEN_SELECTED"", ""MENTION_CREATED"", ""TOKEN_SELECTED"", ""TOKEN_SELECTED"", ""MENTION_CREATED"", ""TOKEN_SELECTED""]",TOKEN_SELECTED,train,llm_synthetic_expanded,1.0
llm_synth_expanded_74,synthetic,43,1,2,"[""MENTION_SUGGESTION_BOUNDS_UPDATED"", ""TOKEN_SELECTED""]",TOKEN_SELECTED,train,llm_synthetic_expanded,1.0
llm_synth_expanded_669,synthetic,21,2,3,"[""PROCESS_START"", ""STEP_RELATIONS"", ""TOKEN_SELECTED""]",TOKEN_SELECTED,train,llm_synthetic_expanded,0.6666666666666666
llm_synth_expanded_256,synthetic,23,9,10,"[""PROCESS_START"", ""STEP_MENTION_SUGGESTION"", ""STEP_METION"", ""TOKEN_SELECTED"", ""MENTION_DELETED"", ""TOKEN_SELECTED"", ""TOKEN_SELECTED"", ""MENTION_CREATED"", ""TOKEN_SELECTED"", ""TOKEN_SELECTED""]",TOKEN_SELECTED,train,llm_synthetic_expanded,0.9
llm_synth_expanded_203,synthetic,33,2,3,"[""PROCESS_START"", ""MENTION_SELECTED"", ""TOKEN_SELECTED""]",TOKEN_SELECTED,train,llm_synthetic_expanded,0.6666666666666666
llm_synth_expanded_626,synthetic,11,12,13,"[""PROCESS_START"", ""TOKEN_SELECTED"", ""TOKEN_SELECTED"", ""MENTION_CREATED"", ""TOKEN_SELECTED"", ""MENTION_CREATED"", ""TOKEN_SELECTED"", ""TOKEN_SELECTED"", ""TOKEN_DESELECTED"", ""MENTION_CREATED"", ""TOKEN_SELECTED"", ""TOKEN_SELECTED"", ""MENTION_CREATED""]",TOKEN_SELECTED,train,llm_synthetic_expanded,0.9230769230769231
llm_synth_expanded_1173,synthetic,31,10,11,"[""PROCESS_START"", ""STEP_MENTION_SUGGESTION"", ""STEP_METION"", ""TOKEN_SELECTED"", ""MENTION_SUGGESTION_ACCEPTED"", ""TOKEN_SELECTED"", ""MENTION_CREATED"", ""TOKEN_SELECTED"", ""TOKEN_SELECTED"", ""MENTION_CREATED"", ""TOKEN_SELECTED""]",TOKEN_SELECTED,train,llm_synthetic_expanded,1.0
llm_synth_expanded_539,synthetic,33,3,4,"[""PROCESS_START"", ""TOKEN_SELECTED"", ""TOKEN_SELECTED"", ""TOKEN_SELECTED""]",TOKEN_SELECTED,train,llm_synthetic_expanded,0.75
llm_synth_expanded_1141,synthetic,13,3,4,"[""PROCESS_START"", ""STEP_ENTITIES"", ""STEP_MENTION_SUGGESTION"", ""TOKEN_SELECTED""]",TOKEN_SELECTED,train,llm_synthetic_expanded,0.5
llm_synth_expanded_626,synthetic,11,15,16,"[""PROCESS_START"", ""TOKEN_SELECTED"", ""TOKEN_SELECTED"", ""MENTION_CREATED"", ""TOKEN_SELECTED"", ""MENTION_CREATED"", ""TOKEN_SELECTED"", ""TOKEN_SELECTED"", ""TOKEN_DESELECTED"", ""MENTION_CREATED"", ""TOKEN_SELECTED"", ""TOKEN_SELECTED"", ""MENTION_CREATED"", ""TOKEN_SELECTED"", ""TOKEN_SELECTED"", ""MENTION_CREATED""]",TOKEN_SELECTED,train,llm_synthetic_expanded,0.9375
llm_synth_expanded_647,synthetic,43,8,9,"[""PROCESS_START"", ""TOKEN_SELECTED"", ""TOKEN_SELECTED"", ""TOKEN_DESELECTED"", ""TOKEN_DESELECTED"", ""TOKEN_SELECTED"", ""MENTION_CREATED"", ""TOKEN_SELECTED"", ""MENTION_CREATED""]",TOKEN_SELECTED,train,llm_synthetic_expanded,0.8888888888888888
llm_synth_expanded_558,synthetic,23,1,2,"[""PROCESS_START"", ""STEP_RELATIONS""]",TOKEN_SELECTED,train,llm_synthetic_expanded,0.5
llm_synth_expanded_836,synthetic,23,4,5,"[""TOKEN_SELECTED"", ""MENTION_CREATED"", ""TOKEN_SELECTED"", ""MENTION_CREATED"", ""TOKEN_SELECTED""]",TOKEN_SELECTED,train,llm_synthetic_expanded,1.0
llm_synth_expanded_225,synthetic,25,10,11,"[""TOKEN_SELECTED"", ""TOKEN_SELECTED"", ""MENTION_CREATED"", ""TOKEN_SELECTED"", ""TOKEN_SELECTED"", ""MENTION_CREATED"", ""TOKEN_SELECTED"", ""TOKEN_SELECTED"", ""MENTION_CREATED"", ""TOKEN_SELECTED"", ""MENTION_CREATED""]",TOKEN_SELECTED,train,llm_synthetic_expanded,1.0
llm_synth_expanded_1045,synthetic,11,5,6,"[""TOKEN_SELECTED"", ""MENTION_CREATED"", ""TOKEN_SELECTED"", ""MENTION_CREATED"", ""TOKEN_SELECTED"", ""TOKEN_SELECTED""]",TOKEN_SELECTED,train,llm_synthetic_expanded,1.0
llm_synth_expanded_419,synthetic,42,6,7,"[""PROCESS_START"", ""STEP_MENTION_SUGGESTION"", ""MENTION_SUGGESTION_ACCEPTED"", ""MENTION_SUGGESTION_ACCEPTED"", ""MENTION_SUGGESTION_ACCEPTED"", ""STEP_METION"", ""TOKEN_SELECTED""]",TOKEN_SELECTED,train,llm_synthetic_expanded,1.0
llm_synth_expanded_325,synthetic,33,13,14,"[""TOKEN_SELECTED"", ""MENTION_CREATED"", ""TOKEN_SELECTED"", ""TOKEN_SELECTED"", ""MENTION_CREATED"", ""TOKEN_SELECTED"", ""TOKEN_SELECTED"", ""MENTION_CREATED"", ""TOKEN_SELECTED"", ""TOKEN_SELECTED"", ""MENTION_CREATED"", ""TOKEN_SELECTED"", ""TOKEN_SELECTED"", ""MENTION_CREATED""]",TOKEN_SELECTED,train,llm_synthetic_expanded,1.0
llm_synth_expanded_669,synthetic,21,1,2,"[""PROCESS_START"", ""STEP_RELATIONS""]",TOKEN_SELECTED,train,llm_synthetic_expanded,0.5
llm_synth_expanded_225,synthetic,25,16,17,"[""TOKEN_SELECTED"", ""TOKEN_SELECTED"", ""MENTION_CREATED"", ""TOKEN_SELECTED"", ""TOKEN_SELECTED"", ""MENTION_CREATED"", ""TOKEN_SELECTED"", ""TOKEN_SELECTED"", ""MENTION_CREATED"", ""TOKEN_SELECTED"", ""MENTION_CREATED"", ""TOKEN_SELECTED"", ""MENTION_CREATED"", ""TOKEN_SELECTED"", ""MENTION_CREATED"", ""TOKEN_SELECTED"", ""MENTION_CREATED""]",TOKEN_SELECTED,train,llm_synthetic_expanded,1.0
llm_synth_expanded_171,synthetic,24,11,12,"[""PROCESS_START"", ""MENTION_CREATED"", ""TOKEN_SELECTED"", ""TOKEN_SELECTED"", ""MENTION_CREATED"", ""TOKEN_SELECTED"", ""TOKEN_SELECTED"", ""MENTION_CREATED"", ""TOKEN_SELECTED"", ""TOKEN_SELECTED"", ""MENTION_CREATED"", ""TOKEN_SELECTED""]",TOKEN_SELECTED,train,llm_synthetic_expanded,0.9166666666666666
llm_synth_expanded_310,synthetic,23,10,11,"[""PROCESS_START"", ""STEP_RELATIONS"", ""STEP_RELATION_SUGGESTION"", ""STEP_METION"", ""TOKEN_SELECTED"", ""TOKEN_SELECTED"", ""MENTION_CREATED"", ""TOKEN_SELECTED"", ""TOKEN_SELECTED"", ""MENTION_CREATED"", ""TOKEN_SELECTED""]",TOKEN_SELECTED,train,llm_synthetic_expanded,0.7272727272727273
llm_synth_expanded_254,synthetic,23,16,17,"[""PROCESS_START"", ""STEP_MENTION_SUGGESTION"", ""STEP_METION"", ""TOKEN_SELECTED"", ""MENTION_CREATED"", ""TOKEN_SELECTED"", ""TOKEN_SELECTED"", ""MENTION_CREATED"", ""TOKEN_SELECTED"", ""TOKEN_SELECTED"", ""TOKEN_SELECTED"", ""MENTION_CREATED"", ""MENTION_SELECTED"", ""MENTION_SUGGESTION_BOUNDS_UPDATED"", ""MENTION_SUGGESTION_BOUNDS_UPDATED"", ""TOKEN_SELECTED"", ""MENTION_CREATED""]",TOKEN_SELECTED,train,llm_synthetic_expanded,1.0
llm_synth_expanded_325,synthetic,33,7,8,"[""TOKEN_SELECTED"", ""MENTION_CREATED"", ""TOKEN_SELECTED"", ""TOKEN_SELECTED"", ""MENTION_CREATED"", ""TOKEN_SELECTED"", ""TOKEN_SELECTED"", ""MENTION_CREATED""]",TOKEN_SELECTED,train,llm_synthetic_expanded,1.0
llm_synth_expanded_889,synthetic,23,22,23,"[""PROCESS_START"", ""STEP_RELATIONS"", ""STEP_MENTION_SUGGESTION"", ""STEP_METION"", ""TOKEN_SELECTED"", ""MENTION_CREATED"", ""TOKEN_SELECTED"", ""MENTION_CREATED"", ""TOKEN_SELECTED"", ""TOKEN_SELECTED"", ""MENTION_SUGGESTION_REJECTED"", ""TOKEN_SELECTED"", ""TOKEN_SELECTED"", ""MENTION_CREATED"", ""TOKEN_SELECTED"", ""TOKEN_SELECTED"", ""MENTION_CREATED"", ""TOKEN_SELECTED"", ""TOKEN_SELECTED"", ""MENTION_CREATED"", ""TOKEN_SELECTED"", ""TOKEN_SELECTED"", ""MENTION_CREATED""]",TOKEN_SELECTED,train,llm_synthetic_expanded,0.8695652173913043
llm_synth_expanded_254,synthetic,23,18,19,"[""PROCESS_START"", ""STEP_MENTION_SUGGESTION"", ""STEP_METION"", ""TOKEN_SELECTED"", ""MENTION_CREATED"", ""TOKEN_SELECTED"", ""TOKEN_SELECTED"", ""MENTION_CREATED"", ""TOKEN_SELECTED"", ""TOKEN_SELECTED"", ""TOKEN_SELECTED"", ""MENTION_CREATED"", ""MENTION_SELECTED"", ""MENTION_SUGGESTION_BOUNDS_UPDATED"", ""MENTION_SUGGESTION_BOUNDS_UPDATED"", ""TOKEN_SELECTED"", ""MENTION_CREATED"", ""TOKEN_SELECTED"", ""MENTION_CREATED""]",TOKEN_SELECTED,train,llm_synthetic_expanded,1.0
llm_synth_expanded_698,synthetic,44,3,4,"[""TOKEN_SELECTED"", ""TOKEN_SELECTED"", ""TOKEN_SELECTED"", ""MENTION_CREATED""]",TOKEN_SELECTED,train,llm_synthetic_expanded,1.0
llm_synth_expanded_171,synthetic,24,10,11,"[""PROCESS_START"", ""MENTION_CREATED"", ""TOKEN_SELECTED"", ""TOKEN_SELECTED"", ""MENTION_CREATED"", ""TOKEN_SELECTED"", ""TOKEN_SELECTED"", ""MENTION_CREATED"", ""TOKEN_SELECTED"", ""TOKEN_SELECTED"", ""MENTION_CREATED""]",TOKEN_SELECTED,train,llm_synthetic_expanded,0.9090909090909091
llm_synth_expanded_78,synthetic,43,3,4,"[""TOKEN_SELECTED"", ""MENTION_CREATED"", ""TOKEN_SELECTED"", ""TOKEN_DESELECTED""]",TOKEN_SELECTED,train,llm_synthetic_expanded,1.0
llm_synth_expanded_100,synthetic,41,7,8,"[""PROCESS_START"", ""TOKEN_SELECTED"", ""TOKEN_SELECTED"", ""MENTION_CREATED"", ""TOKEN_SELECTED"", ""MENTION_CREATED"", ""TOKEN_SELECTED"", ""MENTION_CREATED""]",TOKEN_SELECTED,train,llm_synthetic_expanded,0.875
llm_synth_expanded_325,synthetic,33,8,9,"[""TOKEN_SELECTED"", ""MENTION_CREATED"", ""TOKEN_SELECTED"", ""TOKEN_SELECTED"", ""MENTION_CREATED"", ""TOKEN_SELECTED"", ""TOKEN_SELECTED"", ""MENTION_CREATED"", ""TOKEN_SELECTED""]",TOKEN_SELECTED,train,llm_synthetic_expanded,1.0
llm_synth_expanded_310,synthetic,23,9,10,"[""PROCESS_START"", ""STEP_RELATIONS"", ""STEP_RELATION_SUGGESTION"", ""STEP_METION"", ""TOKEN_SELECTED"", ""TOKEN_SELECTED"", ""MENTION_CREATED"", ""TOKEN_SELECTED"", ""TOKEN_SELECTED"", ""MENTION_CREATED""]",TOKEN_SELECTED,train,llm_synthetic_expanded,0.7
llm_synth_expanded_991,synthetic,11,17,18,"[""TOKEN_SELECTED"", ""MENTION_CREATED"", ""TOKEN_SELECTED"", ""TOKEN_SELECTED"", ""MENTION_CREATED"", ""TOKEN_SELECTED"", ""TOKEN_SELECTED"", ""TOKEN_SELECTED"", ""MENTION_CREATED"", ""TOKEN_SELECTED"", ""TOKEN_SELECTED"", ""TOKEN_SELECTED"", ""MENTION_CREATED"", ""TOKEN_SELECTED"", ""TOKEN_SELECTED"", ""TOKEN_SELECTED"", ""MENTION_CREATED"", ""MENTION_SELECTED""]",TOKEN_SELECTED,train,llm_synthetic_expanded,1.0
llm_synth_expanded_559,synthetic,23,1,2,"[""PROCESS_START"", ""STEP_ENTITIES""]",TOKEN_SELECTED,train,llm_synthetic_expanded,0.5
llm_synth_expanded_171,synthetic,24,8,9,"[""PROCESS_START"", ""MENTION_CREATED"", ""TOKEN_SELECTED"", ""TOKEN_SELECTED"", ""MENTION_CREATED"", ""TOKEN_SELECTED"", ""TOKEN_SELECTED"", ""MENTION_CREATED"", ""TOKEN_SELECTED""]",TOKEN_SELECTED,train,llm_synthetic_expanded,0.8888888888888888
llm_synth_expanded_885,synthetic,23,8,9,"[""PROCESS_START"", ""STEP_RELATIONS"", ""STEP_MENTION_SUGGESTION"", ""STEP_METION"", ""TOKEN_SELECTED"", ""MENTION_CREATED"", ""TOKEN_SELECTED"", ""MENTION_CREATED"", ""TOKEN_SELECTED""]",TOKEN_SELECTED,train,llm_synthetic_expanded,0.7777777777777778
llm_synth_expanded_1058,synthetic,13,8,9,"[""PROCESS_START"", ""STEP_MENTION_SUGGESTION"", ""STEP_METION"", ""TOKEN_SELECTED"", ""MENTION_CREATED"", ""TOKEN_SELECTED"", ""MENTION_CREATED"", ""TOKEN_SELECTED"", ""TOKEN_SELECTED""]",TOKEN_SELECTED,train,llm_synthetic_expanded,1.0
llm_synth_expanded_647,synthetic,43,9,10,"[""PROCESS_START"", ""TOKEN_SELECTED"", ""TOKEN_SELECTED"", ""TOKEN_DESELECTED"", ""TOKEN_DESELECTED"", ""TOKEN_SELECTED"", ""MENTION_CREATED"", ""TOKEN_SELECTED"", ""MENTION_CREATED"", ""TOKEN_SELECTED""]",TOKEN_SELECTED,train,llm_synthetic_expanded,0.9
llm_synth_expanded_653,synthetic,23,7,8,"[""PROCESS_START"", ""MENTION_CREATED"", ""TOKEN_SELECTED"", ""MENTION_CREATED"", ""TOKEN_SELECTED"", ""TOKEN_SELECTED"", ""MENTION_CREATED"", ""TOKEN_SELECTED""]",TOKEN_SELECTED,train,llm_synthetic_expanded,0.875
llm_synth_expanded_1057,synthetic,12,4,5,"[""PROCESS_START"", ""STEP_MENTION_SUGGESTION"", ""STEP_METION"", ""TOKEN_SELECTED"", ""MENTION_CREATED""]",TOKEN_SELECTED,train,llm_synthetic_expanded,1.0
llm_synth_expanded_625,synthetic,41,5,6,"[""PROCESS_START"", ""MENTION_CREATED"", ""TOKEN_SELECTED"", ""MENTION_CREATED"", ""TOKEN_SELECTED"", ""MENTION_CREATED""]",TOKEN_SELECTED,train,llm_synthetic_expanded,0.8333333333333334
llm_synth_expanded_310,synthetic,23,13,14,"[""PROCESS_START"", ""STEP_RELATIONS"", ""STEP_RELATION_SUGGESTION"", ""STEP_METION"", ""TOKEN_SELECTED"", ""TOKEN_SELECTED"", ""MENTION_CREATED"", ""TOKEN_SELECTED"", ""TOKEN_SELECTED"", ""MENTION_CREATED"", ""TOKEN_SELECTED"", ""TOKEN_SELECTED"", ""MENTION_CREATED"", ""TOKEN_SELECTED""]",TOKEN_SELECTED,train,llm_synthetic_expanded,0.7857142857142857
llm_synth_expanded_325,synthetic,33,11,12,"[""TOKEN_SELECTED"", ""MENTION_CREATED"", ""TOKEN_SELECTED"", ""TOKEN_SELECTED"", ""MENTION_CREATED"", ""TOKEN_SELECTED"", ""TOKEN_SELECTED"", ""MENTION_CREATED"", ""TOKEN_SELECTED"", ""TOKEN_SELECTED"", ""MENTION_CREATED"", ""TOKEN_SELECTED""]",TOKEN_SELECTED,train,llm_synthetic_expanded,1.0
llm_synth_expanded_715,synthetic,33,14,15,"[""PROCESS_START"", ""STEP_MENTION_SUGGESTION"", ""STEP_METION"", ""TOKEN_SELECTED"", ""MENTION_CREATED"", ""TOKEN_SELECTED"", ""TOKEN_SELECTED"", ""TOKEN_SELECTED"", ""TOKEN_DESELECTED"", ""TOKEN_DESELECTED"", ""TOKEN_DESELECTED"", ""TOKEN_SELECTED"", ""TOKEN_SELECTED"", ""MENTION_CREATED"", ""TOKEN_SELECTED""]",TOKEN_SELECTED,train,llm_synthetic_expanded,1.0
llm_synth_expanded_225,synthetic,25,5,6,"[""TOKEN_SELECTED"", ""TOKEN_SELECTED"", ""MENTION_CREATED"", ""TOKEN_SELECTED"", ""TOKEN_SELECTED"", ""MENTION_CREATED""]",TOKEN_SELECTED,train,llm_synthetic_expanded,1.0
llm_synth_expanded_1026,synthetic,41,4,5,"[""PROCESS_START"", ""STEP_ENTITIES"", ""ENTITY_REMOVED"", ""TOKEN_SELECTED"", ""TOKEN_SELECTED""]",TOKEN_SELECTED,train,llm_synthetic_expanded,0.4
llm_synth_expanded_626,synthetic,11,10,11,"[""PROCESS_START"", ""TOKEN_SELECTED"", ""TOKEN_SELECTED"", ""MENTION_CREATED"", ""TOKEN_SELECTED"", ""MENTION_CREATED"", ""TOKEN_SELECTED"", ""TOKEN_SELECTED"", ""TOKEN_DESELECTED"", ""MENTION_CREATED"", ""TOKEN_SELECTED""]",TOKEN_SELECTED,train,llm_synthetic_expanded,0.9090909090909091
llm_synth_expanded_1255,synthetic,23,8,9,"[""PROCESS_START"", ""STEP_MENTION_SUGGESTION"", ""STEP_METION"", ""TOKEN_SELECTED"", ""MENTION_CREATED"", ""TOKEN_SELECTED"", ""MENTION_CREATED"", ""TOKEN_SELECTED"", ""TOKEN_SELECTED""]",TOKEN_SELECTED,train,llm_synthetic_expanded,1.0
llm_synth_expanded_647,synthetic,43,6,7,"[""PROCESS_START"", ""TOKEN_SELECTED"", ""TOKEN_SELECTED"", ""TOKEN_DESELECTED"", ""TOKEN_DESELECTED"", ""TOKEN_SELECTED"", ""MENTION_CREATED""]",TOKEN_SELECTED,train,llm_synthetic_expanded,0.8571428571428571
llm_synth_expanded_760,synthetic,23,5,6,"[""PROCESS_START"", ""STEP_RELATIONS"", ""STEP_RELATION_SUGGESTION"", ""STEP_METION"", ""MENTION_SELECTED"", ""MENTION_TYPE_UPDATED""]",TOKEN_SELECTED,train,llm_synthetic_expanded,0.5
llm_synth_expanded_1140,synthetic,13,3,4,"[""PROCESS_START"", ""STEP_RELATION_SUGGESTION"", ""STEP_RELATIONS"", ""TOKEN_SELECTED""]",TOKEN_SELECTED,train,llm_synthetic_expanded,0.75
llm_synth_expanded_559,synthetic,23,2,3,"[""PROCESS_START"", ""STEP_ENTITIES"", ""TOKEN_SELECTED""]",TOKEN_SELECTED,train,llm_synthetic_expanded,0.6666666666666666
llm_synth_expanded_867,synthetic,43,3,4,"[""TOKEN_SELECTED"", ""MENTION_CREATED"", ""TOKEN_SELECTED"", ""MENTION_CREATED""]",TOKEN_SELECTED,train,llm_synthetic_expanded,1.0
llm_synth_expanded_1173,synthetic,31,7,8,"[""PROCESS_START"", ""STEP_MENTION_SUGGESTION"", ""STEP_METION"", ""TOKEN_SELECTED"", ""MENTION_SUGGESTION_ACCEPTED"", ""TOKEN_SELECTED"", ""MENTION_CREATED"", ""TOKEN_SELECTED""]",TOKEN_SELECTED,train,llm_synthetic_expanded,1.0
llm_synth_expanded_647,synthetic,43,1,2,"[""PROCESS_START"", ""TOKEN_SELECTED""]",TOKEN_SELECTED,train,llm_synthetic_expanded,0.5
llm_synth_expanded_883,synthetic,22,7,8,"[""PROCESS_START"", ""MENTION_SELECTED"", ""MENTION_TYPE_UPDATED"", ""MENTION_SUGGESTION_ACCEPTED"", ""MENTION_SUGGESTION_REJECTED"", ""TOKEN_SELECTED"", ""TOKEN_SELECTED"", ""MENTION_CREATED""]",TOKEN_SELECTED,train,llm_synthetic_expanded,0.875
llm_synth_expanded_320,synthetic,33,2,3,"[""MENTION_CREATED"", ""MENTION_SELECTED"", ""MENTION_DELETED""]",TOKEN_SELECTED,train,llm_synthetic_expanded,1.0
llm_synth_expanded_100,synthetic,41,8,9,"[""PROCESS_START"", ""TOKEN_SELECTED"", ""TOKEN_SELECTED"", ""MENTION_CREATED"", ""TOKEN_SELECTED"", ""MENTION_CREATED"", ""TOKEN_SELECTED"", ""MENTION_CREATED"", ""TOKEN_SELECTED""]",TOKEN_SELECTED,train,llm_synthetic_expanded,0.8888888888888888
llm_synth_expanded_74,synthetic,43,2,3,"[""MENTION_SUGGESTION_BOUNDS_UPDATED"", ""TOKEN_SELECTED"", ""TOKEN_SELECTED""]",TOKEN_SELECTED,train,llm_synthetic_expanded,1.0
llm_synth_expanded_991,synthetic,11,5,6,"[""TOKEN_SELECTED"", ""MENTION_CREATED"", ""TOKEN_SELECTED"", ""TOKEN_SELECTED"", ""MENTION_CREATED"", ""TOKEN_SELECTED""]",TOKEN_SELECTED,train,llm_synthetic_expanded,1.0
llm_synth_expanded_560,synthetic,23,2,3,"[""PROCESS_START"", ""RELATION_CREATED"", ""TOKEN_SELECTED""]",TOKEN_SELECTED,train,llm_synthetic_expanded,0.6666666666666666
llm_synth_expanded_653,synthetic,23,15,16,"[""PROCESS_START"", ""MENTION_CREATED"", ""TOKEN_SELECTED"", ""MENTION_CREATED"", ""TOKEN_SELECTED"", ""TOKEN_SELECTED"", ""MENTION_CREATED"", ""TOKEN_SELECTED"", ""TOKEN_SELECTED"", ""MENTION_CREATED"", ""TOKEN_SELECTED"", ""TOKEN_SELECTED"", ""MENTION_CREATED"", ""TOKEN_SELECTED"", ""MENTION_CREATED"", ""TOKEN_SELECTED""]",TOKEN_SELECTED,train,llm_synthetic_expanded,0.9375
llm_synth_expanded_263,synthetic,41,6,7,"[""TOKEN_SELECTED"", ""MENTION_CREATED"", ""TOKEN_SELECTED"", ""TOKEN_SELECTED"", ""MENTION_CREATED"", ""TOKEN_SELECTED"", ""TOKEN_SELECTED""]",TOKEN_SELECTED,train,llm_synthetic_expanded,1.0
llm_synth_expanded_557,synthetic,23,2,3,"[""PROCESS_START"", ""STEP_METION"", ""TOKEN_SELECTED""]",TOKEN_SELECTED,train,llm_synthetic_expanded,0.6666666666666666
llm_synth_expanded_959,synthetic,44,2,3,"[""PROCESS_START"", ""STEP_MENTION_SUGGESTION"", ""TOKEN_SELECTED""]",TOKEN_SELECTED,train,llm_synthetic_expanded,1.0
llm_synth_expanded_774,synthetic,43,3,4,"[""PROCESS_START"", ""STEP_MENTION_SUGGESTION"", ""STEP_METION"", ""TOKEN_SELECTED""]",TOKEN_SELECTED,train,llm_synthetic_expanded,1.0
llm_synth_expanded_1009,synthetic,23,7,8,"[""PROCESS_START"", ""MENTION_CREATED"", ""TOKEN_SELECTED"", ""TOKEN_SELECTED"", ""TOKEN_DESELECTED"", ""TOKEN_SELECTED"", ""TOKEN_SELECTED"", ""TOKEN_DESELECTED""]",TOKEN_SELECTED,train,llm_synthetic_expanded,0.875
llm_synth_expanded_263,synthetic,41,15,16,"[""TOKEN_SELECTED"", ""MENTION_CREATED"", ""TOKEN_SELECTED"", ""TOKEN_SELECTED"", ""MENTION_CREATED"", ""TOKEN_SELECTED"", ""TOKEN_SELECTED"", ""TOKEN_SELECTED"", ""MENTION_CREATED"", ""TOKEN_SELECTED"", ""MENTION_CREATED"", ""TOKEN_SELECTED"", ""MENTION_CREATED"", ""TOKEN_SELECTED"", ""TOKEN_SELECTED"", ""MENTION_CREATED""]",TOKEN_SELECTED,train,llm_synthetic_expanded,1.0
llm_synth_expanded_1096,synthetic,23,2,3,"[""PROCESS_START"", ""MENTION_SELECTED"", ""MENTION_TYPE_UPDATED""]",TOKEN_SELECTED,train,llm_synthetic_expanded,0.6666666666666666
llm_synth_expanded_836,synthetic,23,11,12,"[""TOKEN_SELECTED"", ""MENTION_CREATED"", ""TOKEN_SELECTED"", ""MENTION_CREATED"", ""TOKEN_SELECTED"", ""TOKEN_SELECTED"", ""TOKEN_DESELECTED"", ""TOKEN_DESELECTED"", ""TOKEN_SELECTED"", ""MENTION_CREATED"", ""TOKEN_SELECTED"", ""MENTION_CREATED""]",TOKEN_SELECTED,train,llm_synthetic_expanded,1.0
llm_synth_expanded_1175,synthetic,31,15,16,"[""PROCESS_START"", ""STEP_MENTION_SUGGESTION"", ""STEP_METION"", ""TOKEN_SELECTED"", ""TOKEN_SELECTED"", ""MENTION_CREATED"", ""TOKEN_SELECTED"", ""TOKEN_SELECTED"", ""MENTION_CREATED"", ""TOKEN_SELECTED"", ""TOKEN_SELECTED"", ""MENTION_CREATED"", ""TOKEN_SELECTED"", ""TOKEN_SELECTED"", ""MENTION_CREATED"", ""TOKEN_SELECTED""]",TOKEN_SELECTED,train,llm_synthetic_expanded,1.0
llm_synth_expanded_883,synthetic,22,4,5,"[""PROCESS_START"", ""MENTION_SELECTED"", ""MENTION_TYPE_UPDATED"", ""MENTION_SUGGESTION_ACCEPTED"", ""MENTION_SUGGESTION_REJECTED""]",TOKEN_SELECTED,train,llm_synthetic_expanded,0.8
llm_synth_expanded_653,synthetic,23,6,7,"[""PROCESS_START"", ""MENTION_CREATED"", ""TOKEN_SELECTED"", ""MENTION_CREATED"", ""TOKEN_SELECTED"", ""TOKEN_SELECTED"", ""MENTION_CREATED""]",TOKEN_SELECTED,train,llm_synthetic_expanded,0.8571428571428571
llm_synth_expanded_1059,synthetic,14,4,5,"[""PROCESS_START"", ""STEP_MENTION_SUGGESTION"", ""STEP_METION"", ""TOKEN_SELECTED"", ""MENTION_CREATED""]",TOKEN_SELECTED,train,llm_synthetic_expanded,1.0
llm_synth_expanded_886,synthetic,23,17,18,"[""PROCESS_START"", ""STEP_RELATIONS"", ""STEP_MENTION_SUGGESTION"", ""STEP_METION"", ""TOKEN_SELECTED"", ""MENTION_CREATED"", ""TOKEN_SELECTED"", ""MENTION_CREATED"", ""TOKEN_SELECTED"", ""TOKEN_SELECTED"", ""MENTION_SUGGESTION_REJECTED"", ""TOKEN_SELECTED"", ""TOKEN_SELECTED"", ""MENTION_CREATED"", ""TOKEN_SELECTED"", ""TOKEN_SELECTED"", ""MENTION_CREATED"", ""TOKEN_SELECTED""]",TOKEN_SELECTED,train,llm_synthetic_expanded,0.8333333333333334
llm_synth_expanded_437,synthetic,33,4,5,"[""PROCESS_START"", ""STEP_RELATIONS"", ""STEP_RELATION_SUGGESTION"", ""MENTION_SUGGESTION_REJECTED"", ""TOKEN_SELECTED""]",TOKEN_SELECTED,train,llm_synthetic_expanded,0.4
llm_synth_expanded_742,synthetic,23,3,4,"[""PROCESS_START"", ""TOKEN_SELECTED"", ""TOKEN_SELECTED"", ""MENTION_CREATED""]",TOKEN_SELECTED,train,llm_synthetic_expanded,0.75
llm_synth_expanded_320,synthetic,33,13,14,"[""MENTION_CREATED"", ""MENTION_SELECTED"", ""MENTION_DELETED"", ""TOKEN_SELECTED"", ""TOKEN_SELECTED"", ""MENTION_CREATED"", ""TOKEN_SELECTED"", ""TOKEN_SELECTED"", ""TOKEN_DESELECTED"", ""TOKEN_DESELECTED"", ""TOKEN_SELECTED"", ""MENTION_CREATED"", ""TOKEN_SELECTED"", ""TOKEN_SELECTED""]",TOKEN_SELECTED,train,llm_synthetic_expanded,1.0
llm_synth_expanded_338,synthetic,44,3,4,"[""PROCESS_START"", ""MENTION_CREATED"", ""TOKEN_SELECTED"", ""MENTION_CREATED""]",TOKEN_SELECTED,train,llm_synthetic_expanded,0.75
llm_synth_expanded_580,synthetic,41,13,14,"[""MENTION_CREATED"", ""TOKEN_SELECTED"", ""MENTION_CREATED"", ""TOKEN_SELECTED"", ""MENTION_CREATED"", ""TOKEN_SELECTED"", ""TOKEN_SELECTED"", ""TOKEN_DESELECTED"", ""TOKEN_DESELECTED"", ""TOKEN_SELECTED"", ""TOKEN_SELECTED"", ""MENTION_CREATED"", ""TOKEN_SELECTED"", ""MENTION_CREATED""]",TOKEN_SELECTED,train,llm_synthetic_expanded,1.0
llm_synth_expanded_580,synthetic,41,9,10,"[""MENTION_CREATED"", ""TOKEN_SELECTED"", ""MENTION_CREATED"", ""TOKEN_SELECTED"", ""MENTION_CREATED"", ""TOKEN_SELECTED"", ""TOKEN_SELECTED"", ""TOKEN_DESELECTED"", ""TOKEN_DESELECTED"", ""TOKEN_SELECTED""]",TOKEN_SELECTED,train,llm_synthetic_expanded,1.0
llm_synth_expanded_1229,synthetic,25,14,15,"[""PROCESS_START"", ""STEP_MENTION_SUGGESTION"", ""STEP_METION"", ""TOKEN_SELECTED"", ""TOKEN_SELECTED"", ""MENTION_CREATED"", ""TOKEN_SELECTED"", ""TOKEN_SELECTED"", ""MENTION_CREATED"", ""TOKEN_SELECTED"", ""TOKEN_SELECTED"", ""MENTION_CREATED"", ""TOKEN_SELECTED"", ""TOKEN_SELECTED"", ""MENTION_CREATED""]",TOKEN_SELECTED,train,llm_synthetic_expanded,1.0
llm_synth_expanded_18,synthetic,43,16,17,"[""PROCESS_START"", ""STEP_MENTION_SUGGESTION"", ""STEP_METION"", ""TOKEN_SELECTED"", ""MENTION_CREATED"", ""TOKEN_SELECTED"", ""TOKEN_SELECTED"", ""TOKEN_SELECTED"", ""MENTION_CREATED"", ""TOKEN_SELECTED"", ""MENTION_CREATED"", ""TOKEN_SELECTED"", ""TOKEN_SELECTED"", ""TOKEN_SELECTED"", ""TOKEN_DESELECTED"", ""TOKEN_DESELECTED"", ""TOKEN_DESELECTED""]",TOKEN_SELECTED,train,llm_synthetic_expanded,1.0
llm_synth_expanded_653,synthetic,23,4,5,"[""PROCESS_START"", ""MENTION_CREATED"", ""TOKEN_SELECTED"", ""MENTION_CREATED"", ""TOKEN_SELECTED""]",TOKEN_SELECTED,train,llm_synthetic_expanded,0.8
llm_synth_expanded_615,synthetic,33,6,7,"[""PROCESS_START"", ""STEP_MENTION_SUGGESTION"", ""STEP_METION"", ""TOKEN_SELECTED"", ""MENTION_CREATED"", ""TOKEN_SELECTED"", ""TOKEN_SELECTED""]",TOKEN_SELECTED,train,llm_synthetic_expanded,1.0
llm_synth_expanded_263,synthetic,41,12,13,"[""TOKEN_SELECTED"", ""MENTION_CREATED"", ""TOKEN_SELECTED"", ""TOKEN_SELECTED"", ""MENTION_CREATED"", ""TOKEN_SELECTED"", ""TOKEN_SELECTED"", ""TOKEN_SELECTED"", ""MENTION_CREATED"", ""TOKEN_SELECTED"", ""MENTION_CREATED"", ""TOKEN_SELECTED"", ""MENTION_CREATED""]",TOKEN_SELECTED,train,llm_synthetic_expanded,1.0
llm_synth_expanded_1131,synthetic,33,4,5,"[""PROCESS_START"", ""STEP_MENTION_SUGGESTION"", ""STEP_METION"", ""TOKEN_SELECTED"", ""TOKEN_SELECTED""]",TOKEN_SELECTED,train,llm_synthetic_expanded,1.0
llm_synth_expanded_740,synthetic,23,2,3,"[""PROCESS_START"", ""MENTION_CREATED"", ""TOKEN_SELECTED""]",TOKEN_SELECTED,train,llm_synthetic_expanded,0.6666666666666666
llm_synth_expanded_78,synthetic,43,7,8,"[""TOKEN_SELECTED"", ""MENTION_CREATED"", ""TOKEN_SELECTED"", ""TOKEN_DESELECTED"", ""TOKEN_SELECTED"", ""MENTION_CREATED"", ""TOKEN_SELECTED"", ""TOKEN_SELECTED""]",TOKEN_SELECTED,train,llm_synthetic_expanded,1.0
llm_synth_expanded_310,synthetic,23,6,7,"[""PROCESS_START"", ""STEP_RELATIONS"", ""STEP_RELATION_SUGGESTION"", ""STEP_METION"", ""TOKEN_SELECTED"", ""TOKEN_SELECTED"", ""MENTION_CREATED""]",TOKEN_SELECTED,train,llm_synthetic_expanded,0.5714285714285714
llm_synth_expanded_893,synthetic,23,26,27,"[""PROCESS_START"", ""STEP_RELATIONS"", ""STEP_MENTION_SUGGESTION"", ""STEP_METION"", ""TOKEN_SELECTED"", ""MENTION_CREATED"", ""TOKEN_SELECTED"", ""MENTION_CREATED"", ""TOKEN_SELECTED"", ""TOKEN_SELECTED"", ""MENTION_SUGGESTION_REJECTED"", ""TOKEN_SELECTED"", ""TOKEN_SELECTED"", ""MENTION_CREATED"", ""TOKEN_SELECTED"", ""TOKEN_SELECTED"", ""MENTION_CREATED"", ""TOKEN_SELECTED"", ""TOKEN_SELECTED"", ""MENTION_CREATED"", ""TOKEN_SELECTED"", ""TOKEN_SELECTED"", ""MENTION_CREATED"", ""TOKEN_SELECTED"", ""TOKEN_SELECTED"", ""MENTION_CREATED"", ""TOKEN_SELECTED""]",TOKEN_SELECTED,train,llm_synthetic_expanded,0.8888888888888888
llm_synth_expanded_626,synthetic,11,17,18,"[""PROCESS_START"", ""TOKEN_SELECTED"", ""TOKEN_SELECTED"", ""MENTION_CREATED"", ""TOKEN_SELECTED"", ""MENTION_CREATED"", ""TOKEN_SELECTED"", ""TOKEN_SELECTED"", ""TOKEN_DESELECTED"", ""MENTION_CREATED"", ""TOKEN_SELECTED"", ""TOKEN_SELECTED"", ""MENTION_CREATED"", ""TOKEN_SELECTED"", ""TOKEN_SELECTED"", ""MENTION_CREATED"", ""TOKEN_SELECTED"", ""TOKEN_SELECTED""]",TOKEN_SELECTED,train,llm_synthetic_expanded,0.9444444444444444
llm_synth_expanded_991,synthetic,11,13,14,"[""TOKEN_SELECTED"", ""MENTION_CREATED"", ""TOKEN_SELECTED"", ""TOKEN_SELECTED"", ""MENTION_CREATED"", ""TOKEN_SELECTED"", ""TOKEN_SELECTED"", ""TOKEN_SELECTED"", ""MENTION_CREATED"", ""TOKEN_SELECTED"", ""TOKEN_SELECTED"", ""TOKEN_SELECTED"", ""MENTION_CREATED"", ""TOKEN_SELECTED""]",TOKEN_SELECTED,train,llm_synthetic_expanded,1.0
llm_synth_expanded_1142,synthetic,13,3,4,"[""PROCESS_START"", ""ENTITY_REMOVED"", ""ENTITY_GROUPED"", ""TOKEN_SELECTED""]",TOKEN_SELECTED,train,llm_synthetic_expanded,0.5
llm_synth_expanded_310,synthetic,23,16,17,"[""PROCESS_START"", ""STEP_RELATIONS"", ""STEP_RELATION_SUGGESTION"", ""STEP_METION"", ""TOKEN_SELECTED"", ""TOKEN_SELECTED"", ""MENTION_CREATED"", ""TOKEN_SELECTED"", ""TOKEN_SELECTED"", ""MENTION_CREATED"", ""TOKEN_SELECTED"", ""TOKEN_SELECTED"", ""MENTION_CREATED"", ""TOKEN_SELECTED"", ""TOKEN_SELECTED"", ""MENTION_CREATED"", ""TOKEN_SELECTED""]",TOKEN_SELECTED,train,llm_synthetic_expanded,0.8235294117647058
llm_synth_expanded_1022,synthetic,41,4,5,"[""PROCESS_START"", ""STEP_MENTION_SUGGESTION"", ""STEP_METION"", ""TOKEN_SELECTED"", ""MENTION_SELECTED""]",TOKEN_SELECTED,train,llm_synthetic_expanded,1.0
llm_synth_expanded_256,synthetic,23,19,20,"[""PROCESS_START"", ""STEP_MENTION_SUGGESTION"", ""STEP_METION"", ""TOKEN_SELECTED"", ""MENTION_DELETED"", ""TOKEN_SELECTED"", ""TOKEN_SELECTED"", ""MENTION_CREATED"", ""TOKEN_SELECTED"", ""TOKEN_SELECTED"", ""TOKEN_SELECTED"", ""MENTION_CREATED"", ""MENTION_SELECTED"", ""MENTION_SUGGESTION_BOUNDS_UPDATED"", ""MENTION_SUGGESTION_BOUNDS_UPDATED"", ""TOKEN_SELECTED"", ""MENTION_CREATED"", ""TOKEN_SELECTED"", ""MENTION_CREATED"", ""TOKEN_SELECTED""]",TOKEN_SELECTED,train,llm_synthetic_expanded,0.95
llm_synth_expanded_885,synthetic,23,11,12,"[""PROCESS_START"", ""STEP_RELATIONS"", ""STEP_MENTION_SUGGESTION"", ""STEP_METION"", ""TOKEN_SELECTED"", ""MENTION_CREATED"", ""TOKEN_SELECTED"", ""MENTION_CREATED"", ""TOKEN_SELECTED"", ""TOKEN_SELECTED"", ""MENTION_SUGGESTION_REJECTED"", ""TOKEN_SELECTED""]",TOKEN_SELECTED,train,llm_synthetic_expanded,0.75
llm_synth_expanded_320,synthetic,33,9,10,"[""MENTION_CREATED"", ""MENTION_SELECTED"", ""MENTION_DELETED"", ""TOKEN_SELECTED"", ""TOKEN_SELECTED"", ""MENTION_CREATED"", ""TOKEN_SELECTED"", ""TOKEN_SELECTED"", ""TOKEN_DESELECTED"", ""TOKEN_DESELECTED""]",TOKEN_SELECTED,train,llm_synthetic_expanded,1.0
llm_synth_expanded_883,synthetic,22,12,13,"[""PROCESS_START"", ""MENTION_SELECTED"", ""MENTION_TYPE_UPDATED"", ""MENTION_SUGGESTION_ACCEPTED"", ""MENTION_SUGGESTION_REJECTED"", ""TOKEN_SELECTED"", ""TOKEN_SELECTED"", ""MENTION_CREATED"", ""TOKEN_SELECTED"", ""MENTION_CREATED"", ""MENTION_SUGGESTION_ACCEPTED"", ""STEP_METION"", ""TOKEN_SELECTED""]",TOKEN_SELECTED,train,llm_synthetic_expanded,0.9230769230769231
llm_synth_expanded_122,synthetic,41,4,5,"[""PROCESS_START"", ""MENTION_SELECTED"", ""RELATION_CREATED"", ""MENTION_SELECTED"", ""MENTION_DESELECTED""]",TOKEN_SELECTED,train,llm_synthetic_expanded,0.8
llm_synth_expanded_1059,synthetic,14,11,12,"[""PROCESS_START"", ""STEP_MENTION_SUGGESTION"", ""STEP_METION"", ""TOKEN_SELECTED"", ""MENTION_CREATED"", ""TOKEN_SELECTED"", ""MENTION_CREATED"", ""TOKEN_SELECTED"", ""TOKEN_SELECTED"", ""TOKEN_SELECTED"", ""MENTION_CREATED"", ""TOKEN_SELECTED""]",TOKEN_SELECTED,train,llm_synthetic_expanded,1.0
llm_synth_expanded_171,synthetic,24,5,6,"[""PROCESS_START"", ""MENTION_CREATED"", ""TOKEN_SELECTED"", ""TOKEN_SELECTED"", ""MENTION_CREATED"", ""TOKEN_SELECTED""]",TOKEN_SELECTED,train,llm_synthetic_expanded,0.8333333333333334
llm_synth_expanded_225,synthetic,25,3,4,"[""TOKEN_SELECTED"", ""TOKEN_SELECTED"", ""MENTION_CREATED"", ""TOKEN_SELECTED""]",TOKEN_SELECTED,train,llm_synthetic_expanded,1.0
llm_synth_expanded_658,synthetic,23,3,4,"[""PROCESS_START"", ""MENTION_DELETED"", ""TOKEN_SELECTED"", ""TOKEN_SELECTED""]",TOKEN_SELECTED,train,llm_synthetic_expanded,0.75
llm_synth_expanded_561,synthetic,23,1,2,"[""PROCESS_START"", ""MENTION_SUGGESTION_REJECTED""]",TOKEN_SELECTED,train,llm_synthetic_expanded,0.5
llm_synth_expanded_340,synthetic,44,3,4,"[""PROCESS_START"", ""MENTION_CREATED"", ""TOKEN_SELECTED"", ""TOKEN_SELECTED""]",TOKEN_SELECTED,train,llm_synthetic_expanded,0.75
llm_synth_expanded_74,synthetic,43,4,5,"[""MENTION_SUGGESTION_BOUNDS_UPDATED"", ""TOKEN_SELECTED"", ""TOKEN_SELECTED"", ""TOKEN_SELECTED"", ""MENTION_CREATED""]",TOKEN_SELECTED,train,llm_synthetic_expanded,1.0
llm_synth_expanded_100,synthetic,41,3,4,"[""PROCESS_START"", ""TOKEN_SELECTED"", ""TOKEN_SELECTED"", ""MENTION_CREATED""]",TOKEN_SELECTED,train,llm_synthetic_expanded,0.75
llm_synth_expanded_78,synthetic,43,11,12,"[""TOKEN_SELECTED"", ""MENTION_CREATED"", ""TOKEN_SELECTED"", ""TOKEN_DESELECTED"", ""TOKEN_SELECTED"", ""MENTION_CREATED"", ""TOKEN_SELECTED"", ""TOKEN_SELECTED"", ""TOKEN_SELECTED"", ""MENTION_CREATED"", ""TOKEN_SELECTED"", ""MENTION_CREATED""]",TOKEN_SELECTED,train,llm_synthetic_expanded,1.0
llm_synth_expanded_548,synthetic,25,8,9,"[""PROCESS_START"", ""STEP_RELATIONS"", ""RELATION_SUGGESTION_MARKED"", ""TOKEN_SELECTED"", ""TOKEN_SELECTED"", ""MENTION_CREATED"", ""TOKEN_SELECTED"", ""TOKEN_SELECTED"", ""MENTION_CREATED""]",TOKEN_SELECTED,train,llm_synthetic_expanded,0.6666666666666666
llm_synth_expanded_325,synthetic,33,5,6,"[""TOKEN_SELECTED"", ""MENTION_CREATED"", ""TOKEN_SELECTED"", ""TOKEN_SELECTED"", ""MENTION_CREATED"", ""TOKEN_SELECTED""]",TOKEN_SELECTED,train,llm_synthetic_expanded,1.0
llm_synth_expanded_991,synthetic,11,8,9,"[""TOKEN_SELECTED"", ""MENTION_CREATED"", ""TOKEN_SELECTED"", ""TOKEN_SELECTED"", ""MENTION_CREATED"", ""TOKEN_SELECTED"", ""TOKEN_SELECTED"", ""TOKEN_SELECTED"", ""MENTION_CREATED""]",TOKEN_SELECTED,train,llm_synthetic_expanded,1.0
llm_synth_expanded_836,synthetic,23,1,2,"[""TOKEN_SELECTED"", ""MENTION_CREATED""]",TOKEN_SELECTED,train,llm_synthetic_expanded,1.0
llm_synth_expanded_626,synthetic,11,13,14,"[""PROCESS_START"", ""TOKEN_SELECTED"", ""TOKEN_SELECTED"", ""MENTION_CREATED"", ""TOKEN_SELECTED"", ""MENTION_CREATED"", ""TOKEN_SELECTED"", ""TOKEN_SELECTED"", ""TOKEN_DESELECTED"", ""MENTION_CREATED"", ""TOKEN_SELECTED"", ""TOKEN_SELECTED"", ""MENTION_CREATED"", ""TOKEN_SELECTED""]",TOKEN_SELECTED,train,llm_synthetic_expanded,0.9285714285714286
llm_synth_expanded_254,synthetic,23,14,15,"[""PROCESS_START"", ""STEP_MENTION_SUGGESTION"", ""STEP_METION"", ""TOKEN_SELECTED"", ""MENTION_CREATED"", ""TOKEN_SELECTED"", ""TOKEN_SELECTED"", ""MENTION_CREATED"", ""TOKEN_SELECTED"", ""TOKEN_SELECTED"", ""TOKEN_SELECTED"", ""MENTION_CREATED"", ""MENTION_SELECTED"", ""MENTION_SUGGESTION_BOUNDS_UPDATED"", ""MENTION_SUGGESTION_BOUNDS_UPDATED""]",TOKEN_SELECTED,train,llm_synthetic_expanded,1.0
llm_synth_expanded_124,synthetic,41,10,11,"[""PROCESS_START"", ""TOKEN_SELECTED"", ""TOKEN_SELECTED"", ""TOKEN_SELECTED"", ""MENTION_CREATED"", ""TOKEN_SELECTED"", ""MENTION_CREATED"", ""TOKEN_SELECTED"", ""MENTION_CREATED"", ""TOKEN_SELECTED"", ""MENTION_CREATED""]",TOKEN_SELECTED,train,llm_synthetic_expanded,0.9090909090909091
llm_synth_expanded_658,synthetic,23,1,2,"[""PROCESS_START"", ""MENTION_DELETED""]",TOKEN_SELECTED,train,llm_synthetic_expanded,0.5
llm_synth_expanded_1096,synthetic,23,4,5,"[""PROCESS_START"", ""MENTION_SELECTED"", ""MENTION_TYPE_UPDATED"", ""TOKEN_SELECTED"", ""TOKEN_SELECTED""]",TOKEN_SELECTED,train,llm_synthetic_expanded,0.8
llm_synth_expanded_1046,synthetic,11,11,12,"[""MENTION_CREATED"", ""TOKEN_SELECTED"", ""TOKEN_DESELECTED"", ""TOKEN_SELECTED"", ""MENTION_CREATED"", ""TOKEN_SELECTED"", ""MENTION_CREATED"", ""TOKEN_SELECTED"", ""TOKEN_DESELECTED"", ""TOKEN_SELECTED"", ""MENTION_CREATED"", ""TOKEN_SELECTED""]",TOKEN_SELECTED,train,llm_synthetic_expanded,1.0
llm_synth_expanded_557,synthetic,23,1,2,"[""PROCESS_START"", ""STEP_METION""]",TOKEN_SELECTED,train,llm_synthetic_expanded,0.5
llm_synth_expanded_121,synthetic,41,3,4,"[""PROCESS_START"", ""MENTION_CREATED"", ""MENTION_SELECTED"", ""MENTION_DELETED""]",TOKEN_SELECTED,train,llm_synthetic_expanded,0.75
llm_synth_expanded_959,synthetic,44,3,4,"[""PROCESS_START"", ""STEP_MENTION_SUGGESTION"", ""TOKEN_SELECTED"", ""TOKEN_SELECTED""]",TOKEN_SELECTED,train,llm_synthetic_expanded,1.0
llm_synth_expanded_615,synthetic,33,11,12,"[""PROCESS_START"", ""STEP_MENTION_SUGGESTION"", ""STEP_METION"", ""TOKEN_SELECTED"", ""MENTION_CREATED"", ""TOKEN_SELECTED"", ""TOKEN_SELECTED"", ""TOKEN_SELECTED"", ""TOKEN_DESELECTED"", ""TOKEN_DESELECTED"", ""TOKEN_DESELECTED"", ""TOKEN_SELECTED""]",TOKEN_SELECTED,train,llm_synthetic_expanded,1.0
llm_synth_expanded_836,synthetic,23,3,4,"[""TOKEN_SELECTED"", ""MENTION_CREATED"", ""TOKEN_SELECTED"", ""MENTION_CREATED""]",TOKEN_SELECTED,train,llm_synthetic_expanded,1.0
llm_synth_expanded_715,synthetic,33,17,18,"[""PROCESS_START"", ""STEP_MENTION_SUGGESTION"", ""STEP_METION"", ""TOKEN_SELECTED"", ""MENTION_CREATED"", ""TOKEN_SELECTED"", ""TOKEN_SELECTED"", ""TOKEN_SELECTED"", ""TOKEN_DESELECTED"", ""TOKEN_DESELECTED"", ""TOKEN_DESELECTED"", ""TOKEN_SELECTED"", ""TOKEN_SELECTED"", ""MENTION_CREATED"", ""TOKEN_SELECTED"", ""TOKEN_SELECTED"", ""TOKEN_DESELECTED"", ""MENTION_CREATED""]",TOKEN_SELECTED,train,llm_synthetic_expanded,1.0
llm_synth_expanded_1023,synthetic,41,3,4,"[""PROCESS_START"", ""STEP_ENTITIES"", ""ENTITY_GROUPED"", ""TOKEN_SELECTED""]",TOKEN_SELECTED,train,llm_synthetic_expanded,0.5
llm_synth_expanded_38,synthetic,12,3,4,"[""PROCESS_START"", ""MENTION_CREATED"", ""TOKEN_SELECTED"", ""MENTION_CREATED""]",TOKEN_SELECTED,train,llm_synthetic_expanded,0.75
llm_synth_expanded_740,synthetic,23,4,5,"[""PROCESS_START"", ""MENTION_CREATED"", ""TOKEN_SELECTED"", ""TOKEN_SELECTED"", ""MENTION_CREATED""]",TOKEN_SELECTED,train,llm_synthetic_expanded,0.8
llm_synth_expanded_1058,synthetic,13,6,7,"[""PROCESS_START"", ""STEP_MENTION_SUGGESTION"", ""STEP_METION"", ""TOKEN_SELECTED"", ""MENTION_CREATED"", ""TOKEN_SELECTED"", ""MENTION_CREATED""]",TOKEN_SELECTED,train,llm_synthetic_expanded,1.0
llm_synth_expanded_256,synthetic,23,5,6,"[""PROCESS_START"", ""STEP_MENTION_SUGGESTION"", ""STEP_METION"", ""TOKEN_SELECTED"", ""MENTION_DELETED"", ""TOKEN_SELECTED""]",TOKEN_SELECTED,train,llm_synthetic_expanded,0.8333333333333334
llm_synth_expanded_647,synthetic,43,4,5,"[""PROCESS_START"", ""TOKEN_SELECTED"", ""TOKEN_SELECTED"", ""TOKEN_DESELECTED"", ""TOKEN_DESELECTED""]",TOKEN_SELECTED,train,llm_synthetic_expanded,0.8
llm_synth_expanded_1045,synthetic,11,7,8,"[""TOKEN_SELECTED"", ""MENTION_CREATED"", ""TOKEN_SELECTED"", ""MENTION_CREATED"", ""TOKEN_SELECTED"", ""TOKEN_SELECTED"", ""TOKEN_SELECTED"", ""MENTION_CREATED""]",TOKEN_SELECTED,train,llm_synthetic_expanded,1.0
llm_synth_expanded_625,synthetic,41,13,14,"[""PROCESS_START"", ""MENTION_CREATED"", ""TOKEN_SELECTED"", ""MENTION_CREATED"", ""TOKEN_SELECTED"", ""MENTION_CREATED"", ""TOKEN_SELECTED"", ""MENTION_CREATED"", ""TOKEN_SELECTED"", ""MENTION_CREATED"", ""TOKEN_SELECTED"", ""MENTION_CREATED"", ""TOKEN_SELECTED"", ""MENTION_CREATED""]",TOKEN_SELECTED,train,llm_synthetic_expanded,0.9285714285714286
llm_synth_expanded_548,synthetic,25,9,10,"[""PROCESS_START"", ""STEP_RELATIONS"", ""RELATION_SUGGESTION_MARKED"", ""TOKEN_SELECTED"", ""TOKEN_SELECTED"", ""MENTION_CREATED"", ""TOKEN_SELECTED"", ""TOKEN_SELECTED"", ""MENTION_CREATED"", ""TOKEN_SELECTED""]",TOKEN_SELECTED,train,llm_synthetic_expanded,0.7
llm_synth_expanded_255,synthetic,23,19,20,"[""PROCESS_START"", ""STEP_MENTION_SUGGESTION"", ""STEP_METION"", ""TOKEN_SELECTED"", ""MENTION_CREATED"", ""TOKEN_SELECTED"", ""TOKEN_SELECTED"", ""MENTION_CREATED"", ""TOKEN_SELECTED"", ""TOKEN_SELECTED"", ""TOKEN_SELECTED"", ""MENTION_CREATED"", ""MENTION_SELECTED"", ""MENTION_SUGGESTION_BOUNDS_UPDATED"", ""MENTION_SUGGESTION_BOUNDS_UPDATED"", ""TOKEN_SELECTED"", ""MENTION_CREATED"", ""TOKEN_SELECTED"", ""MENTION_CREATED"", ""TOKEN_SELECTED""]",TOKEN_SELECTED,train,llm_synthetic_expanded,1.0
llm_synth_expanded_867,synthetic,43,8,9,"[""TOKEN_SELECTED"", ""MENTION_CREATED"", ""TOKEN_SELECTED"", ""MENTION_CREATED"", ""TOKEN_SELECTED"", ""MENTION_CREATED"", ""TOKEN_SELECTED"", ""MENTION_CREATED"", ""TOKEN_SELECTED""]",TOKEN_SELECTED,train,llm_synthetic_expanded,1.0
llm_synth_expanded_626,synthetic,11,3,4,"[""PROCESS_START"", ""TOKEN_SELECTED"", ""TOKEN_SELECTED"", ""MENTION_CREATED""]",TOKEN_SELECTED,train,llm_synthetic_expanded,0.75
llm_synth_expanded_153,synthetic,22,8,9,"[""PROCESS_START"", ""TOKEN_SELECTED"", ""TOKEN_SELECTED"", ""MENTION_CREATED"", ""TOKEN_SELECTED"", ""TOKEN_SELECTED"", ""MENTION_CREATED"", ""TOKEN_SELECTED"", ""MENTION_CREATED""]",TOKEN_SELECTED,train,llm_synthetic_expanded,0.8888888888888888
llm_synth_expanded_124,synthetic,41,2,3,"[""PROCESS_START"", ""TOKEN_SELECTED"", ""TOKEN_SELECTED""]",TOKEN_SELECTED,train,llm_synthetic_expanded,0.6666666666666666
llm_synth_expanded_80,synthetic,31,8,9,"[""PROCESS_START"", ""STEP_MENTION_SUGGESTION"", ""STEP_METION"", ""TOKEN_SELECTED"", ""MENTION_CREATED"", ""TOKEN_SELECTED"", ""MENTION_CREATED"", ""TOKEN_SELECTED"", ""MENTION_CREATED""]",TOKEN_SELECTED,train,llm_synthetic_expanded,1.0
llm_synth_expanded_742,synthetic,23,10,11,"[""PROCESS_START"", ""TOKEN_SELECTED"", ""TOKEN_SELECTED"", ""MENTION_CREATED"", ""TOKEN_SELECTED"", ""TOKEN_SELECTED"", ""MENTION_CREATED"", ""TOKEN_SELECTED"", ""TOKEN_SELECTED"", ""MENTION_CREATED"", ""TOKEN_SELECTED""]",TOKEN_SELECTED,train,llm_synthetic_expanded,0.9090909090909091
llm_synth_expanded_580,synthetic,41,14,15,"[""MENTION_CREATED"", ""TOKEN_SELECTED"", ""MENTION_CREATED"", ""TOKEN_SELECTED"", ""MENTION_CREATED"", ""TOKEN_SELECTED"", ""TOKEN_SELECTED"", ""TOKEN_DESELECTED"", ""TOKEN_DESELECTED"", ""TOKEN_SELECTED"", ""TOKEN_SELECTED"", ""MENTION_CREATED"", ""TOKEN_SELECTED"", ""MENTION_CREATED"", ""TOKEN_SELECTED""]",TOKEN_SELECTED,train,llm_synthetic_expanded,1.0
llm_synth_expanded_1057,synthetic,12,7,8,"[""PROCESS_START"", ""STEP_MENTION_SUGGESTION"", ""STEP_METION"", ""TOKEN_SELECTED"", ""MENTION_CREATED"", ""TOKEN_SELECTED"", ""MENTION_CREATED"", ""TOKEN_SELECTED""]",TOKEN_SELECTED,train,llm_synthetic_expanded,1.0
llm_synth_expanded_78,synthetic,43,9,10,"[""TOKEN_SELECTED"", ""MENTION_CREATED"", ""TOKEN_SELECTED"", ""TOKEN_DESELECTED"", ""TOKEN_SELECTED"", ""MENTION_CREATED"", ""TOKEN_SELECTED"", ""TOKEN_SELECTED"", ""TOKEN_SELECTED"", ""MENTION_CREATED""]",TOKEN_SELECTED,train,llm_synthetic_expanded,1.0
llm_synth_expanded_959,synthetic,44,7,8,"[""PROCESS_START"", ""STEP_MENTION_SUGGESTION"", ""TOKEN_SELECTED"", ""TOKEN_SELECTED"", ""TOKEN_SELECTED"", ""MENTION_CREATED"", ""TOKEN_SELECTED"", ""MENTION_CREATED""]",TOKEN_SELECTED,train,llm_synthetic_expanded,1.0
llm_synth_expanded_653,synthetic,23,1,2,"[""PROCESS_START"", ""MENTION_CREATED""]",TOKEN_SELECTED,train,llm_synthetic_expanded,0.5
llm_synth_expanded_741,synthetic,23,17,18,"[""PROCESS_START"", ""MENTION_CREATED"", ""TOKEN_SELECTED"", ""TOKEN_SELECTED"", ""MENTION_CREATED"", ""TOKEN_SELECTED"", ""TOKEN_SELECTED"", ""MENTION_CREATED"", ""TOKEN_SELECTED"", ""TOKEN_SELECTED"", ""MENTION_CREATED"", ""STEP_ENTITIES"", ""MENTION_SELECTED"", ""MENTION_SELECTED"", ""ENTITY_GROUPED"", ""MENTION_SELECTED"", ""MENTION_SELECTED"", ""ENTITY_GROUPED""]",TOKEN_SELECTED,train,llm_synthetic_expanded,0.9444444444444444
llm_synth_expanded_837,synthetic,23,4,5,"[""MENTION_SELECTED"", ""ENTITY_GROUPED"", ""MENTION_SELECTED"", ""MENTION_SELECTED"", ""ENTITY_GROUPED""]",TOKEN_SELECTED,train,llm_synthetic_expanded,1.0
llm_synth_expanded_419,synthetic,42,5,6,"[""PROCESS_START"", ""STEP_MENTION_SUGGESTION"", ""MENTION_SUGGESTION_ACCEPTED"", ""MENTION_SUGGESTION_ACCEPTED"", ""MENTION_SUGGESTION_ACCEPTED"", ""STEP_METION""]",TOKEN_SELECTED,train,llm_synthetic_expanded,1.0
llm_synth_expanded_1045,synthetic,11,4,5,"[""TOKEN_SELECTED"", ""MENTION_CREATED"", ""TOKEN_SELECTED"", ""MENTION_CREATED"", ""TOKEN_SELECTED""]",TOKEN_SELECTED,train,llm_synthetic_expanded,1.0
llm_synth_expanded_320,synthetic,33,20,21,"[""MENTION_CREATED"", ""MENTION_SELECTED"", ""MENTION_DELETED"", ""TOKEN_SELECTED"", ""TOKEN_SELECTED"", ""MENTION_CREATED"", ""TOKEN_SELECTED"", ""TOKEN_SELECTED"", ""TOKEN_DESELECTED"", ""TOKEN_DESELECTED"", ""TOKEN_SELECTED"", ""MENTION_CREATED"", ""TOKEN_SELECTED"", ""TOKEN_SELECTED"", ""TOKEN_SELECTED"", ""TOKEN_DESELECTED"", ""TOKEN_DESELECTED"", ""TOKEN_DESELECTED"", ""TOKEN_SELECTED"", ""MENTION_CREATED"", ""TOKEN_SELECTED""]",TOKEN_SELECTED,train,llm_synthetic_expanded,1.0
llm_synth_expanded_171,synthetic,24,1,2,"[""PROCESS_START"", ""MENTION_CREATED""]",TOKEN_SELECTED,train,llm_synthetic_expanded,0.5
llm_synth_expanded_320,synthetic,33,12,13,"[""MENTION_CREATED"", ""MENTION_SELECTED"", ""MENTION_DELETED"", ""TOKEN_SELECTED"", ""TOKEN_SELECTED"", ""MENTION_CREATED"", ""TOKEN_SELECTED"", ""TOKEN_SELECTED"", ""TOKEN_DESELECTED"", ""TOKEN_DESELECTED"", ""TOKEN_SELECTED"", ""MENTION_CREATED"", ""TOKEN_SELECTED""]",TOKEN_SELECTED,train,llm_synthetic_expanded,1.0
llm_synth_expanded_310,synthetic,23,18,19,"[""PROCESS_START"", ""STEP_RELATIONS"", ""STEP_RELATION_SUGGESTION"", ""STEP_METION"", ""TOKEN_SELECTED"", ""TOKEN_SELECTED"", ""MENTION_CREATED"", ""TOKEN_SELECTED"", ""TOKEN_SELECTED"", ""MENTION_CREATED"", ""TOKEN_SELECTED"", ""TOKEN_SELECTED"", ""MENTION_CREATED"", ""TOKEN_SELECTED"", ""TOKEN_SELECTED"", ""MENTION_CREATED"", ""TOKEN_SELECTED"", ""TOKEN_SELECTED"", ""MENTION_SUGGESTION_REJECTED""]",TOKEN_SELECTED,train,llm_synthetic_expanded,0.7894736842105263
llm_synth_expanded_66,synthetic,41,12,13,"[""PROCESS_START"", ""STEP_MENTION_SUGGESTION"", ""STEP_METION"", ""TOKEN_SELECTED"", ""MENTION_CREATED"", ""TOKEN_SELECTED"", ""MENTION_CREATED"", ""TOKEN_SELECTED"", ""MENTION_CREATED"", ""TOKEN_SELECTED"", ""TOKEN_SELECTED"", ""TOKEN_DESELECTED"", ""MENTION_CREATED""]",TOKEN_SELECTED,train,llm_synthetic_expanded,1.0
llm_synth_expanded_171,synthetic,24,4,5,"[""PROCESS_START"", ""MENTION_CREATED"", ""TOKEN_SELECTED"", ""TOKEN_SELECTED"", ""MENTION_CREATED""]",TOKEN_SELECTED,train,llm_synthetic_expanded,0.8
llm_synth_expanded_883,synthetic,22,11,12,"[""PROCESS_START"", ""MENTION_SELECTED"", ""MENTION_TYPE_UPDATED"", ""MENTION_SUGGESTION_ACCEPTED"", ""MENTION_SUGGESTION_REJECTED"", ""TOKEN_SELECTED"", ""TOKEN_SELECTED"", ""MENTION_CREATED"", ""TOKEN_SELECTED"", ""MENTION_CREATED"", ""MENTION_SUGGESTION_ACCEPTED"", ""STEP_METION""]",TOKEN_SELECTED,train,llm_synthetic_expanded,0.9166666666666666
llm_synth_expanded_74,synthetic,43,8,9,"[""MENTION_SUGGESTION_BOUNDS_UPDATED"", ""TOKEN_SELECTED"", ""TOKEN_SELECTED"", ""TOKEN_SELECTED"", ""MENTION_CREATED"", ""TOKEN_SELECTED"", ""MENTION_CREATED"", ""TOKEN_SELECTED"", ""MENTION_CREATED""]",TOKEN_SELECTED,train,llm_synthetic_expanded,1.0
llm_synth_expanded_339,synthetic,44,1,2,"[""PROCESS_START"", ""TOKEN_SELECTED""]",TOKEN_SELECTED,train,llm_synthetic_expanded,0.5
llm_synth_expanded_100,synthetic,41,11,12,"[""PROCESS_START"", ""TOKEN_SELECTED"", ""TOKEN_SELECTED"", ""MENTION_CREATED"", ""TOKEN_SELECTED"", ""MENTION_CREATED"", ""TOKEN_SELECTED"", ""MENTION_CREATED"", ""TOKEN_SELECTED"", ""TOKEN_SELECTED"", ""MENTION_CREATED"", ""TOKEN_SELECTED""]",TOKEN_SELECTED,train,llm_synthetic_expanded,0.9166666666666666
llm_synth_expanded_1059,synthetic,14,10,11,"[""PROCESS_START"", ""STEP_MENTION_SUGGESTION"", ""STEP_METION"", ""TOKEN_SELECTED"", ""MENTION_CREATED"", ""TOKEN_SELECTED"", ""MENTION_CREATED"", ""TOKEN_SELECTED"", ""TOKEN_SELECTED"", ""TOKEN_SELECTED"", ""MENTION_CREATED""]",TOKEN_SELECTED,train,llm_synthetic_expanded,1.0
llm_synth_expanded_991,synthetic,11,14,15,"[""TOKEN_SELECTED"", ""MENTION_CREATED"", ""TOKEN_SELECTED"", ""TOKEN_SELECTED"", ""MENTION_CREATED"", ""TOKEN_SELECTED"", ""TOKEN_SELECTED"", ""TOKEN_SELECTED"", ""MENTION_CREATED"", ""TOKEN_SELECTED"", ""TOKEN_SELECTED"", ""TOKEN_SELECTED"", ""MENTION_CREATED"", ""TOKEN_SELECTED"", ""TOKEN_SELECTED""]",TOKEN_SELECTED,train,llm_synthetic_expanded,1.0
llm_synth_expanded_626,synthetic,11,5,6,"[""PROCESS_START"", ""TOKEN_SELECTED"", ""TOKEN_SELECTED"", ""MENTION_CREATED"", ""TOKEN_SELECTED"", ""MENTION_CREATED""]",TOKEN_SELECTED,train,llm_synthetic_expanded,0.8333333333333334
llm_synth_expanded_775,synthetic,43,4,5,"[""PROCESS_START"", ""STEP_MENTION_SUGGESTION"", ""STEP_METION"", ""TOKEN_SELECTED"", ""TOKEN_SELECTED""]",TOKEN_SELECTED,train,llm_synthetic_expanded,1.0
llm_synth_expanded_1046,synthetic,11,2,3,"[""MENTION_CREATED"", ""TOKEN_SELECTED"", ""TOKEN_DESELECTED""]",TOKEN_SELECTED,train,llm_synthetic_expanded,1.0
llm_synth_expanded_653,synthetic,23,10,11,"[""PROCESS_START"", ""MENTION_CREATED"", ""TOKEN_SELECTED"", ""MENTION_CREATED"", ""TOKEN_SELECTED"", ""TOKEN_SELECTED"", ""MENTION_CREATED"", ""TOKEN_SELECTED"", ""TOKEN_SELECTED"", ""MENTION_CREATED"", ""TOKEN_SELECTED""]",TOKEN_SELECTED,train,llm_synthetic_expanded,0.9090909090909091
llm_synth_expanded_625,synthetic,41,1,2,"[""PROCESS_START"", ""MENTION_CREATED""]",TOKEN_SELECTED,train,llm_synthetic_expanded,0.5
llm_synth_expanded_625,synthetic,41,11,12,"[""PROCESS_START"", ""MENTION_CREATED"", ""TOKEN_SELECTED"", ""MENTION_CREATED"", ""TOKEN_SELECTED"", ""MENTION_CREATED"", ""TOKEN_SELECTED"", ""MENTION_CREATED"", ""TOKEN_SELECTED"", ""MENTION_CREATED"", ""TOKEN_SELECTED"", ""MENTION_CREATED""]",TOKEN_SELECTED,train,llm_synthetic_expanded,0.9166666666666666
llm_synth_expanded_867,synthetic,43,14,15,"[""TOKEN_SELECTED"", ""MENTION_CREATED"", ""TOKEN_SELECTED"", ""MENTION_CREATED"", ""TOKEN_SELECTED"", ""MENTION_CREATED"", ""TOKEN_SELECTED"", ""MENTION_CREATED"", ""TOKEN_SELECTED"", ""TOKEN_SELECTED"", ""MENTION_CREATED"", ""TOKEN_SELECTED"", ""MENTION_CREATED"", ""TOKEN_SELECTED"", ""MENTION_CREATED""]",TOKEN_SELECTED,train,llm_synthetic_expanded,1.0
llm_synth_expanded_1059,synthetic,14,7,8,"[""PROCESS_START"", ""STEP_MENTION_SUGGESTION"", ""STEP_METION"", ""TOKEN_SELECTED"", ""MENTION_CREATED"", ""TOKEN_SELECTED"", ""MENTION_CREATED"", ""TOKEN_SELECTED""]",TOKEN_SELECTED,train,llm_synthetic_expanded,1.0
llm_synth_expanded_698,synthetic,44,7,8,"[""TOKEN_SELECTED"", ""TOKEN_SELECTED"", ""TOKEN_SELECTED"", ""MENTION_CREATED"", ""TOKEN_SELECTED"", ""MENTION_CREATED"", ""TOKEN_SELECTED"", ""TOKEN_SELECTED""]",TOKEN_SELECTED,train,llm_synthetic_expanded,1.0
llm_synth_expanded_1229,synthetic,25,11,12,"[""PROCESS_START"", ""STEP_MENTION_SUGGESTION"", ""STEP_METION"", ""TOKEN_SELECTED"", ""TOKEN_SELECTED"", ""MENTION_CREATED"", ""TOKEN_SELECTED"", ""TOKEN_SELECTED"", ""MENTION_CREATED"", ""TOKEN_SELECTED"", ""TOKEN_SELECTED"", ""MENTION_CREATED""]",TOKEN_SELECTED,train,llm_synthetic_expanded,1.0
llm_synth_expanded_1059,synthetic,14,8,9,"[""PROCESS_START"", ""STEP_MENTION_SUGGESTION"", ""STEP_METION"", ""TOKEN_SELECTED"", ""MENTION_CREATED"", ""TOKEN_SELECTED"", ""MENTION_CREATED"", ""TOKEN_SELECTED"", ""TOKEN_SELECTED""]",TOKEN_SELECTED,train,llm_synthetic_expanded,1.0
llm_synth_expanded_885,synthetic,23,5,6,"[""PROCESS_START"", ""STEP_RELATIONS"", ""STEP_MENTION_SUGGESTION"", ""STEP_METION"", ""TOKEN_SELECTED"", ""MENTION_CREATED""]",TOKEN_SELECTED,train,llm_synthetic_expanded,0.6666666666666666
llm_synth_expanded_760,synthetic,23,6,7,"[""PROCESS_START"", ""STEP_RELATIONS"", ""STEP_RELATION_SUGGESTION"", ""STEP_METION"", ""MENTION_SELECTED"", ""MENTION_TYPE_UPDATED"", ""TOKEN_SELECTED""]",TOKEN_SELECTED,train,llm_synthetic_expanded,0.5714285714285714
llm_synth_expanded_580,synthetic,41,15,16,"[""MENTION_CREATED"", ""TOKEN_SELECTED"", ""MENTION_CREATED"", ""TOKEN_SELECTED"", ""MENTION_CREATED"", ""TOKEN_SELECTED"", ""TOKEN_SELECTED"", ""TOKEN_DESELECTED"", ""TOKEN_DESELECTED"", ""TOKEN_SELECTED"", ""TOKEN_SELECTED"", ""MENTION_CREATED"", ""TOKEN_SELECTED"", ""MENTION_CREATED"", ""TOKEN_SELECTED"", ""TOKEN_SELECTED""]",TOKEN_SELECTED,train,llm_synthetic_expanded,1.0
llm_synth_expanded_405,synthetic,43,16,17,"[""MENTION_SELECTED"", ""MENTION_SELECTED"", ""MENTION_SELECTED"", ""RELATION_CREATED"", ""MENTION_SELECTED"", ""MENTION_SELECTED"", ""RELATION_CREATED"", ""MENTION_SELECTED"", ""MENTION_SELECTED"", ""RELATION_CREATED"", ""MENTION_SELECTED"", ""MENTION_SELECTED"", ""RELATION_CREATED"", ""MENTION_SELECTED"", ""MENTION_SELECTED"", ""MENTION_SELECTED"", ""MENTION_SUGGESTION_BOUNDS_UPDATED""]",TOKEN_SELECTED,train,llm_synthetic_expanded,1.0
llm_synth_expanded_121,synthetic,41,5,6,"[""PROCESS_START"", ""MENTION_CREATED"", ""MENTION_SELECTED"", ""MENTION_DELETED"", ""TOKEN_SELECTED"", ""TOKEN_SELECTED""]",TOKEN_SELECTED,train,llm_synthetic_expanded,0.8333333333333334
llm_synth_expanded_626,synthetic,11,6,7,"[""PROCESS_START"", ""TOKEN_SELECTED"", ""TOKEN_SELECTED"", ""MENTION_CREATED"", ""TOKEN_SELECTED"", ""MENTION_CREATED"", ""TOKEN_SELECTED""]",TOKEN_SELECTED,train,llm_synthetic_expanded,0.8571428571428571
llm_synth_expanded_574,synthetic,41,6,7,"[""PROCESS_START"", ""STEP_MENTION_SUGGESTION"", ""STEP_METION"", ""TOKEN_SELECTED"", ""MENTION_CREATED"", ""TOKEN_SELECTED"", ""TOKEN_SELECTED""]",TOKEN_SELECTED,train,llm_synthetic_expanded,1.0
llm_synth_expanded_886,synthetic,23,14,15,"[""PROCESS_START"", ""STEP_RELATIONS"", ""STEP_MENTION_SUGGESTION"", ""STEP_METION"", ""TOKEN_SELECTED"", ""MENTION_CREATED"", ""TOKEN_SELECTED"", ""MENTION_CREATED"", ""TOKEN_SELECTED"", ""TOKEN_SELECTED"", ""MENTION_SUGGESTION_REJECTED"", ""TOKEN_SELECTED"", ""TOKEN_SELECTED"", ""MENTION_CREATED"", ""TOKEN_SELECTED""]",TOKEN_SELECTED,train,llm_synthetic_expanded,0.8
llm_synth_expanded_740,synthetic,23,8,9,"[""PROCESS_START"", ""MENTION_CREATED"", ""TOKEN_SELECTED"", ""TOKEN_SELECTED"", ""MENTION_CREATED"", ""TOKEN_SELECTED"", ""TOKEN_SELECTED"", ""MENTION_CREATED"", ""TOKEN_SELECTED""]",TOKEN_SELECTED,train,llm_synthetic_expanded,0.8888888888888888
llm_synth_expanded_256,synthetic,23,16,17,"[""PROCESS_START"", ""STEP_MENTION_SUGGESTION"", ""STEP_METION"", ""TOKEN_SELECTED"", ""MENTION_DELETED"", ""TOKEN_SELECTED"", ""TOKEN_SELECTED"", ""MENTION_CREATED"", ""TOKEN_SELECTED"", ""TOKEN_SELECTED"", ""TOKEN_SELECTED"", ""MENTION_CREATED"", ""MENTION_SELECTED"", ""MENTION_SUGGESTION_BOUNDS_UPDATED"", ""MENTION_SUGGESTION_BOUNDS_UPDATED"", ""TOKEN_SELECTED"", ""MENTION_CREATED""]",TOKEN_SELECTED,train,llm_synthetic_expanded,0.9411764705882353
llm_synth_expanded_124,synthetic,41,14,15,"[""PROCESS_START"", ""TOKEN_SELECTED"", ""TOKEN_SELECTED"", ""TOKEN_SELECTED"", ""MENTION_CREATED"", ""TOKEN_SELECTED"", ""MENTION_CREATED"", ""TOKEN_SELECTED"", ""MENTION_CREATED"", ""TOKEN_SELECTED"", ""MENTION_CREATED"", ""TOKEN_SELECTED"", ""MENTION_CREATED"", ""TOKEN_SELECTED"", ""MENTION_CREATED""]",TOKEN_SELECTED,train,llm_synthetic_expanded,0.9333333333333333
llm_synth_expanded_18,synthetic,43,12,13,"[""PROCESS_START"", ""STEP_MENTION_SUGGESTION"", ""STEP_METION"", ""TOKEN_SELECTED"", ""MENTION_CREATED"", ""TOKEN_SELECTED"", ""TOKEN_SELECTED"", ""TOKEN_SELECTED"", ""MENTION_CREATED"", ""TOKEN_SELECTED"", ""MENTION_CREATED"", ""TOKEN_SELECTED"", ""TOKEN_SELECTED""]",TOKEN_SELECTED,train,llm_synthetic_expanded,1.0
llm_synth_expanded_124,synthetic,41,6,7,"[""PROCESS_START"", ""TOKEN_SELECTED"", ""TOKEN_SELECTED"", ""TOKEN_SELECTED"", ""MENTION_CREATED"", ""TOKEN_SELECTED"", ""MENTION_CREATED""]",TOKEN_SELECTED,train,llm_synthetic_expanded,0.8571428571428571
llm_synth_expanded_203,synthetic,33,1,2,"[""PROCESS_START"", ""MENTION_SELECTED""]",TOKEN_SELECTED,train,llm_synthetic_expanded,0.5
llm_synth_expanded_615,synthetic,33,10,11,"[""PROCESS_START"", ""STEP_MENTION_SUGGESTION"", ""STEP_METION"", ""TOKEN_SELECTED"", ""MENTION_CREATED"", ""TOKEN_SELECTED"", ""TOKEN_SELECTED"", ""TOKEN_SELECTED"", ""TOKEN_DESELECTED"", ""TOKEN_DESELECTED"", ""TOKEN_DESELECTED""]",TOKEN_SELECTED,train,llm_synthetic_expanded,1.0
llm_synth_expanded_100,synthetic,41,1,2,"[""PROCESS_START"", ""TOKEN_SELECTED""]",TOKEN_SELECTED,train,llm_synthetic_expanded,0.5
llm_synth_expanded_742,synthetic,23,4,5,"[""PROCESS_START"", ""TOKEN_SELECTED"", ""TOKEN_SELECTED"", ""MENTION_CREATED"", ""TOKEN_SELECTED""]",TOKEN_SELECTED,train,llm_synthetic_expanded,0.8
llm_synth_expanded_225,synthetic,25,14,15,"[""TOKEN_SELECTED"", ""TOKEN_SELECTED"", ""MENTION_CREATED"", ""TOKEN_SELECTED"", ""TOKEN_SELECTED"", ""MENTION_CREATED"", ""TOKEN_SELECTED"", ""TOKEN_SELECTED"", ""MENTION_CREATED"", ""TOKEN_SELECTED"", ""MENTION_CREATED"", ""TOKEN_SELECTED"", ""MENTION_CREATED"", ""TOKEN_SELECTED"", ""MENTION_CREATED""]",TOKEN_SELECTED,train,llm_synthetic_expanded,1.0
llm_synth_expanded_1009,synthetic,23,9,10,"[""PROCESS_START"", ""MENTION_CREATED"", ""TOKEN_SELECTED"", ""TOKEN_SELECTED"", ""TOKEN_DESELECTED"", ""TOKEN_SELECTED"", ""TOKEN_SELECTED"", ""TOKEN_DESELECTED"", ""TOKEN_SELECTED"", ""MENTION_CREATED""]",TOKEN_SELECTED,train,llm_synthetic_expanded,0.9
llm_synth_expanded_124,synthetic,41,12,13,"[""PROCESS_START"", ""TOKEN_SELECTED"", ""TOKEN_SELECTED"", ""TOKEN_SELECTED"", ""MENTION_CREATED"", ""TOKEN_SELECTED"", ""MENTION_CREATED"", ""TOKEN_SELECTED"", ""MENTION_CREATED"", ""TOKEN_SELECTED"", ""MENTION_CREATED"", ""TOKEN_SELECTED"", ""MENTION_CREATED""]",TOKEN_SELECTED,train,llm_synthetic_expanded,0.9230769230769231
llm_synth_expanded_1025,synthetic,41,3,4,"[""PROCESS_START"", ""STEP_MENTION_SUGGESTION"", ""STEP_METION"", ""TOKEN_SELECTED""]",TOKEN_SELECTED,train,llm_synthetic_expanded,1.0
llm_synth_expanded_742,synthetic,23,6,7,"[""PROCESS_START"", ""TOKEN_SELECTED"", ""TOKEN_SELECTED"", ""MENTION_CREATED"", ""TOKEN_SELECTED"", ""TOKEN_SELECTED"", ""MENTION_CREATED""]",TOKEN_SELECTED,train,llm_synthetic_expanded,0.8571428571428571
llm_synth_expanded_658,synthetic,23,2,3,"[""PROCESS_START"", ""MENTION_DELETED"", ""TOKEN_SELECTED""]",TOKEN_SELECTED,train,llm_synthetic_expanded,0.6666666666666666
llm_synth_expanded_74,synthetic,43,6,7,"[""MENTION_SUGGESTION_BOUNDS_UPDATED"", ""TOKEN_SELECTED"", ""TOKEN_SELECTED"", ""TOKEN_SELECTED"", ""MENTION_CREATED"", ""TOKEN_SELECTED"", ""MENTION_CREATED""]",TOKEN_SELECTED,train,llm_synthetic_expanded,1.0
llm_synth_expanded_890,synthetic,23,23,24,"[""PROCESS_START"", ""STEP_RELATIONS"", ""STEP_MENTION_SUGGESTION"", ""STEP_METION"", ""TOKEN_SELECTED"", ""MENTION_CREATED"", ""TOKEN_SELECTED"", ""MENTION_CREATED"", ""TOKEN_SELECTED"", ""TOKEN_SELECTED"", ""MENTION_SUGGESTION_REJECTED"", ""TOKEN_SELECTED"", ""TOKEN_SELECTED"", ""MENTION_CREATED"", ""TOKEN_SELECTED"", ""TOKEN_SELECTED"", ""MENTION_CREATED"", ""TOKEN_SELECTED"", ""TOKEN_SELECTED"", ""MENTION_CREATED"", ""TOKEN_SELECTED"", ""TOKEN_SELECTED"", ""MENTION_CREATED"", ""TOKEN_SELECTED""]",TOKEN_SELECTED,train,llm_synthetic_expanded,0.875
llm_synth_expanded_225,synthetic,25,8,9,"[""TOKEN_SELECTED"", ""TOKEN_SELECTED"", ""MENTION_CREATED"", ""TOKEN_SELECTED"", ""TOKEN_SELECTED"", ""MENTION_CREATED"", ""TOKEN_SELECTED"", ""TOKEN_SELECTED"", ""MENTION_CREATED""]",TOKEN_SELECTED,train,llm_synthetic_expanded,1.0
llm_synth_expanded_768,synthetic,33,5,6,"[""PROCESS_START"", ""ENTITY_GROUPED"", ""STEP_RELATION_SUGGESTION"", ""STEP_METION"", ""MENTION_SUGGESTION_ACCEPTED"", ""TOKEN_SELECTED""]",TOKEN_SELECTED,train,llm_synthetic_expanded,0.5
llm_synth_expanded_506,synthetic,31,4,5,"[""PROCESS_START"", ""STEP_MENTION_SUGGESTION"", ""STEP_METION"", ""TOKEN_SELECTED"", ""TOKEN_SELECTED""]",TOKEN_SELECTED,train,llm_synthetic_expanded,1.0
llm_synth_expanded_991,synthetic,11,6,7,"[""TOKEN_SELECTED"", ""MENTION_CREATED"", ""TOKEN_SELECTED"", ""TOKEN_SELECTED"", ""MENTION_CREATED"", ""TOKEN_SELECTED"", ""TOKEN_SELECTED""]",TOKEN_SELECTED,train,llm_synthetic_expanded,1.0
llm_synth_expanded_1229,synthetic,25,15,16,"[""PROCESS_START"", ""STEP_MENTION_SUGGESTION"", ""STEP_METION"", ""TOKEN_SELECTED"", ""TOKEN_SELECTED"", ""MENTION_CREATED"", ""TOKEN_SELECTED"", ""TOKEN_SELECTED"", ""MENTION_CREATED"", ""TOKEN_SELECTED"", ""TOKEN_SELECTED"", ""MENTION_CREATED"", ""TOKEN_SELECTED"", ""TOKEN_SELECTED"", ""MENTION_CREATED"", ""TOKEN_SELECTED""]",TOKEN_SELECTED,train,llm_synthetic_expanded,1.0
llm_synth_expanded_320,synthetic,33,11,12,"[""MENTION_CREATED"", ""MENTION_SELECTED"", ""MENTION_DELETED"", ""TOKEN_SELECTED"", ""TOKEN_SELECTED"", ""MENTION_CREATED"", ""TOKEN_SELECTED"", ""TOKEN_SELECTED"", ""TOKEN_DESELECTED"", ""TOKEN_DESELECTED"", ""TOKEN_SELECTED"", ""MENTION_CREATED""]",TOKEN_SELECTED,train,llm_synthetic_expanded,1.0
llm_synth_expanded_885,synthetic,23,10,11,"[""PROCESS_START"", ""STEP_RELATIONS"", ""STEP_MENTION_SUGGESTION"", ""STEP_METION"", ""TOKEN_SELECTED"", ""MENTION_CREATED"", ""TOKEN_SELECTED"", ""MENTION_CREATED"", ""TOKEN_SELECTED"", ""TOKEN_SELECTED"", ""MENTION_SUGGESTION_REJECTED""]",TOKEN_SELECTED,train,llm_synthetic_expanded,0.7272727272727273
llm_synth_expanded_1174,synthetic,31,14,15,"[""PROCESS_START"", ""STEP_MENTION_SUGGESTION"", ""STEP_METION"", ""TOKEN_SELECTED"", ""TOKEN_SELECTED"", ""MENTION_CREATED"", ""TOKEN_SELECTED"", ""TOKEN_SELECTED"", ""MENTION_CREATED"", ""TOKEN_SELECTED"", ""TOKEN_SELECTED"", ""MENTION_CREATED"", ""TOKEN_SELECTED"", ""TOKEN_SELECTED"", ""MENTION_CREATED""]",TOKEN_SELECTED,train,llm_synthetic_expanded,1.0
llm_synth_expanded_949,synthetic,33,16,17,"[""PROCESS_START"", ""STEP_MENTION_SUGGESTION"", ""STEP_METION"", ""TOKEN_SELECTED"", ""TOKEN_SELECTED"", ""MENTION_CREATED"", ""TOKEN_SELECTED"", ""MENTION_CREATED"", ""TOKEN_SELECTED"", ""TOKEN_SELECTED"", ""MENTION_CREATED"", ""TOKEN_SELECTED"", ""MENTION_CREATED"", ""TOKEN_SELECTED"", ""TOKEN_SELECTED"", ""MENTION_SUGGESTION_ACCEPTED"", ""TOKEN_SELECTED""]",TOKEN_SELECTED,train,llm_synthetic_expanded,1.0
llm_synth_expanded_658,synthetic,23,7,8,"[""PROCESS_START"", ""MENTION_DELETED"", ""TOKEN_SELECTED"", ""TOKEN_SELECTED"", ""TOKEN_SELECTED"", ""TOKEN_DESELECTED"", ""TOKEN_DESELECTED"", ""TOKEN_DESELECTED""]",TOKEN_SELECTED,train,llm_synthetic_expanded,0.875
llm_synth_expanded_125,synthetic,41,5,6,"[""PROCESS_START"", ""TOKEN_SELECTED"", ""MENTION_SELECTED"", ""RELATION_CREATED"", ""MENTION_SELECTED"", ""MENTION_DESELECTED""]",TOKEN_SELECTED,train,llm_synthetic_expanded,0.8333333333333334
llm_synth_expanded_1054,synthetic,43,1,2,"[""TOKEN_SELECTED"", ""TOKEN_SELECTED""]",TOKEN_SELECTED,train,llm_synthetic_expanded,1.0
llm_synth_expanded_124,synthetic,41,8,9,"[""PROCESS_START"", ""TOKEN_SELECTED"", ""TOKEN_SELECTED"", ""TOKEN_SELECTED"", ""MENTION_CREATED"", ""TOKEN_SELECTED"", ""MENTION_CREATED"", ""TOKEN_SELECTED"", ""MENTION_CREATED""]",TOKEN_SELECTED,train,llm_synthetic_expanded,0.8888888888888888
llm_synth_expanded_548,synthetic,25,13,14,"[""PROCESS_START"", ""STEP_RELATIONS"", ""RELATION_SUGGESTION_MARKED"", ""TOKEN_SELECTED"", ""TOKEN_SELECTED"", ""MENTION_CREATED"", ""TOKEN_SELECTED"", ""TOKEN_SELECTED"", ""MENTION_CREATED"", ""TOKEN_SELECTED"", ""TOKEN_SELECTED"", ""TOKEN_SELECTED"", ""MENTION_CREATED"", ""TOKEN_SELECTED""]",TOKEN_SELECTED,train,llm_synthetic_expanded,0.7857142857142857
llm_synth_expanded_562,synthetic,23,2,3,"[""PROCESS_START"", ""ENTITY_GROUPED"", ""TOKEN_SELECTED""]",TOKEN_SELECTED,train,llm_synthetic_expanded,0.6666666666666666
llm_synth_expanded_1246,synthetic,21,12,13,"[""PROCESS_START"", ""STEP_MENTION_SUGGESTION"", ""STEP_METION"", ""TOKEN_SELECTED"", ""MENTION_CREATED"", ""TOKEN_SELECTED"", ""MENTION_CREATED"", ""TOKEN_SELECTED"", ""MENTION_CREATED"", ""TOKEN_SELECTED"", ""TOKEN_SELECTED"", ""MENTION_SUGGESTION_ACCEPTED"", ""TOKEN_SELECTED""]",TOKEN_SELECTED,train,llm_synthetic_expanded,1.0
llm_synth_expanded_561,synthetic,23,2,3,"[""PROCESS_START"", ""MENTION_SUGGESTION_REJECTED"", ""TOKEN_SELECTED""]",TOKEN_SELECTED,train,llm_synthetic_expanded,0.6666666666666666
llm_synth_expanded_548,synthetic,25,6,7,"[""PROCESS_START"", ""STEP_RELATIONS"", ""RELATION_SUGGESTION_MARKED"", ""TOKEN_SELECTED"", ""TOKEN_SELECTED"", ""MENTION_CREATED"", ""TOKEN_SELECTED""]",TOKEN_SELECTED,train,llm_synthetic_expanded,0.5714285714285714
llm_synth_expanded_153,synthetic,22,3,4,"[""PROCESS_START"", ""TOKEN_SELECTED"", ""TOKEN_SELECTED"", ""MENTION_CREATED""]",TOKEN_SELECTED,train,llm_synthetic_expanded,0.75
llm_synth_expanded_124,synthetic,41,4,5,"[""PROCESS_START"", ""TOKEN_SELECTED"", ""TOKEN_SELECTED"", ""TOKEN_SELECTED"", ""MENTION_CREATED""]",TOKEN_SELECTED,train,llm_synthetic_expanded,0.8
llm_synth_expanded_1024,synthetic,41,4,5,"[""PROCESS_START"", ""STEP_RELATIONS"", ""RELATION_DELETED"", ""TOKEN_SELECTED"", ""TOKEN_SELECTED""]",TOKEN_SELECTED,train,llm_synthetic_expanded,0.4
llm_synth_expanded_653,synthetic,23,9,10,"[""PROCESS_START"", ""MENTION_CREATED"", ""TOKEN_SELECTED"", ""MENTION_CREATED"", ""TOKEN_SELECTED"", ""TOKEN_SELECTED"", ""MENTION_CREATED"", ""TOKEN_SELECTED"", ""TOKEN_SELECTED"", ""MENTION_CREATED""]",TOKEN_SELECTED,train,llm_synthetic_expanded,0.9
llm_synth_expanded_715,synthetic,33,13,14,"[""PROCESS_START"", ""STEP_MENTION_SUGGESTION"", ""STEP_METION"", ""TOKEN_SELECTED"", ""MENTION_CREATED"", ""TOKEN_SELECTED"", ""TOKEN_SELECTED"", ""TOKEN_SELECTED"", ""TOKEN_DESELECTED"", ""TOKEN_DESELECTED"", ""TOKEN_DESELECTED"", ""TOKEN_SELECTED"", ""TOKEN_SELECTED"", ""MENTION_CREATED""]",TOKEN_SELECTED,train,llm_synthetic_expanded,1.0
llm_synth_expanded_76,synthetic,43,10,11,"[""PROCESS_START"", ""STEP_MENTION_SUGGESTION"", ""STEP_METION"", ""TOKEN_SELECTED"", ""MENTION_CREATED"", ""TOKEN_SELECTED"", ""MENTION_CREATED"", ""TOKEN_SELECTED"", ""MENTION_CREATED"", ""TOKEN_SELECTED"", ""TOKEN_SELECTED""]",TOKEN_SELECTED,train,llm_synthetic_expanded,1.0
llm_synth_expanded_888,synthetic,23,20,21,"[""PROCESS_START"", ""STEP_RELATIONS"", ""STEP_MENTION_SUGGESTION"", ""STEP_METION"", ""TOKEN_SELECTED"", ""MENTION_CREATED"", ""TOKEN_SELECTED"", ""MENTION_CREATED"", ""TOKEN_SELECTED"", ""TOKEN_SELECTED"", ""MENTION_SUGGESTION_REJECTED"", ""TOKEN_SELECTED"", ""TOKEN_SELECTED"", ""MENTION_CREATED"", ""TOKEN_SELECTED"", ""TOKEN_SELECTED"", ""MENTION_CREATED"", ""TOKEN_SELECTED"", ""TOKEN_SELECTED"", ""MENTION_CREATED"", ""TOKEN_SELECTED""]",TOKEN_SELECTED,train,llm_synthetic_expanded,0.8571428571428571
llm_synth_expanded_393,synthetic,23,3,4,"[""PROCESS_START"", ""STEP_RELATIONS"", ""RELATION_CREATED"", ""TOKEN_SELECTED""]",TOKEN_SELECTED,train,llm_synthetic_expanded,0.5
llm_synth_expanded_773,synthetic,33,4,5,"[""PROCESS_START"", ""ENTITY_GROUPED"", ""STEP_RELATION_SUGGESTION"", ""STEP_METION"", ""MENTION_SUGGESTION_REJECTED""]",TOKEN_SELECTED,train,llm_synthetic_expanded,0.4
llm_synth_expanded_574,synthetic,41,8,9,"[""PROCESS_START"", ""STEP_MENTION_SUGGESTION"", ""STEP_METION"", ""TOKEN_SELECTED"", ""MENTION_CREATED"", ""TOKEN_SELECTED"", ""TOKEN_SELECTED"", ""TOKEN_SELECTED"", ""MENTION_SUGGESTION_ACCEPTED""]",TOKEN_SELECTED,train,llm_synthetic_expanded,1.0
llm_synth_expanded_1140,synthetic,13,2,3,"[""PROCESS_START"", ""STEP_RELATION_SUGGESTION"", ""STEP_RELATIONS""]",TOKEN_SELECTED,train,llm_synthetic_expanded,0.6666666666666666
llm_synth_expanded_867,synthetic,43,10,11,"[""TOKEN_SELECTED"", ""MENTION_CREATED"", ""TOKEN_SELECTED"", ""MENTION_CREATED"", ""TOKEN_SELECTED"", ""MENTION_CREATED"", ""TOKEN_SELECTED"", ""MENTION_CREATED"", ""TOKEN_SELECTED"", ""TOKEN_SELECTED"", ""MENTION_CREATED""]",TOKEN_SELECTED,train,llm_synthetic_expanded,1.0
llm_synth_expanded_1023,synthetic,41,4,5,"[""PROCESS_START"", ""STEP_ENTITIES"", ""ENTITY_GROUPED"", ""TOKEN_SELECTED"", ""TOKEN_SELECTED""]",TOKEN_SELECTED,train,llm_synthetic_expanded,0.6
llm_synth_expanded_740,synthetic,23,5,6,"[""PROCESS_START"", ""MENTION_CREATED"", ""TOKEN_SELECTED"", ""TOKEN_SELECTED"", ""MENTION_CREATED"", ""TOKEN_SELECTED""]",TOKEN_SELECTED,train,llm_synthetic_expanded,0.8333333333333334
llm_synth_expanded_886,synthetic,23,13,14,"[""PROCESS_START"", ""STEP_RELATIONS"", ""STEP_MENTION_SUGGESTION"", ""STEP_METION"", ""TOKEN_SELECTED"", ""MENTION_CREATED"", ""TOKEN_SELECTED"", ""MENTION_CREATED"", ""TOKEN_SELECTED"", ""TOKEN_SELECTED"", ""MENTION_SUGGESTION_REJECTED"", ""TOKEN_SELECTED"", ""TOKEN_SELECTED"", ""MENTION_CREATED""]",TOKEN_SELECTED,train,llm_synthetic_expanded,0.7857142857142857
llm_synth_expanded_325,synthetic,33,16,17,"[""TOKEN_SELECTED"", ""MENTION_CREATED"", ""TOKEN_SELECTED"", ""TOKEN_SELECTED"", ""MENTION_CREATED"", ""TOKEN_SELECTED"", ""TOKEN_SELECTED"", ""MENTION_CREATED"", ""TOKEN_SELECTED"", ""TOKEN_SELECTED"", ""MENTION_CREATED"", ""TOKEN_SELECTED"", ""TOKEN_SELECTED"", ""MENTION_CREATED"", ""TOKEN_SELECTED"", ""TOKEN_SELECTED"", ""MENTION_CREATED""]",TOKEN_SELECTED,train,llm_synthetic_expanded,1.0
llm_synth_expanded_320,synthetic,33,3,4,"[""MENTION_CREATED"", ""MENTION_SELECTED"", ""MENTION_DELETED"", ""TOKEN_SELECTED""]",TOKEN_SELECTED,train,llm_synthetic_expanded,1.0
llm_synth_expanded_325,synthetic,33,19,20,"[""TOKEN_SELECTED"", ""MENTION_CREATED"", ""TOKEN_SELECTED"", ""TOKEN_SELECTED"", ""MENTION_CREATED"", ""TOKEN_SELECTED"", ""TOKEN_SELECTED"", ""MENTION_CREATED"", ""TOKEN_SELECTED"", ""TOKEN_SELECTED"", ""MENTION_CREATED"", ""TOKEN_SELECTED"", ""TOKEN_SELECTED"", ""MENTION_CREATED"", ""TOKEN_SELECTED"", ""TOKEN_SELECTED"", ""MENTION_CREATED"", ""TOKEN_SELECTED"", ""TOKEN_SELECTED"", ""MENTION_CREATED""]",TOKEN_SELECTED,train,llm_synthetic_expanded,1.0
llm_synth_expanded_1046,synthetic,11,8,9,"[""MENTION_CREATED"", ""TOKEN_SELECTED"", ""TOKEN_DESELECTED"", ""TOKEN_SELECTED"", ""MENTION_CREATED"", ""TOKEN_SELECTED"", ""MENTION_CREATED"", ""TOKEN_SELECTED"", ""TOKEN_DESELECTED""]",TOKEN_SELECTED,train,llm_synthetic_expanded,1.0
llm_synth_expanded_256,synthetic,23,4,5,"[""PROCESS_START"", ""STEP_MENTION_SUGGESTION"", ""STEP_METION"", ""TOKEN_SELECTED"", ""MENTION_DELETED""]",TOKEN_SELECTED,train,llm_synthetic_expanded,0.8
llm_synth_expanded_1058,synthetic,13,9,10,"[""PROCESS_START"", ""STEP_MENTION_SUGGESTION"", ""STEP_METION"", ""TOKEN_SELECTED"", ""MENTION_CREATED"", ""TOKEN_SELECTED"", ""MENTION_CREATED"", ""TOKEN_SELECTED"", ""TOKEN_SELECTED"", ""TOKEN_SELECTED""]",TOKEN_SELECTED,train,llm_synthetic_expanded,1.0
llm_synth_expanded_225,synthetic,25,6,7,"[""TOKEN_SELECTED"", ""TOKEN_SELECTED"", ""MENTION_CREATED"", ""TOKEN_SELECTED"", ""TOKEN_SELECTED"", ""MENTION_CREATED"", ""TOKEN_SELECTED""]",TOKEN_SELECTED,train,llm_synthetic_expanded,1.0
llm_synth_expanded_991,synthetic,11,9,10,"[""TOKEN_SELECTED"", ""MENTION_CREATED"", ""TOKEN_SELECTED"", ""TOKEN_SELECTED"", ""MENTION_CREATED"", ""TOKEN_SELECTED"", ""TOKEN_SELECTED"", ""TOKEN_SELECTED"", ""MENTION_CREATED"", ""TOKEN_SELECTED""]",TOKEN_SELECTED,train,llm_synthetic_expanded,1.0
llm_synth_expanded_626,synthetic,11,1,2,"[""PROCESS_START"", ""TOKEN_SELECTED""]",TOKEN_SELECTED,train,llm_synthetic_expanded,0.5
llm_synth_expanded_310,synthetic,23,7,8,"[""PROCESS_START"", ""STEP_RELATIONS"", ""STEP_RELATION_SUGGESTION"", ""STEP_METION"", ""TOKEN_SELECTED"", ""TOKEN_SELECTED"", ""MENTION_CREATED"", ""TOKEN_SELECTED""]",TOKEN_SELECTED,train,llm_synthetic_expanded,0.625
llm_synth_expanded_1255,synthetic,23,10,11,"[""PROCESS_START"", ""STEP_MENTION_SUGGESTION"", ""STEP_METION"", ""TOKEN_SELECTED"", ""MENTION_CREATED"", ""TOKEN_SELECTED"", ""MENTION_CREATED"", ""TOKEN_SELECTED"", ""TOKEN_SELECTED"", ""TOKEN_SELECTED"", ""MENTION_CREATED""]",TOKEN_SELECTED,train,llm_synthetic_expanded,1.0
llm_synth_expanded_76,synthetic,43,9,10,"[""PROCESS_START"", ""STEP_MENTION_SUGGESTION"", ""STEP_METION"", ""TOKEN_SELECTED"", ""MENTION_CREATED"", ""TOKEN_SELECTED"", ""MENTION_CREATED"", ""TOKEN_SELECTED"", ""MENTION_CREATED"", ""TOKEN_SELECTED""]",TOKEN_SELECTED,train,llm_synthetic_expanded,1.0
llm_synth_expanded_562,synthetic,23,1,2,"[""PROCESS_START"", ""ENTITY_GROUPED""]",TOKEN_SELECTED,train,llm_synthetic_expanded,0.5
llm_synth_expanded_171,synthetic,24,14,15,"[""PROCESS_START"", ""MENTION_CREATED"", ""TOKEN_SELECTED"", ""TOKEN_SELECTED"", ""MENTION_CREATED"", ""TOKEN_SELECTED"", ""TOKEN_SELECTED"", ""MENTION_CREATED"", ""TOKEN_SELECTED"", ""TOKEN_SELECTED"", ""MENTION_CREATED"", ""TOKEN_SELECTED"", ""TOKEN_SELECTED"", ""MENTION_CREATED"", ""TOKEN_SELECTED""]",TOKEN_SELECTED,train,llm_synthetic_expanded,0.9333333333333333
llm_synth_expanded_256,synthetic,23,18,19,"[""PROCESS_START"", ""STEP_MENTION_SUGGESTION"", ""STEP_METION"", ""TOKEN_SELECTED"", ""MENTION_DELETED"", ""TOKEN_SELECTED"", ""TOKEN_SELECTED"", ""MENTION_CREATED"", ""TOKEN_SELECTED"", ""TOKEN_SELECTED"", ""TOKEN_SELECTED"", ""MENTION_CREATED"", ""MENTION_SELECTED"", ""MENTION_SUGGESTION_BOUNDS_UPDATED"", ""MENTION_SUGGESTION_BOUNDS_UPDATED"", ""TOKEN_SELECTED"", ""MENTION_CREATED"", ""TOKEN_SELECTED"", ""MENTION_CREATED""]",TOKEN_SELECTED,train,llm_synthetic_expanded,0.9473684210526315
llm_synth_expanded_766,synthetic,33,4,5,"[""PROCESS_START"", ""STEP_ENTITIES"", ""STEP_RELATION_SUGGESTION"", ""STEP_METION"", ""MENTION_SUGGESTION_ACCEPTED""]",TOKEN_SELECTED,train,llm_synthetic_expanded,0.4
llm_synth_expanded_1027,synthetic,41,4,5,"[""PROCESS_START"", ""STEP_RELATIONS"", ""RELATION_TYPE_UPDATED"", ""TOKEN_SELECTED"", ""TOKEN_SELECTED""]",TOKEN_SELECTED,train,llm_synthetic_expanded,0.4
llm_synth_expanded_256,synthetic,23,8,9,"[""PROCESS_START"", ""STEP_MENTION_SUGGESTION"", ""STEP_METION"", ""TOKEN_SELECTED"", ""MENTION_DELETED"", ""TOKEN_SELECTED"", ""TOKEN_SELECTED"", ""MENTION_CREATED"", ""TOKEN_SELECTED""]",TOKEN_SELECTED,train,llm_synthetic_expanded,0.8888888888888888
llm_synth_expanded_1012,synthetic,13,16,17,"[""MENTION_SELECTED"", ""MENTION_SELECTED"", ""ENTITY_GROUPED"", ""MENTION_DESELECTED"", ""MENTION_DESELECTED"", ""STEP_RELATION_SUGGESTION"", ""STEP_RELATIONS"", ""MENTION_SELECTED"", ""MENTION_SELECTED"", ""MENTION_SELECTED"", ""STEP_RELATION_SUGGESTION"", ""STEP_RELATIONS"", ""MENTION_SELECTED"", ""MENTION_SELECTED"", ""RELATION_CREATED"", ""MENTION_SELECTED"", ""MENTION_SELECTED""]",UNDO_ACTION,train,llm_synthetic_expanded,0.9411764705882353
llm_synth_expanded_339,synthetic,44,18,19,"[""PROCESS_START"", ""TOKEN_SELECTED"", ""TOKEN_SELECTED"", ""TOKEN_SELECTED"", ""MENTION_CREATED"", ""STEP_ENTITIES"", ""MENTION_SELECTED"", ""MENTION_SELECTED"", ""MENTION_SELECTED"", ""ENTITY_GROUPED"", ""MENTION_SELECTED"", ""MENTION_SELECTED"", ""MENTION_SELECTED"", ""ENTITY_GROUPED"", ""STEP_RELATION_SUGGESTION"", ""RELATION_SUGGESTION_REJECTED"", ""RELATION_SUGGESTION_REJECTED"", ""RELATION_SUGGESTION_ACCEPTED"", ""RELATION_SUGGESTION_ACCEPTED""]",UNDO_ACTION,train,llm_synthetic_expanded,0.9473684210526315
llm_synth_expanded_1010,synthetic,13,16,17,"[""MENTION_SELECTED"", ""MENTION_SELECTED"", ""ENTITY_GROUPED"", ""MENTION_DESELECTED"", ""MENTION_SELECTED"", ""MENTION_SELECTED"", ""MENTION_DESELECTED"", ""ENTITY_GROUPED"", ""MENTION_DESELECTED"", ""MENTION_DESELECTED"", ""STEP_RELATION_SUGGESTION"", ""STEP_RELATIONS"", ""MENTION_SELECTED"", ""MENTION_SELECTED"", ""RELATION_CREATED"", ""MENTION_SELECTED"", ""MENTION_SELECTED""]",UNDO_ACTION,train,llm_synthetic_expanded,0.9411764705882353
llm_synth_expanded_338,synthetic,44,18,19,"[""PROCESS_START"", ""MENTION_CREATED"", ""TOKEN_SELECTED"", ""MENTION_CREATED"", ""TOKEN_SELECTED"", ""TOKEN_SELECTED"", ""MENTION_CREATED"", ""STEP_ENTITIES"", ""MENTION_SELECTED"", ""MENTION_SELECTED"", ""MENTION_SELECTED"", ""ENTITY_GROUPED"", ""MENTION_SELECTED"", ""MENTION_SELECTED"", ""ENTITY_GROUPED"", ""STEP_RELATION_SUGGESTION"", ""RELATION_SUGGESTION_REJECTED"", ""RELATION_SUGGESTION_REJECTED"", ""RELATION_SUGGESTION_ACCEPTED""]",UNDO_ACTION,train,llm_synthetic_expanded,0.9473684210526315
llm_synth_expanded_1013,synthetic,13,18,19,"[""MENTION_SELECTED"", ""MENTION_SELECTED"", ""MENTION_DESELECTED"", ""MENTION_SELECTED"", ""MENTION_SELECTED"", ""ENTITY_GROUPED"", ""MENTION_DESELECTED"", ""MENTION_DESELECTED"", ""MENTION_DESELECTED"", ""ENTITY_GROUPED"", ""MENTION_DESELECTED"", ""MENTION_DESELECTED"", ""STEP_RELATION_SUGGESTION"", ""STEP_RELATIONS"", ""MENTION_SELECTED"", ""MENTION_SELECTED"", ""RELATION_CREATED"", ""MENTION_SELECTED"", ""MENTION_SELECTED""]",UNDO_ACTION,train,llm_synthetic_expanded,0.9473684210526315
